step,lr,train_loss,val_loss,tokens_per_sec
0,1.500e-07,11.5031,,
1,3.000e-07,11.5007,,
2,4.500e-07,11.4896,,
3,6.000e-07,11.4798,,
4,7.500e-07,11.4578,,
5,9.000e-07,11.4385,,
6,1.050e-06,11.4090,,
7,1.200e-06,11.3796,,
8,1.350e-06,11.3367,,
9,1.500e-06,11.2824,,
10,1.650e-06,11.2265,,
11,1.800e-06,11.1563,,
12,1.950e-06,11.0603,,
13,2.100e-06,10.9721,,
14,2.250e-06,10.8929,,
15,2.400e-06,10.8255,,
16,2.550e-06,10.7928,,
17,2.700e-06,10.7147,,
18,2.850e-06,10.6702,,
19,3.000e-06,10.6108,,
20,3.150e-06,10.5795,,
21,3.300e-06,10.5245,,
22,3.450e-06,10.4973,,
23,3.600e-06,10.4537,,
24,3.750e-06,10.4226,,
25,3.900e-06,10.3709,,
26,4.050e-06,10.3489,,
27,4.200e-06,10.3117,,
28,4.350e-06,10.2893,,
29,4.500e-06,10.2665,,
30,4.650e-06,10.2361,,
31,4.800e-06,10.1990,,
32,4.950e-06,10.1881,,
33,5.100e-06,10.1395,,
34,5.250e-06,10.1234,,
35,5.400e-06,10.1091,,
36,5.550e-06,10.0668,,
37,5.700e-06,10.0578,,
38,5.850e-06,10.0166,,
39,6.000e-06,10.0283,,
40,6.150e-06,9.9847,,
41,6.300e-06,9.9744,,
42,6.450e-06,9.9360,,
43,6.600e-06,9.9457,,
44,6.750e-06,9.9189,,
45,6.900e-06,9.8535,,
46,7.050e-06,9.8692,,
47,7.200e-06,9.8314,,
48,7.350e-06,9.8136,,
49,7.500e-06,9.7991,,
50,7.650e-06,9.7824,,
51,7.800e-06,9.7857,,
52,7.950e-06,9.7250,,
53,8.100e-06,9.6911,,
54,8.250e-06,9.6862,,
55,8.400e-06,9.6816,,
56,8.550e-06,9.6418,,
57,8.700e-06,9.6265,,
58,8.850e-06,9.6219,,
59,9.000e-06,9.5942,,
60,9.150e-06,9.5190,,
61,9.300e-06,9.5279,,
62,9.450e-06,9.5212,,
63,9.600e-06,9.5157,,
64,9.750e-06,9.4660,,
65,9.900e-06,9.4455,,
66,1.005e-05,9.4502,,
67,1.020e-05,9.4121,,
68,1.035e-05,9.3999,,
69,1.050e-05,9.4064,,
70,1.065e-05,9.3771,,
71,1.080e-05,9.3338,,
72,1.095e-05,9.3536,,
73,1.110e-05,9.3356,,
74,1.125e-05,9.2724,,
75,1.140e-05,9.2645,,
76,1.155e-05,9.2448,,
77,1.170e-05,9.2097,,
78,1.185e-05,9.2165,,
79,1.200e-05,9.1651,,
80,1.215e-05,9.1707,,
81,1.230e-05,9.1932,,
82,1.245e-05,9.1375,,
83,1.260e-05,9.1385,,
84,1.275e-05,9.1340,,
85,1.290e-05,9.0808,,
86,1.305e-05,9.0809,,
87,1.320e-05,9.0730,,
88,1.335e-05,9.0669,,
89,1.350e-05,9.0134,,
90,1.365e-05,9.0278,,
91,1.380e-05,8.9844,,
92,1.395e-05,8.9611,,
93,1.410e-05,8.9266,,
94,1.425e-05,8.9350,,
95,1.440e-05,8.9114,,
96,1.455e-05,8.8779,,
97,1.470e-05,8.9144,,
98,1.485e-05,8.8516,,
99,1.500e-05,8.8670,,
100,1.515e-05,8.8209,8.681065225601197,
101,1.530e-05,8.8199,,
102,1.545e-05,8.7862,,
103,1.560e-05,8.7706,,
104,1.575e-05,8.7544,,
105,1.590e-05,8.7474,,
106,1.605e-05,8.7220,,
107,1.620e-05,8.6893,,
108,1.635e-05,8.6945,,
109,1.650e-05,8.6790,,
110,1.665e-05,8.6555,,
111,1.680e-05,8.6388,,
112,1.695e-05,8.6366,,
113,1.710e-05,8.6246,,
114,1.725e-05,8.6172,,
115,1.740e-05,8.5936,,
116,1.755e-05,8.5937,,
117,1.770e-05,8.5839,,
118,1.785e-05,8.5510,,
119,1.800e-05,8.5198,,
120,1.815e-05,8.5391,,
121,1.830e-05,8.5023,,
122,1.845e-05,8.4791,,
123,1.860e-05,8.4844,,
124,1.875e-05,8.4661,,
125,1.890e-05,8.4304,,
126,1.905e-05,8.4440,,
127,1.920e-05,8.4570,,
128,1.935e-05,8.4570,,
129,1.950e-05,8.3830,,
130,1.965e-05,8.3631,,
131,1.980e-05,8.3755,,
132,1.995e-05,8.3758,,
133,2.010e-05,8.3417,,
134,2.025e-05,8.3606,,
135,2.040e-05,8.3238,,
136,2.055e-05,8.3188,,
137,2.070e-05,8.3172,,
138,2.085e-05,8.2908,,
139,2.100e-05,8.3014,,
140,2.115e-05,8.2477,,
141,2.130e-05,8.2328,,
142,2.145e-05,8.2289,,
143,2.160e-05,8.2069,,
144,2.175e-05,8.2161,,
145,2.190e-05,8.2070,,
146,2.205e-05,8.1878,,
147,2.220e-05,8.1694,,
148,2.235e-05,8.1699,,
149,2.250e-05,8.1365,,
150,2.265e-05,8.1354,,
151,2.280e-05,8.1616,,
152,2.295e-05,8.1317,,
153,2.310e-05,8.1084,,
154,2.325e-05,8.0583,,
155,2.340e-05,8.0796,,
156,2.355e-05,8.0913,,
157,2.370e-05,8.0775,,
158,2.385e-05,8.0340,,
159,2.400e-05,8.0526,,
160,2.415e-05,8.0065,,
161,2.430e-05,7.9943,,
162,2.445e-05,8.0243,,
163,2.460e-05,7.9873,,
164,2.475e-05,7.9761,,
165,2.490e-05,8.0127,,
166,2.505e-05,7.9570,,
167,2.520e-05,7.9399,,
168,2.535e-05,7.9416,,
169,2.550e-05,7.9277,,
170,2.565e-05,7.9105,,
171,2.580e-05,7.9191,,
172,2.595e-05,7.8843,,
173,2.610e-05,7.8905,,
174,2.625e-05,7.8486,,
175,2.640e-05,7.8892,,
176,2.655e-05,7.7809,,
177,2.670e-05,7.8205,,
178,2.685e-05,7.8490,,
179,2.700e-05,7.7996,,
180,2.715e-05,7.7925,,
181,2.730e-05,7.7936,,
182,2.745e-05,7.7761,,
183,2.760e-05,7.7706,,
184,2.775e-05,7.7311,,
185,2.790e-05,7.7956,,
186,2.805e-05,7.7132,,
187,2.820e-05,7.7065,,
188,2.835e-05,7.7136,,
189,2.850e-05,7.7042,,
190,2.865e-05,7.6636,,
191,2.880e-05,7.6911,,
192,2.895e-05,7.6538,,
193,2.910e-05,7.6646,,
194,2.925e-05,7.6479,,
195,2.940e-05,7.6593,,
196,2.955e-05,7.6085,,
197,2.970e-05,7.6224,,
198,2.985e-05,7.5947,,
199,3.000e-05,7.5847,,
200,3.015e-05,7.5729,7.484756064414978,
201,3.030e-05,7.5653,,
202,3.045e-05,7.5699,,
203,3.060e-05,7.5388,,
204,3.075e-05,7.5466,,
205,3.090e-05,7.5362,,
206,3.105e-05,7.4984,,
207,3.120e-05,7.5135,,
208,3.135e-05,7.5233,,
209,3.150e-05,7.4746,,
210,3.165e-05,7.4566,,
211,3.180e-05,7.4978,,
212,3.195e-05,7.4963,,
213,3.210e-05,7.4925,,
214,3.225e-05,7.4741,,
215,3.240e-05,7.4454,,
216,3.255e-05,7.4752,,
217,3.270e-05,7.4193,,
218,3.285e-05,7.4079,,
219,3.300e-05,7.3666,,
220,3.315e-05,7.4008,,
221,3.330e-05,7.3342,,
222,3.345e-05,7.4195,,
223,3.360e-05,7.3580,,
224,3.375e-05,7.3538,,
225,3.390e-05,7.3715,,
226,3.405e-05,7.3370,,
227,3.420e-05,7.3098,,
228,3.435e-05,7.3102,,
229,3.450e-05,7.2950,,
230,3.465e-05,7.3051,,
231,3.480e-05,7.3109,,
232,3.495e-05,7.2945,,
233,3.510e-05,7.2531,,
234,3.525e-05,7.2535,,
235,3.540e-05,7.2493,,
236,3.555e-05,7.2495,,
237,3.570e-05,7.2761,,
238,3.585e-05,7.2375,,
239,3.600e-05,7.2382,,
240,3.615e-05,7.2174,,
241,3.630e-05,7.1598,,
242,3.645e-05,7.2046,,
243,3.660e-05,7.2003,,
244,3.675e-05,7.1839,,
245,3.690e-05,7.1354,,
246,3.705e-05,7.1539,,
247,3.720e-05,7.1477,,
248,3.735e-05,7.1083,,
249,3.750e-05,7.1366,,
250,3.765e-05,7.0949,,
251,3.780e-05,7.1068,,
252,3.795e-05,7.1089,,
253,3.810e-05,7.1148,,
254,3.825e-05,7.0935,,
255,3.840e-05,7.0931,,
256,3.855e-05,7.0928,,
257,3.870e-05,7.0509,,
258,3.885e-05,7.0567,,
259,3.900e-05,7.0240,,
260,3.915e-05,7.0658,,
261,3.930e-05,7.0480,,
262,3.945e-05,7.0210,,
263,3.960e-05,7.0491,,
264,3.975e-05,6.9967,,
265,3.990e-05,6.9941,,
266,4.005e-05,7.0115,,
267,4.020e-05,6.9684,,
268,4.035e-05,6.9509,,
269,4.050e-05,6.9698,,
270,4.065e-05,6.9326,,
271,4.080e-05,6.9390,,
272,4.095e-05,6.9627,,
273,4.110e-05,6.9137,,
274,4.125e-05,6.9502,,
275,4.140e-05,6.9375,,
276,4.155e-05,6.9128,,
277,4.170e-05,6.9493,,
278,4.185e-05,6.8944,,
279,4.200e-05,6.8672,,
280,4.215e-05,6.8913,,
281,4.230e-05,6.8863,,
282,4.245e-05,6.8911,,
283,4.260e-05,6.8625,,
284,4.275e-05,6.8508,,
285,4.290e-05,6.8620,,
286,4.305e-05,6.8336,,
287,4.320e-05,6.8167,,
288,4.335e-05,6.8211,,
289,4.350e-05,6.8305,,
290,4.365e-05,6.8122,,
291,4.380e-05,6.7771,,
292,4.395e-05,6.7944,,
293,4.410e-05,6.8128,,
294,4.425e-05,6.7793,,
295,4.440e-05,6.8162,,
296,4.455e-05,6.7708,,
297,4.470e-05,6.7694,,
298,4.485e-05,6.7568,,
299,4.500e-05,6.7426,,
300,4.515e-05,6.7266,6.315854382514954,
301,4.530e-05,6.7267,,
302,4.545e-05,6.6889,,
303,4.560e-05,6.7633,,
304,4.575e-05,6.7297,,
305,4.590e-05,6.7084,,
306,4.605e-05,6.7194,,
307,4.620e-05,6.6863,,
308,4.635e-05,6.6839,,
309,4.650e-05,6.6902,,
310,4.665e-05,6.6344,,
311,4.680e-05,6.6962,,
312,4.695e-05,6.6419,,
313,4.710e-05,6.6805,,
314,4.725e-05,6.6567,,
315,4.740e-05,6.6730,,
316,4.755e-05,6.6228,,
317,4.770e-05,6.6220,,
318,4.785e-05,6.6255,,
319,4.800e-05,6.6132,,
320,4.815e-05,6.5808,,
321,4.830e-05,6.6018,,
322,4.845e-05,6.5783,,
323,4.860e-05,6.6014,,
324,4.875e-05,6.5805,,
325,4.890e-05,6.5901,,
326,4.905e-05,6.5587,,
327,4.920e-05,6.5698,,
328,4.935e-05,6.5624,,
329,4.950e-05,6.5511,,
330,4.965e-05,6.5534,,
331,4.980e-05,6.5501,,
332,4.995e-05,6.5471,,
333,5.010e-05,6.5475,,
334,5.025e-05,6.5246,,
335,5.040e-05,6.5267,,
336,5.055e-05,6.5648,,
337,5.070e-05,6.4815,,
338,5.085e-05,6.5065,,
339,5.100e-05,6.4795,,
340,5.115e-05,6.4666,,
341,5.130e-05,6.4844,,
342,5.145e-05,6.4710,,
343,5.160e-05,6.4876,,
344,5.175e-05,6.4933,,
345,5.190e-05,6.4301,,
346,5.205e-05,6.4411,,
347,5.220e-05,6.4366,,
348,5.235e-05,6.3998,,
349,5.250e-05,6.4255,,
350,5.265e-05,6.4204,,
351,5.280e-05,6.4291,,
352,5.295e-05,6.4157,,
353,5.310e-05,6.4069,,
354,5.325e-05,6.4507,,
355,5.340e-05,6.3753,,
356,5.355e-05,6.3980,,
357,5.370e-05,6.4041,,
358,5.385e-05,6.4327,,
359,5.400e-05,6.3894,,
360,5.415e-05,6.3973,,
361,5.430e-05,6.4059,,
362,5.445e-05,6.3497,,
363,5.460e-05,6.3902,,
364,5.475e-05,6.3567,,
365,5.490e-05,6.3778,,
366,5.505e-05,6.3441,,
367,5.520e-05,6.3081,,
368,5.535e-05,6.3282,,
369,5.550e-05,6.3398,,
370,5.565e-05,6.3688,,
371,5.580e-05,6.3320,,
372,5.595e-05,6.3032,,
373,5.610e-05,6.2953,,
374,5.625e-05,6.2901,,
375,5.640e-05,6.2821,,
376,5.655e-05,6.2577,,
377,5.670e-05,6.2846,,
378,5.685e-05,6.2743,,
379,5.700e-05,6.2710,,
380,5.715e-05,6.2449,,
381,5.730e-05,6.3168,,
382,5.745e-05,6.2368,,
383,5.760e-05,6.2492,,
384,5.775e-05,6.2464,,
385,5.790e-05,6.2477,,
386,5.805e-05,6.2252,,
387,5.820e-05,6.2129,,
388,5.835e-05,6.1979,,
389,5.850e-05,6.2516,,
390,5.865e-05,6.2727,,
391,5.880e-05,6.2372,,
392,5.895e-05,6.1569,,
393,5.910e-05,6.2020,,
394,5.925e-05,6.1844,,
395,5.940e-05,6.1460,,
396,5.955e-05,6.2474,,
397,5.970e-05,6.1170,,
398,5.985e-05,6.2180,,
399,6.000e-05,6.1486,,
400,6.015e-05,6.1523,6.03874773979187,
401,6.030e-05,6.1789,,
402,6.045e-05,6.1679,,
403,6.060e-05,6.1229,,
404,6.075e-05,6.1374,,
405,6.090e-05,6.1722,,
406,6.105e-05,6.1580,,
407,6.120e-05,6.1149,,
408,6.135e-05,6.1469,,
409,6.150e-05,6.1155,,
410,6.165e-05,6.1087,,
411,6.180e-05,6.1037,,
412,6.195e-05,6.1117,,
413,6.210e-05,6.0937,,
414,6.225e-05,6.1057,,
415,6.240e-05,6.1020,,
416,6.255e-05,6.1036,,
417,6.270e-05,6.0715,,
418,6.285e-05,6.0553,,
419,6.300e-05,6.1008,,
420,6.315e-05,6.0946,,
421,6.330e-05,6.0560,,
422,6.345e-05,6.0333,,
423,6.360e-05,6.0579,,
424,6.375e-05,6.0551,,
425,6.390e-05,6.0583,,
426,6.405e-05,5.9831,,
427,6.420e-05,6.0324,,
428,6.435e-05,6.0510,,
429,6.450e-05,5.9903,,
430,6.465e-05,6.0025,,
431,6.480e-05,5.9907,,
432,6.495e-05,6.0174,,
433,6.510e-05,6.0139,,
434,6.525e-05,5.9832,,
435,6.540e-05,6.0023,,
436,6.555e-05,5.9721,,
437,6.570e-05,5.9596,,
438,6.585e-05,5.9900,,
439,6.600e-05,5.9534,,
440,6.615e-05,5.9913,,
441,6.630e-05,6.0005,,
442,6.645e-05,5.9440,,
443,6.660e-05,5.9521,,
444,6.675e-05,5.9639,,
445,6.690e-05,5.9480,,
446,6.705e-05,5.9354,,
447,6.720e-05,5.9209,,
448,6.735e-05,5.9442,,
449,6.750e-05,5.9214,,
450,6.765e-05,5.9272,,
451,6.780e-05,5.9598,,
452,6.795e-05,5.8913,,
453,6.810e-05,5.9278,,
454,6.825e-05,5.8814,,
455,6.840e-05,5.9219,,
456,6.855e-05,5.9257,,
457,6.870e-05,5.9350,,
458,6.885e-05,5.9163,,
459,6.900e-05,5.8920,,
460,6.915e-05,5.8516,,
461,6.930e-05,5.8585,,
462,6.945e-05,5.8955,,
463,6.960e-05,5.8596,,
464,6.975e-05,5.8773,,
465,6.990e-05,5.8884,,
466,7.005e-05,5.8823,,
467,7.020e-05,5.8560,,
468,7.035e-05,5.8642,,
469,7.050e-05,5.8466,,
470,7.065e-05,5.8392,,
471,7.080e-05,5.8506,,
472,7.095e-05,5.8782,,
473,7.110e-05,5.8556,,
474,7.125e-05,5.8322,,
475,7.140e-05,5.7830,,
476,7.155e-05,5.8240,,
477,7.170e-05,5.8086,,
478,7.185e-05,5.8563,,
479,7.200e-05,5.8123,,
480,7.215e-05,5.7909,,
481,7.230e-05,5.7728,,
482,7.245e-05,5.7719,,
483,7.260e-05,5.7784,,
484,7.275e-05,5.7490,,
485,7.290e-05,5.7569,,
486,7.305e-05,5.7646,,
487,7.320e-05,5.7940,,
488,7.335e-05,5.7570,,
489,7.350e-05,5.7517,,
490,7.365e-05,5.7586,,
491,7.380e-05,5.7757,,
492,7.395e-05,5.7803,,
493,7.410e-05,5.7247,,
494,7.425e-05,5.7834,,
495,7.440e-05,5.7527,,
496,7.455e-05,5.7143,,
497,7.470e-05,5.7143,,
498,7.485e-05,5.7088,,
499,7.500e-05,5.7239,,
500,7.515e-05,5.7320,5.638478016853332,
501,7.530e-05,5.6917,,
502,7.545e-05,5.6591,,
503,7.560e-05,5.7245,,
504,7.575e-05,5.6802,,
505,7.590e-05,5.7036,,
506,7.605e-05,5.6665,,
507,7.620e-05,5.6613,,
508,7.635e-05,5.6977,,
509,7.650e-05,5.6725,,
510,7.665e-05,5.7048,,
511,7.680e-05,5.6297,,
512,7.695e-05,5.6601,,
513,7.710e-05,5.6582,,
514,7.725e-05,5.6597,,
515,7.740e-05,5.6526,,
516,7.755e-05,5.5897,,
517,7.770e-05,5.6231,,
518,7.785e-05,5.6807,,
519,7.800e-05,5.6617,,
520,7.815e-05,5.5909,,
521,7.830e-05,5.6505,,
522,7.845e-05,5.6307,,
523,7.860e-05,5.6150,,
524,7.875e-05,5.6317,,
525,7.890e-05,5.6318,,
526,7.905e-05,5.6058,,
527,7.920e-05,5.6197,,
528,7.935e-05,5.5839,,
529,7.950e-05,5.6228,,
530,7.965e-05,5.5870,,
531,7.980e-05,5.6025,,
532,7.995e-05,5.5936,,
533,8.010e-05,5.5909,,
534,8.025e-05,5.5628,,
535,8.040e-05,5.5706,,
536,8.055e-05,5.5804,,
537,8.070e-05,5.6257,,
538,8.085e-05,5.5827,,
539,8.100e-05,5.5308,,
540,8.115e-05,5.5813,,
541,8.130e-05,5.5267,,
542,8.145e-05,5.5371,,
543,8.160e-05,5.5652,,
544,8.175e-05,5.5896,,
545,8.190e-05,5.5339,,
546,8.205e-05,5.5486,,
547,8.220e-05,5.5439,,
548,8.235e-05,5.5852,,
549,8.250e-05,5.5160,,
550,8.265e-05,5.5164,,
551,8.280e-05,5.5272,,
552,8.295e-05,5.5176,,
553,8.310e-05,5.5557,,
554,8.325e-05,5.4977,,
555,8.340e-05,5.5250,,
556,8.355e-05,5.5034,,
557,8.370e-05,5.4799,,
558,8.385e-05,5.4600,,
559,8.400e-05,5.5121,,
560,8.415e-05,5.4693,,
561,8.430e-05,5.4364,,
562,8.445e-05,5.4806,,
563,8.460e-05,5.4402,,
564,8.475e-05,5.4908,,
565,8.490e-05,5.4873,,
566,8.505e-05,5.4691,,
567,8.520e-05,5.4980,,
568,8.535e-05,5.5031,,
569,8.550e-05,5.4466,,
570,8.565e-05,5.4770,,
571,8.580e-05,5.4711,,
572,8.595e-05,5.4486,,
573,8.610e-05,5.4426,,
574,8.625e-05,5.4155,,
575,8.640e-05,5.4412,,
576,8.655e-05,5.4328,,
577,8.670e-05,5.4294,,
578,8.685e-05,5.4393,,
579,8.700e-05,5.4248,,
580,8.715e-05,5.4114,,
581,8.730e-05,5.4363,,
582,8.745e-05,5.4080,,
583,8.760e-05,5.4208,,
584,8.775e-05,5.4221,,
585,8.790e-05,5.4210,,
586,8.805e-05,5.3991,,
587,8.820e-05,5.3643,,
588,8.835e-05,5.4155,,
589,8.850e-05,5.3965,,
590,8.865e-05,5.3880,,
591,8.880e-05,5.3605,,
592,8.895e-05,5.3525,,
593,8.910e-05,5.3772,,
594,8.925e-05,5.3641,,
595,8.940e-05,5.3568,,
596,8.955e-05,5.3496,,
597,8.970e-05,5.3565,,
598,8.985e-05,5.3552,,
599,9.000e-05,5.3754,,
600,9.015e-05,5.3395,5.269244456291199,
601,9.030e-05,5.3174,,
602,9.045e-05,5.3273,,
603,9.060e-05,5.3016,,
604,9.075e-05,5.3933,,
605,9.090e-05,5.3005,,
606,9.105e-05,5.3244,,
607,9.120e-05,5.3148,,
608,9.135e-05,5.3093,,
609,9.150e-05,5.3429,,
610,9.165e-05,5.3321,,
611,9.180e-05,5.3136,,
612,9.195e-05,5.2918,,
613,9.210e-05,5.2939,,
614,9.225e-05,5.2882,,
615,9.240e-05,5.2778,,
616,9.255e-05,5.3058,,
617,9.270e-05,5.2172,,
618,9.285e-05,5.2766,,
619,9.300e-05,5.3051,,
620,9.315e-05,5.2464,,
621,9.330e-05,5.2753,,
622,9.345e-05,5.2498,,
623,9.360e-05,5.2578,,
624,9.375e-05,5.2466,,
625,9.390e-05,5.2528,,
626,9.405e-05,5.2834,,
627,9.420e-05,5.2372,,
628,9.435e-05,5.2387,,
629,9.450e-05,5.2454,,
630,9.465e-05,5.2052,,
631,9.480e-05,5.2186,,
632,9.495e-05,5.2530,,
633,9.510e-05,5.2215,,
634,9.525e-05,5.2288,,
635,9.540e-05,5.2266,,
636,9.555e-05,5.2276,,
637,9.570e-05,5.2217,,
638,9.585e-05,5.1887,,
639,9.600e-05,5.1933,,
640,9.615e-05,5.2012,,
641,9.630e-05,5.1496,,
642,9.645e-05,5.2103,,
643,9.660e-05,5.1797,,
644,9.675e-05,5.1889,,
645,9.690e-05,5.1601,,
646,9.705e-05,5.1485,,
647,9.720e-05,5.1661,,
648,9.735e-05,5.1094,,
649,9.750e-05,5.1857,,
650,9.765e-05,5.1441,,
651,9.780e-05,5.1952,,
652,9.795e-05,5.1685,,
653,9.810e-05,5.1936,,
654,9.825e-05,5.1486,,
655,9.840e-05,5.1496,,
656,9.855e-05,5.1669,,
657,9.870e-05,5.1366,,
658,9.885e-05,5.1368,,
659,9.900e-05,5.1395,,
660,9.915e-05,5.1355,,
661,9.930e-05,5.1108,,
662,9.945e-05,5.1038,,
663,9.960e-05,5.1250,,
664,9.975e-05,5.1184,,
665,9.990e-05,5.1252,,
666,1.000e-04,5.0855,,
667,1.002e-04,5.0945,,
668,1.003e-04,5.1076,,
669,1.005e-04,5.0793,,
670,1.006e-04,5.0403,,
671,1.008e-04,5.0608,,
672,1.010e-04,5.0657,,
673,1.011e-04,5.0770,,
674,1.012e-04,5.0860,,
675,1.014e-04,5.0992,,
676,1.015e-04,5.0857,,
677,1.017e-04,5.0345,,
678,1.018e-04,5.0625,,
679,1.020e-04,5.0394,,
680,1.021e-04,5.0820,,
681,1.023e-04,5.0392,,
682,1.024e-04,5.0580,,
683,1.026e-04,5.0463,,
684,1.027e-04,5.0176,,
685,1.029e-04,5.0391,,
686,1.030e-04,5.0149,,
687,1.032e-04,5.0065,,
688,1.033e-04,4.9971,,
689,1.035e-04,4.9903,,
690,1.036e-04,5.0043,,
691,1.038e-04,5.0126,,
692,1.039e-04,4.9795,,
693,1.041e-04,4.9772,,
694,1.042e-04,5.0168,,
695,1.044e-04,4.9899,,
696,1.045e-04,4.9885,,
697,1.047e-04,5.0097,,
698,1.048e-04,4.9705,,
699,1.050e-04,4.9973,,
700,1.051e-04,4.9871,4.876130533218384,
701,1.053e-04,4.9750,,
702,1.054e-04,4.9450,,
703,1.056e-04,4.9811,,
704,1.057e-04,4.9732,,
705,1.059e-04,4.9661,,
706,1.060e-04,4.9913,,
707,1.062e-04,4.9556,,
708,1.063e-04,4.9304,,
709,1.065e-04,4.9062,,
710,1.066e-04,4.9363,,
711,1.068e-04,4.9294,,
712,1.069e-04,4.9379,,
713,1.071e-04,4.9363,,
714,1.072e-04,4.9320,,
715,1.074e-04,4.9201,,
716,1.075e-04,4.9190,,
717,1.077e-04,4.9471,,
718,1.078e-04,4.9389,,
719,1.080e-04,4.9150,,
720,1.081e-04,4.9266,,
721,1.083e-04,4.8930,,
722,1.084e-04,4.9030,,
723,1.086e-04,4.9016,,
724,1.087e-04,4.9028,,
725,1.089e-04,4.8935,,
726,1.090e-04,4.8837,,
727,1.092e-04,4.8920,,
728,1.093e-04,4.8819,,
729,1.095e-04,4.8877,,
730,1.096e-04,4.8800,,
731,1.098e-04,4.8668,,
732,1.099e-04,4.8554,,
733,1.101e-04,4.8874,,
734,1.102e-04,4.8561,,
735,1.104e-04,4.9311,,
736,1.105e-04,4.8654,,
737,1.107e-04,4.8575,,
738,1.108e-04,4.8686,,
739,1.110e-04,4.8497,,
740,1.111e-04,4.8626,,
741,1.113e-04,4.8289,,
742,1.114e-04,4.8525,,
743,1.116e-04,4.8477,,
744,1.117e-04,4.8415,,
745,1.119e-04,4.8599,,
746,1.120e-04,4.8668,,
747,1.122e-04,4.8216,,
748,1.123e-04,4.8095,,
749,1.125e-04,4.8364,,
750,1.126e-04,4.7833,,
751,1.128e-04,4.8289,,
752,1.129e-04,4.8125,,
753,1.131e-04,4.8226,,
754,1.132e-04,4.8117,,
755,1.134e-04,4.8032,,
756,1.135e-04,4.7984,,
757,1.137e-04,4.7732,,
758,1.138e-04,4.8399,,
759,1.140e-04,4.7333,,
760,1.141e-04,4.7786,,
761,1.143e-04,4.7692,,
762,1.144e-04,4.8003,,
763,1.146e-04,4.7811,,
764,1.147e-04,4.7759,,
765,1.149e-04,4.7704,,
766,1.150e-04,4.7321,,
767,1.152e-04,4.7814,,
768,1.153e-04,4.7533,,
769,1.155e-04,4.7600,,
770,1.156e-04,4.7256,,
771,1.158e-04,4.7531,,
772,1.159e-04,4.7223,,
773,1.161e-04,4.7600,,
774,1.162e-04,4.7768,,
775,1.164e-04,4.7617,,
776,1.165e-04,4.7384,,
777,1.167e-04,4.7720,,
778,1.168e-04,4.8177,,
779,1.170e-04,4.7666,,
780,1.171e-04,4.7251,,
781,1.173e-04,4.7535,,
782,1.174e-04,4.7623,,
783,1.176e-04,4.7503,,
784,1.177e-04,4.7464,,
785,1.179e-04,4.7461,,
786,1.180e-04,4.7316,,
787,1.182e-04,4.7082,,
788,1.183e-04,4.7156,,
789,1.185e-04,4.7244,,
790,1.186e-04,4.7354,,
791,1.188e-04,4.7535,,
792,1.189e-04,4.7253,,
793,1.191e-04,4.6702,,
794,1.192e-04,4.6836,,
795,1.194e-04,4.7168,,
796,1.195e-04,4.7056,,
797,1.197e-04,4.7046,,
798,1.198e-04,4.6981,,
799,1.200e-04,4.7053,,
800,1.201e-04,4.6770,4.606647634506226,
801,1.203e-04,4.7030,,
802,1.204e-04,4.7249,,
803,1.206e-04,4.6973,,
804,1.207e-04,4.7037,,
805,1.209e-04,4.6999,,
806,1.210e-04,4.6559,,
807,1.212e-04,4.6544,,
808,1.213e-04,4.6677,,
809,1.215e-04,4.6845,,
810,1.216e-04,4.7154,,
811,1.218e-04,4.6880,,
812,1.219e-04,4.6286,,
813,1.221e-04,4.6780,,
814,1.222e-04,4.6957,,
815,1.224e-04,4.6603,,
816,1.225e-04,4.6304,,
817,1.227e-04,4.6467,,
818,1.228e-04,4.5815,,
819,1.230e-04,4.6755,,
820,1.231e-04,4.6417,,
821,1.233e-04,4.6182,,
822,1.234e-04,4.6333,,
823,1.236e-04,4.6632,,
824,1.237e-04,4.6287,,
825,1.239e-04,4.6513,,
826,1.241e-04,4.6460,,
827,1.242e-04,4.6019,,
828,1.243e-04,4.6590,,
829,1.245e-04,4.6083,,
830,1.246e-04,4.6067,,
831,1.248e-04,4.6409,,
832,1.250e-04,4.6114,,
833,1.251e-04,4.6267,,
834,1.253e-04,4.6171,,
835,1.254e-04,4.6306,,
836,1.255e-04,4.5989,,
837,1.257e-04,4.6278,,
838,1.258e-04,4.6126,,
839,1.260e-04,4.6084,,
840,1.261e-04,4.6150,,
841,1.263e-04,4.5611,,
842,1.264e-04,4.6039,,
843,1.266e-04,4.6502,,
844,1.267e-04,4.6122,,
845,1.269e-04,4.6488,,
846,1.270e-04,4.5862,,
847,1.272e-04,4.5574,,
848,1.273e-04,4.5901,,
849,1.275e-04,4.5487,,
850,1.276e-04,4.5598,,
851,1.278e-04,4.5799,,
852,1.279e-04,4.5659,,
853,1.281e-04,4.6034,,
854,1.282e-04,4.5448,,
855,1.284e-04,4.5501,,
856,1.286e-04,4.5549,,
857,1.287e-04,4.5793,,
858,1.288e-04,4.5380,,
859,1.290e-04,4.5331,,
860,1.291e-04,4.5426,,
861,1.293e-04,4.5908,,
862,1.294e-04,4.5721,,
863,1.296e-04,4.5809,,
864,1.297e-04,4.5598,,
865,1.299e-04,4.5615,,
866,1.300e-04,4.5349,,
867,1.302e-04,4.5429,,
868,1.303e-04,4.5448,,
869,1.305e-04,4.4992,,
870,1.306e-04,4.5535,,
871,1.308e-04,4.5029,,
872,1.309e-04,4.5650,,
873,1.311e-04,4.5571,,
874,1.312e-04,4.5473,,
875,1.314e-04,4.5298,,
876,1.315e-04,4.5379,,
877,1.317e-04,4.5043,,
878,1.319e-04,4.5143,,
879,1.320e-04,4.4866,,
880,1.321e-04,4.5017,,
881,1.323e-04,4.5412,,
882,1.324e-04,4.5033,,
883,1.326e-04,4.5209,,
884,1.327e-04,4.5130,,
885,1.329e-04,4.5329,,
886,1.331e-04,4.4668,,
887,1.332e-04,4.5276,,
888,1.333e-04,4.5118,,
889,1.335e-04,4.5058,,
890,1.336e-04,4.5706,,
891,1.338e-04,4.5241,,
892,1.339e-04,4.5257,,
893,1.341e-04,4.5272,,
894,1.342e-04,4.4985,,
895,1.344e-04,4.4964,,
896,1.345e-04,4.5150,,
897,1.347e-04,4.5472,,
898,1.348e-04,4.4690,,
899,1.350e-04,4.5051,,
900,1.352e-04,4.5139,4.428570544719696,
901,1.353e-04,4.5069,,
902,1.354e-04,4.4880,,
903,1.356e-04,4.4733,,
904,1.357e-04,4.4669,,
905,1.359e-04,4.4842,,
906,1.360e-04,4.4566,,
907,1.362e-04,4.5044,,
908,1.364e-04,4.4923,,
909,1.365e-04,4.4803,,
910,1.366e-04,4.4841,,
911,1.368e-04,4.4443,,
912,1.369e-04,4.4601,,
913,1.371e-04,4.4510,,
914,1.372e-04,4.4257,,
915,1.374e-04,4.4685,,
916,1.375e-04,4.4727,,
917,1.377e-04,4.4333,,
918,1.378e-04,4.4528,,
919,1.380e-04,4.4075,,
920,1.381e-04,4.4559,,
921,1.383e-04,4.4762,,
922,1.384e-04,4.4582,,
923,1.386e-04,4.4553,,
924,1.387e-04,4.4591,,
925,1.389e-04,4.4685,,
926,1.390e-04,4.4523,,
927,1.392e-04,4.4697,,
928,1.393e-04,4.4724,,
929,1.395e-04,4.4714,,
930,1.397e-04,4.5142,,
931,1.398e-04,4.4899,,
932,1.399e-04,4.4415,,
933,1.401e-04,4.4662,,
934,1.402e-04,4.4348,,
935,1.404e-04,4.4050,,
936,1.405e-04,4.4037,,
937,1.407e-04,4.4785,,
938,1.408e-04,4.4339,,
939,1.410e-04,4.4689,,
940,1.411e-04,4.4213,,
941,1.413e-04,4.4293,,
942,1.414e-04,4.4207,,
943,1.416e-04,4.4279,,
944,1.417e-04,4.4304,,
945,1.419e-04,4.4375,,
946,1.420e-04,4.4461,,
947,1.422e-04,4.4140,,
948,1.423e-04,4.3941,,
949,1.425e-04,4.3463,,
950,1.426e-04,4.4345,,
951,1.428e-04,4.4065,,
952,1.430e-04,4.3979,,
953,1.431e-04,4.4156,,
954,1.432e-04,4.3766,,
955,1.434e-04,4.4022,,
956,1.435e-04,4.4065,,
957,1.437e-04,4.3856,,
958,1.438e-04,4.4322,,
959,1.440e-04,4.4019,,
960,1.442e-04,4.3953,,
961,1.443e-04,4.3788,,
962,1.444e-04,4.4163,,
963,1.446e-04,4.4144,,
964,1.447e-04,4.3595,,
965,1.449e-04,4.3835,,
966,1.450e-04,4.3717,,
967,1.452e-04,4.4009,,
968,1.453e-04,4.3961,,
969,1.455e-04,4.3872,,
970,1.456e-04,4.4036,,
971,1.458e-04,4.3705,,
972,1.459e-04,4.3782,,
973,1.461e-04,4.4175,,
974,1.463e-04,4.3818,,
975,1.464e-04,4.3847,,
976,1.465e-04,4.3621,,
977,1.467e-04,4.4189,,
978,1.468e-04,4.3766,,
979,1.470e-04,4.3482,,
980,1.471e-04,4.3724,,
981,1.473e-04,4.3807,,
982,1.475e-04,4.3836,,
983,1.476e-04,4.3820,,
984,1.477e-04,4.3469,,
985,1.479e-04,4.4016,,
986,1.480e-04,4.3797,,
987,1.482e-04,4.4132,,
988,1.483e-04,4.3306,,
989,1.485e-04,4.3357,,
990,1.486e-04,4.3535,,
991,1.488e-04,4.3730,,
992,1.489e-04,4.3530,,
993,1.491e-04,4.3523,,
994,1.492e-04,4.3611,,
995,1.494e-04,4.3582,,
996,1.495e-04,4.3384,,
997,1.497e-04,4.3391,,
998,1.498e-04,4.3733,,
999,1.500e-04,4.3401,,
1000,1.501e-04,4.3526,4.10022748708725,
1001,1.503e-04,4.3198,,
1002,1.504e-04,4.3414,,
1003,1.506e-04,4.3437,,
1004,1.508e-04,4.3183,,
1005,1.509e-04,4.3430,,
1006,1.510e-04,4.3455,,
1007,1.512e-04,4.3299,,
1008,1.513e-04,4.3331,,
1009,1.515e-04,4.3188,,
1010,1.516e-04,4.3542,,
1011,1.518e-04,4.3258,,
1012,1.519e-04,4.3219,,
1013,1.521e-04,4.3305,,
1014,1.522e-04,4.2817,,
1015,1.524e-04,4.3155,,
1016,1.525e-04,4.3153,,
1017,1.527e-04,4.3114,,
1018,1.528e-04,4.3307,,
1019,1.530e-04,4.3533,,
1020,1.531e-04,4.3348,,
1021,1.533e-04,4.3191,,
1022,1.534e-04,4.2988,,
1023,1.536e-04,4.3467,,
1024,1.537e-04,4.3275,,
1025,1.539e-04,4.3010,,
1026,1.541e-04,4.3254,,
1027,1.542e-04,4.3100,,
1028,1.543e-04,4.2956,,
1029,1.545e-04,4.3016,,
1030,1.546e-04,4.3063,,
1031,1.548e-04,4.2884,,
1032,1.549e-04,4.2922,,
1033,1.551e-04,4.2995,,
1034,1.553e-04,4.3032,,
1035,1.554e-04,4.2738,,
1036,1.555e-04,4.3111,,
1037,1.557e-04,4.2588,,
1038,1.558e-04,4.3114,,
1039,1.560e-04,4.2681,,
1040,1.561e-04,4.2925,,
1041,1.563e-04,4.3029,,
1042,1.564e-04,4.2728,,
1043,1.566e-04,4.2632,,
1044,1.567e-04,4.2652,,
1045,1.569e-04,4.3300,,
1046,1.570e-04,4.3036,,
1047,1.572e-04,4.2965,,
1048,1.574e-04,4.2967,,
1049,1.575e-04,4.2932,,
1050,1.576e-04,4.2711,,
1051,1.578e-04,4.2885,,
1052,1.579e-04,4.3019,,
1053,1.581e-04,4.2626,,
1054,1.582e-04,4.3048,,
1055,1.584e-04,4.3158,,
1056,1.586e-04,4.2373,,
1057,1.587e-04,4.2816,,
1058,1.588e-04,4.2726,,
1059,1.590e-04,4.2703,,
1060,1.591e-04,4.2694,,
1061,1.593e-04,4.2709,,
1062,1.594e-04,4.2650,,
1063,1.596e-04,4.2874,,
1064,1.597e-04,4.2795,,
1065,1.599e-04,4.3007,,
1066,1.600e-04,4.2735,,
1067,1.602e-04,4.2641,,
1068,1.603e-04,4.2872,,
1069,1.605e-04,4.2913,,
1070,1.606e-04,4.2284,,
1071,1.608e-04,4.2627,,
1072,1.609e-04,4.2864,,
1073,1.611e-04,4.2640,,
1074,1.612e-04,4.2445,,
1075,1.614e-04,4.2800,,
1076,1.615e-04,4.2267,,
1077,1.617e-04,4.2945,,
1078,1.619e-04,4.2703,,
1079,1.620e-04,4.2422,,
1080,1.621e-04,4.2271,,
1081,1.623e-04,4.2521,,
1082,1.624e-04,4.2162,,
1083,1.626e-04,4.2616,,
1084,1.627e-04,4.2061,,
1085,1.629e-04,4.2287,,
1086,1.630e-04,4.2317,,
1087,1.632e-04,4.2740,,
1088,1.633e-04,4.2240,,
1089,1.635e-04,4.2253,,
1090,1.636e-04,4.2223,,
1091,1.638e-04,4.2462,,
1092,1.639e-04,4.2458,,
1093,1.641e-04,4.2429,,
1094,1.642e-04,4.2654,,
1095,1.644e-04,4.2171,,
1096,1.645e-04,4.2354,,
1097,1.647e-04,4.2217,,
1098,1.648e-04,4.1908,,
1099,1.650e-04,4.2196,,
1100,1.652e-04,4.2440,4.117030477523803,
1101,1.653e-04,4.2203,,
1102,1.654e-04,4.2181,,
1103,1.656e-04,4.2254,,
1104,1.657e-04,4.2175,,
1105,1.659e-04,4.1991,,
1106,1.660e-04,4.2116,,
1107,1.662e-04,4.1925,,
1108,1.664e-04,4.1947,,
1109,1.665e-04,4.2334,,
1110,1.666e-04,4.2451,,
1111,1.668e-04,4.2309,,
1112,1.669e-04,4.2326,,
1113,1.671e-04,4.2288,,
1114,1.672e-04,4.1871,,
1115,1.674e-04,4.1996,,
1116,1.675e-04,4.2095,,
1117,1.677e-04,4.2209,,
1118,1.678e-04,4.1661,,
1119,1.680e-04,4.2173,,
1120,1.681e-04,4.1681,,
1121,1.683e-04,4.2167,,
1122,1.685e-04,4.2145,,
1123,1.686e-04,4.2059,,
1124,1.687e-04,4.1906,,
1125,1.689e-04,4.2047,,
1126,1.690e-04,4.1719,,
1127,1.692e-04,4.2163,,
1128,1.693e-04,4.1957,,
1129,1.695e-04,4.1804,,
1130,1.697e-04,4.1876,,
1131,1.698e-04,4.1941,,
1132,1.699e-04,4.1699,,
1133,1.701e-04,4.1857,,
1134,1.702e-04,4.1706,,
1135,1.704e-04,4.1642,,
1136,1.705e-04,4.1467,,
1137,1.707e-04,4.1836,,
1138,1.708e-04,4.2023,,
1139,1.710e-04,4.1975,,
1140,1.711e-04,4.1851,,
1141,1.713e-04,4.1976,,
1142,1.714e-04,4.1984,,
1143,1.716e-04,4.1615,,
1144,1.717e-04,4.2283,,
1145,1.719e-04,4.1848,,
1146,1.720e-04,4.1818,,
1147,1.722e-04,4.1927,,
1148,1.723e-04,4.1676,,
1149,1.725e-04,4.2114,,
1150,1.726e-04,4.2111,,
1151,1.728e-04,4.1660,,
1152,1.730e-04,4.1804,,
1153,1.731e-04,4.2048,,
1154,1.732e-04,4.2170,,
1155,1.734e-04,4.1987,,
1156,1.735e-04,4.1708,,
1157,1.737e-04,4.2183,,
1158,1.738e-04,4.2172,,
1159,1.740e-04,4.2317,,
1160,1.741e-04,4.1946,,
1161,1.743e-04,4.2128,,
1162,1.744e-04,4.1861,,
1163,1.746e-04,4.1665,,
1164,1.747e-04,4.1930,,
1165,1.749e-04,4.1456,,
1166,1.750e-04,4.1828,,
1167,1.752e-04,4.1967,,
1168,1.753e-04,4.1301,,
1169,1.755e-04,4.1425,,
1170,1.756e-04,4.1301,,
1171,1.758e-04,4.1518,,
1172,1.759e-04,4.1445,,
1173,1.761e-04,4.1488,,
1174,1.763e-04,4.1468,,
1175,1.764e-04,4.1218,,
1176,1.765e-04,4.1512,,
1177,1.767e-04,4.1639,,
1178,1.768e-04,4.1326,,
1179,1.770e-04,4.1575,,
1180,1.771e-04,4.1564,,
1181,1.773e-04,4.1169,,
1182,1.775e-04,4.1282,,
1183,1.776e-04,4.1397,,
1184,1.777e-04,4.1237,,
1185,1.779e-04,4.1121,,
1186,1.780e-04,4.1261,,
1187,1.782e-04,4.1386,,
1188,1.783e-04,4.1828,,
1189,1.785e-04,4.1468,,
1190,1.786e-04,4.1104,,
1191,1.788e-04,4.1081,,
1192,1.789e-04,4.1538,,
1193,1.791e-04,4.1134,,
1194,1.792e-04,4.1401,,
1195,1.794e-04,4.1041,,
1196,1.796e-04,4.0764,,
1197,1.797e-04,4.1083,,
1198,1.798e-04,4.1318,,
1199,1.800e-04,4.1412,,
1200,1.801e-04,4.1423,4.16919618844986,
1201,1.803e-04,4.1342,,
1202,1.804e-04,4.1460,,
1203,1.806e-04,4.1765,,
1204,1.808e-04,4.1668,,
1205,1.809e-04,4.1759,,
1206,1.810e-04,4.1460,,
1207,1.812e-04,4.1396,,
1208,1.813e-04,4.1355,,
1209,1.815e-04,4.1301,,
1210,1.816e-04,4.1004,,
1211,1.818e-04,4.1455,,
1212,1.819e-04,4.1296,,
1213,1.821e-04,4.1444,,
1214,1.822e-04,4.1411,,
1215,1.824e-04,4.0996,,
1216,1.825e-04,4.1549,,
1217,1.827e-04,4.1320,,
1218,1.828e-04,4.1247,,
1219,1.830e-04,4.0971,,
1220,1.831e-04,4.1116,,
1221,1.833e-04,4.1310,,
1222,1.834e-04,4.1205,,
1223,1.836e-04,4.1572,,
1224,1.837e-04,4.1288,,
1225,1.839e-04,4.0904,,
1226,1.841e-04,4.1375,,
1227,1.842e-04,4.0991,,
1228,1.843e-04,4.0275,,
1229,1.845e-04,4.0990,,
1230,1.846e-04,4.1324,,
1231,1.848e-04,4.0961,,
1232,1.849e-04,4.0805,,
1233,1.851e-04,4.0882,,
1234,1.852e-04,4.1084,,
1235,1.854e-04,4.0751,,
1236,1.855e-04,4.1278,,
1237,1.857e-04,4.0719,,
1238,1.858e-04,4.1022,,
1239,1.860e-04,4.0867,,
1240,1.861e-04,4.0992,,
1241,1.863e-04,4.0926,,
1242,1.864e-04,4.1287,,
1243,1.866e-04,4.1175,,
1244,1.867e-04,4.1105,,
1245,1.869e-04,4.1164,,
1246,1.870e-04,4.1466,,
1247,1.872e-04,4.1044,,
1248,1.874e-04,4.1435,,
1249,1.875e-04,4.0723,,
1250,1.876e-04,4.0901,,
1251,1.878e-04,4.1323,,
1252,1.879e-04,4.1077,,
1253,1.881e-04,4.0890,,
1254,1.882e-04,4.0808,,
1255,1.884e-04,4.0951,,
1256,1.886e-04,4.0645,,
1257,1.887e-04,4.1091,,
1258,1.888e-04,4.0734,,
1259,1.890e-04,4.0979,,
1260,1.891e-04,4.0749,,
1261,1.893e-04,4.0803,,
1262,1.894e-04,4.0781,,
1263,1.896e-04,4.0565,,
1264,1.897e-04,4.0880,,
1265,1.899e-04,4.0675,,
1266,1.900e-04,4.0904,,
1267,1.902e-04,4.0504,,
1268,1.903e-04,4.0499,,
1269,1.905e-04,4.0526,,
1270,1.906e-04,4.0715,,
1271,1.908e-04,4.0779,,
1272,1.909e-04,4.0292,,
1273,1.911e-04,4.0246,,
1274,1.912e-04,4.0668,,
1275,1.914e-04,4.1047,,
1276,1.915e-04,4.1189,,
1277,1.917e-04,4.0459,,
1278,1.919e-04,4.1066,,
1279,1.920e-04,4.0857,,
1280,1.921e-04,4.0918,,
1281,1.923e-04,4.0377,,
1282,1.924e-04,4.0368,,
1283,1.926e-04,4.0960,,
1284,1.927e-04,4.0770,,
1285,1.929e-04,4.0823,,
1286,1.930e-04,4.0730,,
1287,1.932e-04,4.0826,,
1288,1.933e-04,4.0532,,
1289,1.935e-04,4.0754,,
1290,1.936e-04,4.0636,,
1291,1.938e-04,4.0352,,
1292,1.939e-04,4.0834,,
1293,1.941e-04,3.9869,,
1294,1.942e-04,4.0603,,
1295,1.944e-04,4.0271,,
1296,1.945e-04,4.0613,,
1297,1.947e-04,4.0574,,
1298,1.948e-04,4.0377,,
1299,1.950e-04,4.0589,,
1300,1.952e-04,4.0314,3.8966894268989565,
1301,1.953e-04,3.9841,,
1302,1.954e-04,4.0483,,
1303,1.956e-04,4.0368,,
1304,1.957e-04,4.0273,,
1305,1.959e-04,4.0547,,
1306,1.960e-04,4.0779,,
1307,1.962e-04,4.0227,,
1308,1.963e-04,4.0582,,
1309,1.965e-04,3.9993,,
1310,1.966e-04,4.0590,,
1311,1.968e-04,4.0598,,
1312,1.969e-04,4.0899,,
1313,1.971e-04,4.0474,,
1314,1.972e-04,4.0781,,
1315,1.974e-04,4.0320,,
1316,1.975e-04,4.0125,,
1317,1.977e-04,4.0445,,
1318,1.978e-04,4.0543,,
1319,1.980e-04,4.0509,,
1320,1.981e-04,4.0107,,
1321,1.983e-04,4.0219,,
1322,1.984e-04,4.0273,,
1323,1.986e-04,4.0156,,
1324,1.987e-04,4.0041,,
1325,1.989e-04,4.0405,,
1326,1.990e-04,4.0551,,
1327,1.992e-04,4.0682,,
1328,1.993e-04,4.0718,,
1329,1.995e-04,4.0202,,
1330,1.997e-04,4.0007,,
1331,1.998e-04,4.0163,,
1332,1.999e-04,4.0351,,
1333,2.001e-04,4.0380,,
1334,2.002e-04,4.0273,,
1335,2.004e-04,4.0492,,
1336,2.005e-04,4.0073,,
1337,2.007e-04,4.0037,,
1338,2.008e-04,4.0586,,
1339,2.010e-04,4.0347,,
1340,2.011e-04,4.0429,,
1341,2.013e-04,4.0066,,
1342,2.014e-04,4.0277,,
1343,2.016e-04,3.9935,,
1344,2.017e-04,4.0259,,
1345,2.019e-04,4.0010,,
1346,2.020e-04,4.0024,,
1347,2.022e-04,4.0153,,
1348,2.023e-04,4.0051,,
1349,2.025e-04,4.0386,,
1350,2.026e-04,4.0359,,
1351,2.028e-04,4.0172,,
1352,2.029e-04,4.0085,,
1353,2.031e-04,4.0203,,
1354,2.032e-04,4.0478,,
1355,2.034e-04,4.0327,,
1356,2.035e-04,4.0188,,
1357,2.037e-04,4.0126,,
1358,2.038e-04,3.9992,,
1359,2.040e-04,3.9973,,
1360,2.041e-04,4.0077,,
1361,2.043e-04,4.0258,,
1362,2.044e-04,3.9836,,
1363,2.046e-04,3.9888,,
1364,2.047e-04,4.0027,,
1365,2.049e-04,4.0276,,
1366,2.050e-04,3.9912,,
1367,2.052e-04,4.0285,,
1368,2.053e-04,4.0163,,
1369,2.055e-04,3.9835,,
1370,2.056e-04,3.9867,,
1371,2.058e-04,3.9666,,
1372,2.059e-04,4.0223,,
1373,2.061e-04,3.9998,,
1374,2.062e-04,3.9962,,
1375,2.064e-04,4.0219,,
1376,2.065e-04,3.9571,,
1377,2.067e-04,4.0057,,
1378,2.068e-04,3.9540,,
1379,2.070e-04,4.0159,,
1380,2.071e-04,3.9961,,
1381,2.073e-04,4.0222,,
1382,2.075e-04,4.0458,,
1383,2.076e-04,4.0429,,
1384,2.077e-04,4.0531,,
1385,2.079e-04,4.0164,,
1386,2.080e-04,4.0064,,
1387,2.082e-04,4.0578,,
1388,2.083e-04,4.0117,,
1389,2.085e-04,4.0814,,
1390,2.086e-04,4.0547,,
1391,2.088e-04,4.0286,,
1392,2.089e-04,4.0471,,
1393,2.091e-04,4.0106,,
1394,2.092e-04,4.0724,,
1395,2.094e-04,4.0560,,
1396,2.095e-04,4.0416,,
1397,2.097e-04,4.0304,,
1398,2.098e-04,4.0228,,
1399,2.100e-04,4.0812,,
1400,2.101e-04,4.0916,3.985624635219574,
1401,2.103e-04,4.0503,,
1402,2.104e-04,4.0417,,
1403,2.106e-04,4.0278,,
1404,2.107e-04,3.9992,,
1405,2.109e-04,4.0371,,
1406,2.110e-04,4.0369,,
1407,2.112e-04,4.0147,,
1408,2.113e-04,4.0499,,
1409,2.115e-04,4.0234,,
1410,2.116e-04,4.0505,,
1411,2.118e-04,4.0224,,
1412,2.119e-04,4.0514,,
1413,2.121e-04,4.0252,,
1414,2.122e-04,4.0154,,
1415,2.124e-04,4.0679,,
1416,2.125e-04,4.0388,,
1417,2.127e-04,4.0425,,
1418,2.128e-04,4.0408,,
1419,2.130e-04,4.0080,,
1420,2.131e-04,4.0608,,
1421,2.133e-04,4.0569,,
1422,2.134e-04,4.0060,,
1423,2.136e-04,3.9855,,
1424,2.137e-04,4.0241,,
1425,2.139e-04,3.9833,,
1426,2.140e-04,3.9762,,
1427,2.142e-04,4.0194,,
1428,2.143e-04,4.0253,,
1429,2.145e-04,3.9610,,
1430,2.146e-04,3.9813,,
1431,2.148e-04,3.9760,,
1432,2.149e-04,3.9988,,
1433,2.151e-04,4.0005,,
1434,2.152e-04,3.9579,,
1435,2.154e-04,4.0110,,
1436,2.155e-04,3.9956,,
1437,2.157e-04,3.9524,,
1438,2.158e-04,3.9801,,
1439,2.160e-04,3.9632,,
1440,2.161e-04,3.9856,,
1441,2.163e-04,3.9216,,
1442,2.164e-04,3.9388,,
1443,2.166e-04,3.9335,,
1444,2.167e-04,3.9765,,
1445,2.169e-04,3.9375,,
1446,2.170e-04,3.9694,,
1447,2.172e-04,3.9543,,
1448,2.173e-04,3.9811,,
1449,2.175e-04,3.9777,,
1450,2.176e-04,3.9629,,
1451,2.178e-04,3.9232,,
1452,2.179e-04,3.9464,,
1453,2.181e-04,3.9689,,
1454,2.182e-04,3.9467,,
1455,2.184e-04,3.9470,,
1456,2.185e-04,3.9849,,
1457,2.187e-04,3.9453,,
1458,2.188e-04,3.9216,,
1459,2.190e-04,3.9551,,
1460,2.191e-04,3.9169,,
1461,2.193e-04,3.9460,,
1462,2.194e-04,3.9582,,
1463,2.196e-04,3.9598,,
1464,2.197e-04,3.9634,,
1465,2.199e-04,3.9898,,
1466,2.200e-04,3.9754,,
1467,2.202e-04,3.9487,,
1468,2.203e-04,3.9339,,
1469,2.205e-04,3.9214,,
1470,2.206e-04,3.9629,,
1471,2.208e-04,3.9524,,
1472,2.209e-04,3.9151,,
1473,2.211e-04,3.9628,,
1474,2.212e-04,3.9480,,
1475,2.214e-04,3.9524,,
1476,2.215e-04,3.9231,,
1477,2.217e-04,3.9351,,
1478,2.218e-04,3.9479,,
1479,2.220e-04,3.9819,,
1480,2.221e-04,3.9734,,
1481,2.223e-04,3.9226,,
1482,2.224e-04,3.9744,,
1483,2.226e-04,3.9402,,
1484,2.227e-04,3.9511,,
1485,2.229e-04,3.9440,,
1486,2.230e-04,3.9294,,
1487,2.232e-04,3.9483,,
1488,2.233e-04,3.9417,,
1489,2.235e-04,3.9871,,
1490,2.236e-04,3.9242,,
1491,2.238e-04,3.9518,,
1492,2.239e-04,3.9316,,
1493,2.241e-04,3.9793,,
1494,2.242e-04,3.9163,,
1495,2.244e-04,3.9367,,
1496,2.245e-04,3.9382,,
1497,2.247e-04,3.9932,,
1498,2.248e-04,3.9050,,
1499,2.250e-04,3.9241,,
1500,2.251e-04,3.9337,3.8685606718063354,
1501,2.253e-04,3.9468,,
1502,2.254e-04,3.9069,,
1503,2.256e-04,3.9312,,
1504,2.257e-04,3.9219,,
1505,2.259e-04,3.9534,,
1506,2.260e-04,3.9057,,
1507,2.262e-04,3.9322,,
1508,2.263e-04,3.9475,,
1509,2.265e-04,3.9387,,
1510,2.266e-04,3.9538,,
1511,2.268e-04,3.9260,,
1512,2.269e-04,3.9614,,
1513,2.271e-04,3.9816,,
1514,2.272e-04,3.9465,,
1515,2.274e-04,3.9140,,
1516,2.275e-04,3.9545,,
1517,2.277e-04,3.9371,,
1518,2.278e-04,3.9353,,
1519,2.280e-04,3.9356,,
1520,2.281e-04,3.9541,,
1521,2.283e-04,3.9220,,
1522,2.284e-04,3.9821,,
1523,2.286e-04,3.9577,,
1524,2.287e-04,3.9276,,
1525,2.289e-04,3.8934,,
1526,2.290e-04,3.9213,,
1527,2.292e-04,3.9390,,
1528,2.293e-04,3.9030,,
1529,2.295e-04,3.9028,,
1530,2.296e-04,3.9118,,
1531,2.298e-04,3.9961,,
1532,2.299e-04,3.9125,,
1533,2.301e-04,3.9019,,
1534,2.302e-04,3.9196,,
1535,2.304e-04,3.8943,,
1536,2.305e-04,3.9506,,
1537,2.307e-04,3.9340,,
1538,2.308e-04,3.8867,,
1539,2.310e-04,3.8892,,
1540,2.311e-04,3.9058,,
1541,2.313e-04,3.9124,,
1542,2.314e-04,3.8991,,
1543,2.316e-04,3.8730,,
1544,2.317e-04,3.9006,,
1545,2.319e-04,3.9223,,
1546,2.320e-04,3.9232,,
1547,2.322e-04,3.9281,,
1548,2.323e-04,3.8893,,
1549,2.325e-04,3.8902,,
1550,2.326e-04,3.9389,,
1551,2.328e-04,3.9493,,
1552,2.329e-04,3.9554,,
1553,2.331e-04,3.9602,,
1554,2.332e-04,3.9182,,
1555,2.334e-04,3.9500,,
1556,2.335e-04,3.9599,,
1557,2.337e-04,3.9494,,
1558,2.338e-04,3.9168,,
1559,2.340e-04,3.8961,,
1560,2.341e-04,3.9129,,
1561,2.343e-04,3.9675,,
1562,2.344e-04,3.9531,,
1563,2.346e-04,3.8473,,
1564,2.347e-04,3.8882,,
1565,2.349e-04,3.8744,,
1566,2.350e-04,3.8957,,
1567,2.352e-04,3.8924,,
1568,2.353e-04,3.9113,,
1569,2.355e-04,3.9187,,
1570,2.356e-04,3.8821,,
1571,2.358e-04,3.8866,,
1572,2.359e-04,3.8782,,
1573,2.361e-04,3.9068,,
1574,2.362e-04,3.9193,,
1575,2.364e-04,3.8825,,
1576,2.365e-04,3.9266,,
1577,2.367e-04,3.9078,,
1578,2.368e-04,3.8532,,
1579,2.370e-04,3.8755,,
1580,2.371e-04,3.8896,,
1581,2.373e-04,3.8640,,
1582,2.374e-04,3.8753,,
1583,2.376e-04,3.8753,,
1584,2.377e-04,3.9119,,
1585,2.379e-04,3.8530,,
1586,2.380e-04,3.8802,,
1587,2.382e-04,3.9040,,
1588,2.383e-04,3.8495,,
1589,2.385e-04,3.8780,,
1590,2.386e-04,3.8924,,
1591,2.388e-04,3.8878,,
1592,2.389e-04,3.8669,,
1593,2.391e-04,3.8652,,
1594,2.392e-04,3.8563,,
1595,2.394e-04,3.9005,,
1596,2.395e-04,3.8505,,
1597,2.397e-04,3.9041,,
1598,2.398e-04,3.8578,,
1599,2.400e-04,3.8791,,
1600,2.401e-04,3.8792,3.7742803931236266,
1601,2.403e-04,3.8835,,
1602,2.404e-04,3.9096,,
1603,2.406e-04,3.8810,,
1604,2.407e-04,3.8690,,
1605,2.409e-04,3.8937,,
1606,2.410e-04,3.9218,,
1607,2.412e-04,3.8980,,
1608,2.413e-04,3.8587,,
1609,2.415e-04,3.8532,,
1610,2.416e-04,3.9214,,
1611,2.418e-04,3.8851,,
1612,2.419e-04,3.8718,,
1613,2.421e-04,3.8905,,
1614,2.422e-04,3.8807,,
1615,2.424e-04,3.8583,,
1616,2.425e-04,3.8808,,
1617,2.427e-04,3.8765,,
1618,2.428e-04,3.8493,,
1619,2.430e-04,3.8920,,
1620,2.431e-04,3.8789,,
1621,2.433e-04,3.8855,,
1622,2.434e-04,3.9191,,
1623,2.436e-04,3.8541,,
1624,2.437e-04,3.8390,,
1625,2.439e-04,3.8654,,
1626,2.440e-04,3.8920,,
1627,2.442e-04,3.8529,,
1628,2.444e-04,3.8674,,
1629,2.445e-04,3.8686,,
1630,2.446e-04,3.8767,,
1631,2.448e-04,3.8700,,
1632,2.449e-04,3.8589,,
1633,2.451e-04,3.8809,,
1634,2.452e-04,3.8701,,
1635,2.454e-04,3.8754,,
1636,2.455e-04,3.8629,,
1637,2.457e-04,3.8744,,
1638,2.458e-04,3.8461,,
1639,2.460e-04,3.9070,,
1640,2.461e-04,3.8976,,
1641,2.463e-04,3.8853,,
1642,2.465e-04,3.8573,,
1643,2.466e-04,3.8794,,
1644,2.467e-04,3.8561,,
1645,2.469e-04,3.8500,,
1646,2.471e-04,3.8968,,
1647,2.472e-04,3.8572,,
1648,2.473e-04,3.8415,,
1649,2.475e-04,3.8627,,
1650,2.476e-04,3.8735,,
1651,2.478e-04,3.8192,,
1652,2.479e-04,3.8385,,
1653,2.481e-04,3.8353,,
1654,2.482e-04,3.8798,,
1655,2.484e-04,3.8311,,
1656,2.485e-04,3.8782,,
1657,2.487e-04,3.8564,,
1658,2.489e-04,3.8764,,
1659,2.490e-04,3.8679,,
1660,2.491e-04,3.9089,,
1661,2.493e-04,3.8595,,
1662,2.494e-04,3.8721,,
1663,2.496e-04,3.8402,,
1664,2.497e-04,3.8046,,
1665,2.499e-04,3.8527,,
1666,2.500e-04,3.8324,,
1667,2.502e-04,3.8182,,
1668,2.503e-04,3.8510,,
1669,2.505e-04,3.8564,,
1670,2.506e-04,3.8723,,
1671,2.508e-04,3.8466,,
1672,2.509e-04,3.8020,,
1673,2.511e-04,3.8382,,
1674,2.512e-04,3.8380,,
1675,2.514e-04,3.8210,,
1676,2.516e-04,3.7957,,
1677,2.517e-04,3.8255,,
1678,2.518e-04,3.8502,,
1679,2.520e-04,3.8252,,
1680,2.521e-04,3.8447,,
1681,2.523e-04,3.8255,,
1682,2.524e-04,3.8767,,
1683,2.526e-04,3.8962,,
1684,2.527e-04,3.8034,,
1685,2.529e-04,3.8027,,
1686,2.530e-04,3.8565,,
1687,2.532e-04,3.8687,,
1688,2.533e-04,3.8528,,
1689,2.535e-04,3.8242,,
1690,2.537e-04,3.8045,,
1691,2.538e-04,3.8602,,
1692,2.539e-04,3.8515,,
1693,2.541e-04,3.8233,,
1694,2.542e-04,3.8381,,
1695,2.544e-04,3.7952,,
1696,2.545e-04,3.8519,,
1697,2.547e-04,3.8443,,
1698,2.548e-04,3.8263,,
1699,2.550e-04,3.8611,,
1700,2.551e-04,3.8323,3.737018179893494,
1701,2.553e-04,3.8187,,
1702,2.554e-04,3.8097,,
1703,2.556e-04,3.8288,,
1704,2.557e-04,3.8490,,
1705,2.559e-04,3.8542,,
1706,2.561e-04,3.8351,,
1707,2.562e-04,3.8350,,
1708,2.563e-04,3.8011,,
1709,2.565e-04,3.8275,,
1710,2.566e-04,3.8142,,
1711,2.568e-04,3.8012,,
1712,2.569e-04,3.8203,,
1713,2.571e-04,3.8662,,
1714,2.572e-04,3.8651,,
1715,2.574e-04,3.7937,,
1716,2.575e-04,3.8085,,
1717,2.577e-04,3.8394,,
1718,2.578e-04,3.7948,,
1719,2.580e-04,3.8819,,
1720,2.582e-04,3.8363,,
1721,2.583e-04,3.8218,,
1722,2.584e-04,3.8509,,
1723,2.586e-04,3.8142,,
1724,2.587e-04,3.8271,,
1725,2.589e-04,3.8323,,
1726,2.590e-04,3.8250,,
1727,2.592e-04,3.8103,,
1728,2.593e-04,3.8115,,
1729,2.595e-04,3.7923,,
1730,2.596e-04,3.8522,,
1731,2.598e-04,3.8496,,
1732,2.599e-04,3.8545,,
1733,2.601e-04,3.7963,,
1734,2.602e-04,3.8259,,
1735,2.604e-04,3.7857,,
1736,2.606e-04,3.8631,,
1737,2.607e-04,3.8142,,
1738,2.608e-04,3.8244,,
1739,2.610e-04,3.7911,,
1740,2.611e-04,3.7662,,
1741,2.613e-04,3.8178,,
1742,2.614e-04,3.8196,,
1743,2.616e-04,3.7604,,
1744,2.617e-04,3.7884,,
1745,2.619e-04,3.8297,,
1746,2.620e-04,3.7717,,
1747,2.622e-04,3.8189,,
1748,2.623e-04,3.8260,,
1749,2.625e-04,3.8301,,
1750,2.627e-04,3.8068,,
1751,2.628e-04,3.7945,,
1752,2.629e-04,3.8542,,
1753,2.631e-04,3.7992,,
1754,2.632e-04,3.8529,,
1755,2.634e-04,3.7882,,
1756,2.635e-04,3.7676,,
1757,2.637e-04,3.8163,,
1758,2.638e-04,3.8002,,
1759,2.640e-04,3.8058,,
1760,2.641e-04,3.7709,,
1761,2.643e-04,3.7994,,
1762,2.644e-04,3.8283,,
1763,2.646e-04,3.7825,,
1764,2.648e-04,3.7595,,
1765,2.649e-04,3.7940,,
1766,2.650e-04,3.8313,,
1767,2.652e-04,3.7758,,
1768,2.653e-04,3.8279,,
1769,2.655e-04,3.7972,,
1770,2.656e-04,3.8076,,
1771,2.658e-04,3.7827,,
1772,2.659e-04,3.7721,,
1773,2.661e-04,3.8176,,
1774,2.662e-04,3.8440,,
1775,2.664e-04,3.7902,,
1776,2.665e-04,3.7848,,
1777,2.667e-04,3.8025,,
1778,2.668e-04,3.7754,,
1779,2.670e-04,3.8583,,
1780,2.672e-04,3.7977,,
1781,2.673e-04,3.7975,,
1782,2.674e-04,3.7768,,
1783,2.676e-04,3.7927,,
1784,2.677e-04,3.8202,,
1785,2.679e-04,3.7663,,
1786,2.680e-04,3.7624,,
1787,2.682e-04,3.8120,,
1788,2.683e-04,3.7700,,
1789,2.685e-04,3.7757,,
1790,2.686e-04,3.8039,,
1791,2.688e-04,3.7723,,
1792,2.689e-04,3.7748,,
1793,2.691e-04,3.7687,,
1794,2.693e-04,3.7970,,
1795,2.694e-04,3.8060,,
1796,2.695e-04,3.7859,,
1797,2.697e-04,3.8125,,
1798,2.698e-04,3.8141,,
1799,2.700e-04,3.7667,,
1800,2.701e-04,3.7975,3.6672379612922668,
1801,2.703e-04,3.7751,,
1802,2.704e-04,3.7680,,
1803,2.706e-04,3.8214,,
1804,2.707e-04,3.7892,,
1805,2.709e-04,3.8049,,
1806,2.710e-04,3.8119,,
1807,2.712e-04,3.7761,,
1808,2.713e-04,3.7534,,
1809,2.715e-04,3.8105,,
1810,2.717e-04,3.7644,,
1811,2.718e-04,3.7855,,
1812,2.719e-04,3.7583,,
1813,2.721e-04,3.7650,,
1814,2.722e-04,3.7836,,
1815,2.724e-04,3.8005,,
1816,2.725e-04,3.8031,,
1817,2.727e-04,3.8149,,
1818,2.728e-04,3.8362,,
1819,2.730e-04,3.7735,,
1820,2.731e-04,3.7594,,
1821,2.733e-04,3.7971,,
1822,2.734e-04,3.8084,,
1823,2.736e-04,3.7522,,
1824,2.738e-04,3.7968,,
1825,2.739e-04,3.7713,,
1826,2.740e-04,3.7862,,
1827,2.742e-04,3.7648,,
1828,2.743e-04,3.7874,,
1829,2.745e-04,3.7781,,
1830,2.746e-04,3.7999,,
1831,2.748e-04,3.8119,,
1832,2.749e-04,3.7730,,
1833,2.751e-04,3.7632,,
1834,2.752e-04,3.7693,,
1835,2.754e-04,3.7598,,
1836,2.755e-04,3.7723,,
1837,2.757e-04,3.7769,,
1838,2.759e-04,3.7636,,
1839,2.760e-04,3.7722,,
1840,2.761e-04,3.7601,,
1841,2.763e-04,3.7792,,
1842,2.764e-04,3.7253,,
1843,2.766e-04,3.8095,,
1844,2.767e-04,3.8059,,
1845,2.769e-04,3.7640,,
1846,2.770e-04,3.7369,,
1847,2.772e-04,3.7750,,
1848,2.773e-04,3.7452,,
1849,2.775e-04,3.7818,,
1850,2.776e-04,3.7547,,
1851,2.778e-04,3.7970,,
1852,2.779e-04,3.7758,,
1853,2.781e-04,3.7309,,
1854,2.783e-04,3.7746,,
1855,2.784e-04,3.7754,,
1856,2.785e-04,3.7778,,
1857,2.787e-04,3.7232,,
1858,2.788e-04,3.8008,,
1859,2.790e-04,3.7069,,
1860,2.791e-04,3.7529,,
1861,2.793e-04,3.7695,,
1862,2.794e-04,3.7719,,
1863,2.796e-04,3.7442,,
1864,2.797e-04,3.7417,,
1865,2.799e-04,3.7920,,
1866,2.800e-04,3.7943,,
1867,2.802e-04,3.7810,,
1868,2.804e-04,3.7759,,
1869,2.805e-04,3.7893,,
1870,2.806e-04,3.7386,,
1871,2.808e-04,3.7807,,
1872,2.809e-04,3.7358,,
1873,2.811e-04,3.7378,,
1874,2.812e-04,3.8455,,
1875,2.814e-04,3.7460,,
1876,2.815e-04,3.7614,,
1877,2.817e-04,3.7541,,
1878,2.818e-04,3.7808,,
1879,2.820e-04,3.7684,,
1880,2.821e-04,3.7858,,
1881,2.823e-04,3.7585,,
1882,2.824e-04,3.7390,,
1883,2.826e-04,3.7785,,
1884,2.828e-04,3.7914,,
1885,2.829e-04,3.7889,,
1886,2.830e-04,3.7118,,
1887,2.832e-04,3.7669,,
1888,2.833e-04,3.7442,,
1889,2.835e-04,3.7878,,
1890,2.836e-04,3.7463,,
1891,2.838e-04,3.7640,,
1892,2.839e-04,3.7261,,
1893,2.841e-04,3.7635,,
1894,2.842e-04,3.7390,,
1895,2.844e-04,3.7575,,
1896,2.845e-04,3.7030,,
1897,2.847e-04,3.7504,,
1898,2.849e-04,3.7860,,
1899,2.850e-04,3.7475,,
1900,2.851e-04,3.8094,3.61575927734375,
1901,2.853e-04,3.7822,,
1902,2.854e-04,3.7663,,
1903,2.856e-04,3.7851,,
1904,2.857e-04,3.7407,,
1905,2.859e-04,3.7771,,
1906,2.860e-04,3.7625,,
1907,2.862e-04,3.7805,,
1908,2.863e-04,3.7479,,
1909,2.865e-04,3.7395,,
1910,2.866e-04,3.7652,,
1911,2.868e-04,3.7278,,
1912,2.870e-04,3.7432,,
1913,2.871e-04,3.7660,,
1914,2.872e-04,3.7702,,
1915,2.874e-04,3.7397,,
1916,2.875e-04,3.7485,,
1917,2.877e-04,3.7574,,
1918,2.878e-04,3.7088,,
1919,2.880e-04,3.7162,,
1920,2.881e-04,3.7538,,
1921,2.883e-04,3.7646,,
1922,2.884e-04,3.7594,,
1923,2.886e-04,3.7226,,
1924,2.887e-04,3.7336,,
1925,2.889e-04,3.7505,,
1926,2.890e-04,3.7314,,
1927,2.892e-04,3.7643,,
1928,2.894e-04,3.7548,,
1929,2.895e-04,3.7618,,
1930,2.896e-04,3.7976,,
1931,2.898e-04,3.7837,,
1932,2.899e-04,3.7077,,
1933,2.901e-04,3.7508,,
1934,2.902e-04,3.7307,,
1935,2.904e-04,3.7518,,
1936,2.905e-04,3.7243,,
1937,2.907e-04,3.7598,,
1938,2.908e-04,3.7248,,
1939,2.910e-04,3.7230,,
1940,2.911e-04,3.7249,,
1941,2.913e-04,3.7302,,
1942,2.915e-04,3.7191,,
1943,2.916e-04,3.7355,,
1944,2.917e-04,3.7379,,
1945,2.919e-04,3.7189,,
1946,2.920e-04,3.7475,,
1947,2.922e-04,3.7133,,
1948,2.923e-04,3.7367,,
1949,2.925e-04,3.7550,,
1950,2.926e-04,3.7068,,
1951,2.928e-04,3.7518,,
1952,2.929e-04,3.7511,,
1953,2.931e-04,3.7538,,
1954,2.932e-04,3.7352,,
1955,2.934e-04,3.7791,,
1956,2.935e-04,3.7273,,
1957,2.937e-04,3.6873,,
1958,2.939e-04,3.7694,,
1959,2.940e-04,3.6728,,
1960,2.941e-04,3.7669,,
1961,2.943e-04,3.7259,,
1962,2.944e-04,3.7185,,
1963,2.946e-04,3.7359,,
1964,2.947e-04,3.7328,,
1965,2.949e-04,3.7221,,
1966,2.950e-04,3.7376,,
1967,2.952e-04,3.7389,,
1968,2.953e-04,3.7311,,
1969,2.955e-04,3.7421,,
1970,2.956e-04,3.7205,,
1971,2.958e-04,3.7375,,
1972,2.960e-04,3.7293,,
1973,2.961e-04,3.7429,,
1974,2.962e-04,3.7263,,
1975,2.964e-04,3.7397,,
1976,2.965e-04,3.7076,,
1977,2.967e-04,3.7314,,
1978,2.968e-04,3.7674,,
1979,2.970e-04,3.7162,,
1980,2.971e-04,3.7616,,
1981,2.973e-04,3.7130,,
1982,2.974e-04,3.7493,,
1983,2.976e-04,3.7166,,
1984,2.977e-04,3.7641,,
1985,2.979e-04,3.6801,,
1986,2.981e-04,3.7117,,
1987,2.982e-04,3.6898,,
1988,2.983e-04,3.6930,,
1989,2.985e-04,3.7478,,
1990,2.986e-04,3.6963,,
1991,2.988e-04,3.7255,,
1992,2.989e-04,3.7407,,
1993,2.991e-04,3.7552,,
1994,2.992e-04,3.6881,,
1995,2.994e-04,3.7186,,
1996,2.995e-04,3.7265,,
1997,2.997e-04,3.6875,,
1998,2.998e-04,3.6935,,
1999,3.000e-04,3.7086,,
2000,3.000e-04,3.7403,3.7376416087150575,
2001,3.000e-04,3.7341,,
2002,3.000e-04,3.7158,,
2003,3.000e-04,3.7319,,
2004,3.000e-04,3.7264,,
2005,3.000e-04,3.7223,,
2006,3.000e-04,3.7514,,
2007,3.000e-04,3.7557,,
2008,3.000e-04,3.7027,,
2009,3.000e-04,3.7032,,
2010,3.000e-04,3.7043,,
2011,3.000e-04,3.7565,,
2012,3.000e-04,3.7619,,
2013,3.000e-04,3.7316,,
2014,3.000e-04,3.6912,,
2015,3.000e-04,3.6931,,
2016,3.000e-04,3.6967,,
2017,3.000e-04,3.7579,,
2018,3.000e-04,3.7025,,
2019,3.000e-04,3.7264,,
2020,3.000e-04,3.6994,,
2021,3.000e-04,3.6783,,
2022,3.000e-04,3.6997,,
2023,3.000e-04,3.6744,,
2024,3.000e-04,3.7312,,
2025,3.000e-04,3.6851,,
2026,3.000e-04,3.7570,,
2027,3.000e-04,3.7189,,
2028,3.000e-04,3.7641,,
2029,3.000e-04,3.6952,,
2030,3.000e-04,3.6864,,
2031,3.000e-04,3.6985,,
2032,3.000e-04,3.7008,,
2033,3.000e-04,3.7174,,
2034,3.000e-04,3.6954,,
2035,3.000e-04,3.7245,,
2036,3.000e-04,3.7238,,
2037,3.000e-04,3.7208,,
2038,3.000e-04,3.6919,,
2039,3.000e-04,3.7389,,
2040,3.000e-04,3.7423,,
2041,3.000e-04,3.6954,,
2042,3.000e-04,3.7380,,
2043,3.000e-04,3.6440,,
2044,3.000e-04,3.6734,,
2045,3.000e-04,3.6881,,
2046,3.000e-04,3.6463,,
2047,3.000e-04,3.7226,,
2048,3.000e-04,3.7220,,
2049,3.000e-04,3.6621,,
2050,3.000e-04,3.7125,,
2051,3.000e-04,3.7189,,
2052,3.000e-04,3.6932,,
2053,3.000e-04,3.7328,,
2054,3.000e-04,3.7407,,
2055,3.000e-04,3.6800,,
2056,3.000e-04,3.7603,,
2057,3.000e-04,3.6827,,
2058,3.000e-04,3.6948,,
2059,3.000e-04,3.6824,,
2060,3.000e-04,3.6862,,
2061,3.000e-04,3.6995,,
2062,3.000e-04,3.6980,,
2063,3.000e-04,3.6988,,
2064,3.000e-04,3.7124,,
2065,3.000e-04,3.6956,,
2066,3.000e-04,3.7107,,
2067,3.000e-04,3.7017,,
2068,3.000e-04,3.6650,,
2069,3.000e-04,3.6567,,
2070,3.000e-04,3.6515,,
2071,3.000e-04,3.7149,,
2072,3.000e-04,3.6942,,
2073,3.000e-04,3.6839,,
2074,3.000e-04,3.7098,,
2075,3.000e-04,3.7342,,
2076,3.000e-04,3.7146,,
2077,3.000e-04,3.7001,,
2078,3.000e-04,3.6604,,
2079,3.000e-04,3.6586,,
2080,3.000e-04,3.7229,,
2081,3.000e-04,3.6744,,
2082,3.000e-04,3.6826,,
2083,3.000e-04,3.6953,,
2084,3.000e-04,3.7614,,
2085,3.000e-04,3.6992,,
2086,3.000e-04,3.6930,,
2087,3.000e-04,3.6792,,
2088,3.000e-04,3.6807,,
2089,3.000e-04,3.6582,,
2090,3.000e-04,3.6711,,
2091,3.000e-04,3.7045,,
2092,3.000e-04,3.6854,,
2093,3.000e-04,3.6698,,
2094,3.000e-04,3.6845,,
2095,3.000e-04,3.6766,,
2096,3.000e-04,3.6701,,
2097,3.000e-04,3.6815,,
2098,3.000e-04,3.6809,,
2099,3.000e-04,3.7360,,
2100,3.000e-04,3.6810,3.653629982471466,
2101,3.000e-04,3.6790,,
2102,3.000e-04,3.6805,,
2103,3.000e-04,3.6909,,
2104,3.000e-04,3.6808,,
2105,3.000e-04,3.6330,,
2106,3.000e-04,3.6825,,
2107,3.000e-04,3.7075,,
2108,3.000e-04,3.7271,,
2109,3.000e-04,3.6745,,
2110,3.000e-04,3.6552,,
2111,3.000e-04,3.6799,,
2112,3.000e-04,3.6596,,
2113,3.000e-04,3.6578,,
2114,3.000e-04,3.6474,,
2115,3.000e-04,3.6524,,
2116,3.000e-04,3.7016,,
2117,3.000e-04,3.6753,,
2118,3.000e-04,3.6789,,
2119,3.000e-04,3.7280,,
2120,3.000e-04,3.6252,,
2121,3.000e-04,3.6700,,
2122,3.000e-04,3.6820,,
2123,3.000e-04,3.6480,,
2124,3.000e-04,3.7260,,
2125,3.000e-04,3.6910,,
2126,3.000e-04,3.6553,,
2127,3.000e-04,3.6356,,
2128,3.000e-04,3.6789,,
2129,3.000e-04,3.6751,,
2130,3.000e-04,3.6901,,
2131,3.000e-04,3.6663,,
2132,3.000e-04,3.6360,,
2133,3.000e-04,3.7004,,
2134,3.000e-04,3.6785,,
2135,3.000e-04,3.7055,,
2136,3.000e-04,3.7234,,
2137,3.000e-04,3.6576,,
2138,3.000e-04,3.6538,,
2139,3.000e-04,3.7141,,
2140,3.000e-04,3.6965,,
2141,3.000e-04,3.6563,,
2142,3.000e-04,3.6486,,
2143,3.000e-04,3.6940,,
2144,3.000e-04,3.7052,,
2145,3.000e-04,3.6634,,
2146,3.000e-04,3.6537,,
2147,3.000e-04,3.6843,,
2148,3.000e-04,3.6736,,
2149,3.000e-04,3.6481,,
2150,3.000e-04,3.6382,,
2151,3.000e-04,3.7181,,
2152,3.000e-04,3.6596,,
2153,3.000e-04,3.6739,,
2154,3.000e-04,3.6495,,
2155,3.000e-04,3.6375,,
2156,3.000e-04,3.6885,,
2157,3.000e-04,3.6871,,
2158,3.000e-04,3.6503,,
2159,3.000e-04,3.6548,,
2160,3.000e-04,3.6318,,
2161,3.000e-04,3.6847,,
2162,3.000e-04,3.6889,,
2163,3.000e-04,3.6187,,
2164,3.000e-04,3.6615,,
2165,3.000e-04,3.6896,,
2166,3.000e-04,3.6814,,
2167,3.000e-04,3.6567,,
2168,3.000e-04,3.6862,,
2169,3.000e-04,3.6165,,
2170,3.000e-04,3.6571,,
2171,3.000e-04,3.6499,,
2172,3.000e-04,3.6686,,
2173,3.000e-04,3.6539,,
2174,3.000e-04,3.6609,,
2175,3.000e-04,3.6315,,
2176,3.000e-04,3.6715,,
2177,3.000e-04,3.6330,,
2178,3.000e-04,3.6701,,
2179,3.000e-04,3.6657,,
2180,3.000e-04,3.6676,,
2181,3.000e-04,3.6521,,
2182,3.000e-04,3.6252,,
2183,3.000e-04,3.6821,,
2184,3.000e-04,3.6625,,
2185,3.000e-04,3.6477,,
2186,3.000e-04,3.6744,,
2187,3.000e-04,3.6219,,
2188,3.000e-04,3.6198,,
2189,3.000e-04,3.6709,,
2190,3.000e-04,3.6525,,
2191,3.000e-04,3.6771,,
2192,3.000e-04,3.6347,,
2193,3.000e-04,3.6518,,
2194,3.000e-04,3.6445,,
2195,3.000e-04,3.6274,,
2196,3.000e-04,3.6584,,
2197,3.000e-04,3.7052,,
2198,3.000e-04,3.6706,,
2199,3.000e-04,3.6440,,
2200,3.000e-04,3.6782,3.68763507604599,
2201,3.000e-04,3.6230,,
2202,3.000e-04,3.6376,,
2203,3.000e-04,3.6365,,
2204,3.000e-04,3.6328,,
2205,3.000e-04,3.6746,,
2206,3.000e-04,3.6412,,
2207,3.000e-04,3.6189,,
2208,3.000e-04,3.6799,,
2209,3.000e-04,3.6477,,
2210,3.000e-04,3.6312,,
2211,3.000e-04,3.6495,,
2212,3.000e-04,3.6578,,
2213,3.000e-04,3.6537,,
2214,3.000e-04,3.6264,,
2215,3.000e-04,3.6319,,
2216,3.000e-04,3.6392,,
2217,3.000e-04,3.6203,,
2218,3.000e-04,3.7048,,
2219,3.000e-04,3.6288,,
2220,3.000e-04,3.6443,,
2221,3.000e-04,3.6627,,
2222,3.000e-04,3.6805,,
2223,3.000e-04,3.6257,,
2224,3.000e-04,3.6466,,
2225,3.000e-04,3.6160,,
2226,3.000e-04,3.6079,,
2227,3.000e-04,3.5930,,
2228,3.000e-04,3.6551,,
2229,3.000e-04,3.6305,,
2230,3.000e-04,3.6583,,
2231,3.000e-04,3.6320,,
2232,3.000e-04,3.6753,,
2233,3.000e-04,3.6424,,
2234,3.000e-04,3.6120,,
2235,3.000e-04,3.6392,,
2236,3.000e-04,3.6585,,
2237,3.000e-04,3.6278,,
2238,3.000e-04,3.6718,,
2239,3.000e-04,3.6167,,
2240,3.000e-04,3.6263,,
2241,3.000e-04,3.6091,,
2242,3.000e-04,3.6478,,
2243,3.000e-04,3.6716,,
2244,3.000e-04,3.6124,,
2245,3.000e-04,3.6485,,
2246,3.000e-04,3.6480,,
2247,3.000e-04,3.6390,,
2248,3.000e-04,3.6308,,
2249,3.000e-04,3.5862,,
2250,3.000e-04,3.6135,,
2251,3.000e-04,3.6475,,
2252,3.000e-04,3.6002,,
2253,3.000e-04,3.6179,,
2254,3.000e-04,3.6562,,
2255,3.000e-04,3.6653,,
2256,3.000e-04,3.6682,,
2257,3.000e-04,3.6620,,
2258,3.000e-04,3.6928,,
2259,3.000e-04,3.6703,,
2260,3.000e-04,3.6524,,
2261,3.000e-04,3.6776,,
2262,3.000e-04,3.6454,,
2263,3.000e-04,3.6474,,
2264,3.000e-04,3.6476,,
2265,3.000e-04,3.6113,,
2266,3.000e-04,3.6445,,
2267,3.000e-04,3.6083,,
2268,3.000e-04,3.6092,,
2269,3.000e-04,3.6022,,
2270,3.000e-04,3.6917,,
2271,3.000e-04,3.6151,,
2272,3.000e-04,3.6548,,
2273,3.000e-04,3.6514,,
2274,3.000e-04,3.6204,,
2275,3.000e-04,3.6266,,
2276,3.000e-04,3.6195,,
2277,3.000e-04,3.6257,,
2278,3.000e-04,3.5907,,
2279,3.000e-04,3.6189,,
2280,3.000e-04,3.6091,,
2281,3.000e-04,3.6311,,
2282,3.000e-04,3.5881,,
2283,3.000e-04,3.6090,,
2284,3.000e-04,3.6065,,
2285,3.000e-04,3.6005,,
2286,3.000e-04,3.6337,,
2287,3.000e-04,3.6271,,
2288,3.000e-04,3.6258,,
2289,3.000e-04,3.6169,,
2290,3.000e-04,3.6291,,
2291,3.000e-04,3.5864,,
2292,3.000e-04,3.6134,,
2293,3.000e-04,3.6053,,
2294,3.000e-04,3.5825,,
2295,3.000e-04,3.6118,,
2296,3.000e-04,3.6417,,
2297,3.000e-04,3.6004,,
2298,3.000e-04,3.6113,,
2299,3.000e-04,3.5943,,
2300,3.000e-04,3.6428,3.5218852877616884,
2301,3.000e-04,3.6212,,
2302,3.000e-04,3.6181,,
2303,3.000e-04,3.6148,,
2304,3.000e-04,3.6376,,
2305,3.000e-04,3.6240,,
2306,3.000e-04,3.6266,,
2307,3.000e-04,3.6370,,
2308,3.000e-04,3.6539,,
2309,3.000e-04,3.6226,,
2310,3.000e-04,3.6452,,
2311,3.000e-04,3.5904,,
2312,3.000e-04,3.5865,,
2313,3.000e-04,3.6177,,
2314,3.000e-04,3.5958,,
2315,3.000e-04,3.6287,,
2316,3.000e-04,3.6136,,
2317,3.000e-04,3.5896,,
2318,3.000e-04,3.6250,,
2319,3.000e-04,3.6176,,
2320,3.000e-04,3.6001,,
2321,3.000e-04,3.6252,,
2322,3.000e-04,3.5906,,
2323,3.000e-04,3.5930,,
2324,3.000e-04,3.6334,,
2325,3.000e-04,3.5351,,
2326,3.000e-04,3.6400,,
2327,3.000e-04,3.6072,,
2328,3.000e-04,3.6209,,
2329,3.000e-04,3.5799,,
2330,3.000e-04,3.5911,,
2331,3.000e-04,3.6192,,
2332,3.000e-04,3.6324,,
2333,3.000e-04,3.6126,,
2334,3.000e-04,3.6454,,
2335,3.000e-04,3.6342,,
2336,3.000e-04,3.6247,,
2337,3.000e-04,3.5981,,
2338,3.000e-04,3.5912,,
2339,3.000e-04,3.6060,,
2340,3.000e-04,3.5895,,
2341,3.000e-04,3.6062,,
2342,3.000e-04,3.6060,,
2343,3.000e-04,3.6222,,
2344,3.000e-04,3.6008,,
2345,3.000e-04,3.6208,,
2346,3.000e-04,3.5973,,
2347,3.000e-04,3.5946,,
2348,3.000e-04,3.5838,,
2349,3.000e-04,3.6247,,
2350,3.000e-04,3.5981,,
2351,3.000e-04,3.6074,,
2352,3.000e-04,3.6141,,
2353,3.000e-04,3.5580,,
2354,3.000e-04,3.6164,,
2355,3.000e-04,3.5861,,
2356,3.000e-04,3.5916,,
2357,3.000e-04,3.5950,,
2358,3.000e-04,3.6106,,
2359,3.000e-04,3.6065,,
2360,3.000e-04,3.6128,,
2361,3.000e-04,3.5859,,
2362,3.000e-04,3.6017,,
2363,3.000e-04,3.5793,,
2364,3.000e-04,3.6207,,
2365,3.000e-04,3.6015,,
2366,3.000e-04,3.5845,,
2367,3.000e-04,3.5831,,
2368,3.000e-04,3.5663,,
2369,3.000e-04,3.6038,,
2370,3.000e-04,3.5911,,
2371,3.000e-04,3.5816,,
2372,3.000e-04,3.5443,,
2373,3.000e-04,3.5916,,
2374,3.000e-04,3.5805,,
2375,3.000e-04,3.5925,,
2376,3.000e-04,3.5860,,
2377,3.000e-04,3.5782,,
2378,3.000e-04,3.5770,,
2379,3.000e-04,3.6139,,
2380,3.000e-04,3.6176,,
2381,3.000e-04,3.5997,,
2382,3.000e-04,3.6274,,
2383,3.000e-04,3.5689,,
2384,3.000e-04,3.5719,,
2385,3.000e-04,3.5399,,
2386,3.000e-04,3.5931,,
2387,3.000e-04,3.5650,,
2388,3.000e-04,3.6151,,
2389,3.000e-04,3.6079,,
2390,3.000e-04,3.5849,,
2391,3.000e-04,3.5817,,
2392,3.000e-04,3.5702,,
2393,3.000e-04,3.6411,,
2394,3.000e-04,3.5475,,
2395,3.000e-04,3.5803,,
2396,3.000e-04,3.5875,,
2397,3.000e-04,3.5523,,
2398,3.000e-04,3.6124,,
2399,3.000e-04,3.5930,,
2400,3.000e-04,3.5851,3.6090731739997866,
2401,3.000e-04,3.6224,,
2402,3.000e-04,3.5909,,
2403,3.000e-04,3.5968,,
2404,3.000e-04,3.5396,,
2405,3.000e-04,3.5873,,
2406,3.000e-04,3.5649,,
2407,3.000e-04,3.6173,,
2408,3.000e-04,3.5990,,
2409,3.000e-04,3.5667,,
2410,3.000e-04,3.5788,,
2411,3.000e-04,3.6183,,
2412,3.000e-04,3.5930,,
2413,3.000e-04,3.5829,,
2414,3.000e-04,3.5764,,
2415,3.000e-04,3.5763,,
2416,3.000e-04,3.5378,,
2417,3.000e-04,3.5778,,
2418,3.000e-04,3.5801,,
2419,3.000e-04,3.5771,,
2420,3.000e-04,3.5888,,
2421,3.000e-04,3.6220,,
2422,3.000e-04,3.5853,,
2423,3.000e-04,3.5873,,
2424,3.000e-04,3.5726,,
2425,3.000e-04,3.5834,,
2426,3.000e-04,3.5983,,
2427,3.000e-04,3.5882,,
2428,3.000e-04,3.5583,,
2429,3.000e-04,3.5644,,
2430,3.000e-04,3.5805,,
2431,3.000e-04,3.6083,,
2432,3.000e-04,3.5707,,
2433,3.000e-04,3.5884,,
2434,3.000e-04,3.5769,,
2435,3.000e-04,3.6186,,
2436,3.000e-04,3.5563,,
2437,3.000e-04,3.5900,,
2438,3.000e-04,3.5691,,
2439,3.000e-04,3.5477,,
2440,3.000e-04,3.5684,,
2441,3.000e-04,3.5636,,
2442,3.000e-04,3.5762,,
2443,3.000e-04,3.5593,,
2444,3.000e-04,3.5416,,
2445,3.000e-04,3.5296,,
2446,3.000e-04,3.6054,,
2447,3.000e-04,3.5726,,
2448,3.000e-04,3.5687,,
2449,3.000e-04,3.5569,,
2450,3.000e-04,3.5450,,
2451,3.000e-04,3.5605,,
2452,3.000e-04,3.5908,,
2453,3.000e-04,3.5418,,
2454,3.000e-04,3.5732,,
2455,3.000e-04,3.6033,,
2456,3.000e-04,3.5674,,
2457,3.000e-04,3.5633,,
2458,3.000e-04,3.5400,,
2459,3.000e-04,3.5408,,
2460,3.000e-04,3.5386,,
2461,3.000e-04,3.5652,,
2462,3.000e-04,3.5876,,
2463,3.000e-04,3.5501,,
2464,3.000e-04,3.5412,,
2465,3.000e-04,3.5437,,
2466,3.000e-04,3.5644,,
2467,3.000e-04,3.5559,,
2468,3.000e-04,3.5523,,
2469,3.000e-04,3.5319,,
2470,3.000e-04,3.5719,,
2471,3.000e-04,3.5459,,
2472,3.000e-04,3.5887,,
2473,3.000e-04,3.5445,,
2474,3.000e-04,3.5854,,
2475,3.000e-04,3.5459,,
2476,3.000e-04,3.5209,,
2477,3.000e-04,3.5788,,
2478,3.000e-04,3.5771,,
2479,3.000e-04,3.5395,,
2480,3.000e-04,3.5131,,
2481,3.000e-04,3.5936,,
2482,3.000e-04,3.5653,,
2483,3.000e-04,3.5294,,
2484,3.000e-04,3.5612,,
2485,3.000e-04,3.5764,,
2486,3.000e-04,3.5785,,
2487,3.000e-04,3.5691,,
2488,3.000e-04,3.5853,,
2489,3.000e-04,3.5640,,
2490,3.000e-04,3.5742,,
2491,3.000e-04,3.5528,,
2492,3.000e-04,3.5611,,
2493,3.000e-04,3.5625,,
2494,3.000e-04,3.5633,,
2495,3.000e-04,3.5198,,
2496,3.000e-04,3.5271,,
2497,3.000e-04,3.5505,,
2498,3.000e-04,3.5671,,
2499,3.000e-04,3.5318,,
2500,3.000e-04,3.5381,3.4769726753234864,
2501,3.000e-04,3.5466,,
2502,3.000e-04,3.5632,,
2503,3.000e-04,3.5234,,
2504,3.000e-04,3.5495,,
2505,3.000e-04,3.5381,,
2506,3.000e-04,3.5774,,
2507,3.000e-04,3.5596,,
2508,3.000e-04,3.5699,,
2509,3.000e-04,3.6034,,
2510,3.000e-04,3.5922,,
2511,3.000e-04,3.6067,,
2512,3.000e-04,3.5887,,
2513,3.000e-04,3.5665,,
2514,3.000e-04,3.5277,,
2515,3.000e-04,3.5665,,
2516,3.000e-04,3.5678,,
2517,3.000e-04,3.5692,,
2518,3.000e-04,3.5445,,
2519,3.000e-04,3.5257,,
2520,3.000e-04,3.5474,,
2521,3.000e-04,3.5197,,
2522,3.000e-04,3.5947,,
2523,3.000e-04,3.5420,,
2524,3.000e-04,3.5225,,
2525,3.000e-04,3.5649,,
2526,3.000e-04,3.5158,,
2527,3.000e-04,3.5715,,
2528,3.000e-04,3.5608,,
2529,3.000e-04,3.5513,,
2530,3.000e-04,3.5344,,
2531,3.000e-04,3.5688,,
2532,3.000e-04,3.5093,,
2533,3.000e-04,3.5580,,
2534,3.000e-04,3.5609,,
2535,3.000e-04,3.5159,,
2536,3.000e-04,3.5757,,
2537,3.000e-04,3.5303,,
2538,3.000e-04,3.5301,,
2539,3.000e-04,3.5461,,
2540,3.000e-04,3.5281,,
2541,3.000e-04,3.6043,,
2542,3.000e-04,3.5471,,
2543,3.000e-04,3.5770,,
2544,3.000e-04,3.5861,,
2545,3.000e-04,3.5582,,
2546,3.000e-04,3.5399,,
2547,3.000e-04,3.5795,,
2548,3.000e-04,3.5137,,
2549,3.000e-04,3.5692,,
2550,3.000e-04,3.5670,,
2551,3.000e-04,3.5145,,
2552,3.000e-04,3.5693,,
2553,3.000e-04,3.5408,,
2554,3.000e-04,3.5492,,
2555,3.000e-04,3.5213,,
2556,3.000e-04,3.5622,,
2557,3.000e-04,3.5534,,
2558,3.000e-04,3.5326,,
2559,3.000e-04,3.5254,,
2560,3.000e-04,3.5460,,
2561,3.000e-04,3.5465,,
2562,3.000e-04,3.5241,,
2563,3.000e-04,3.5630,,
2564,3.000e-04,3.5043,,
2565,3.000e-04,3.5285,,
2566,3.000e-04,3.5679,,
2567,3.000e-04,3.5521,,
2568,3.000e-04,3.4955,,
2569,3.000e-04,3.5251,,
2570,3.000e-04,3.5820,,
2571,3.000e-04,3.5824,,
2572,3.000e-04,3.5049,,
2573,3.000e-04,3.5490,,
2574,3.000e-04,3.5342,,
2575,3.000e-04,3.5072,,
2576,3.000e-04,3.5542,,
2577,3.000e-04,3.5508,,
2578,3.000e-04,3.5660,,
2579,3.000e-04,3.5432,,
2580,3.000e-04,3.5529,,
2581,3.000e-04,3.5360,,
2582,3.000e-04,3.5377,,
2583,3.000e-04,3.5509,,
2584,3.000e-04,3.5755,,
2585,3.000e-04,3.5451,,
2586,3.000e-04,3.5228,,
2587,3.000e-04,3.5625,,
2588,3.000e-04,3.5535,,
2589,3.000e-04,3.5203,,
2590,3.000e-04,3.5134,,
2591,3.000e-04,3.5680,,
2592,3.000e-04,3.5218,,
2593,3.000e-04,3.5255,,
2594,3.000e-04,3.4658,,
2595,3.000e-04,3.5849,,
2596,3.000e-04,3.5312,,
2597,3.000e-04,3.5030,,
2598,3.000e-04,3.5214,,
2599,3.000e-04,3.4992,,
2600,3.000e-04,3.5591,3.4467970728874207,
2601,3.000e-04,3.5167,,
2602,3.000e-04,3.5125,,
2603,3.000e-04,3.5470,,
2604,3.000e-04,3.5526,,
2605,3.000e-04,3.5155,,
2606,3.000e-04,3.5508,,
2607,3.000e-04,3.5289,,
2608,3.000e-04,3.5322,,
2609,3.000e-04,3.5262,,
2610,3.000e-04,3.5577,,
2611,3.000e-04,3.5497,,
2612,3.000e-04,3.5042,,
2613,3.000e-04,3.5508,,
2614,3.000e-04,3.5251,,
2615,3.000e-04,3.5182,,
2616,3.000e-04,3.5153,,
2617,3.000e-04,3.5419,,
2618,3.000e-04,3.5341,,
2619,3.000e-04,3.5680,,
2620,3.000e-04,3.5071,,
2621,3.000e-04,3.5323,,
2622,3.000e-04,3.5360,,
2623,3.000e-04,3.5223,,
2624,3.000e-04,3.5555,,
2625,3.000e-04,3.5314,,
2626,3.000e-04,3.5254,,
2627,3.000e-04,3.5127,,
2628,3.000e-04,3.4923,,
2629,3.000e-04,3.4793,,
2630,3.000e-04,3.5296,,
2631,3.000e-04,3.5467,,
2632,3.000e-04,3.5295,,
2633,3.000e-04,3.5415,,
2634,3.000e-04,3.5421,,
2635,3.000e-04,3.5531,,
2636,3.000e-04,3.5228,,
2637,3.000e-04,3.5078,,
2638,3.000e-04,3.4861,,
2639,3.000e-04,3.5029,,
2640,3.000e-04,3.5003,,
2641,3.000e-04,3.5121,,
2642,3.000e-04,3.5200,,
2643,3.000e-04,3.4758,,
2644,3.000e-04,3.4704,,
2645,3.000e-04,3.5761,,
2646,3.000e-04,3.5303,,
2647,3.000e-04,3.5128,,
2648,3.000e-04,3.4892,,
2649,3.000e-04,3.5077,,
2650,3.000e-04,3.5017,,
2651,3.000e-04,3.5387,,
2652,3.000e-04,3.4931,,
2653,3.000e-04,3.5382,,
2654,3.000e-04,3.5130,,
2655,3.000e-04,3.5358,,
2656,3.000e-04,3.5018,,
2657,3.000e-04,3.4979,,
2658,3.000e-04,3.5015,,
2659,3.000e-04,3.5602,,
2660,3.000e-04,3.5306,,
2661,3.000e-04,3.4749,,
2662,3.000e-04,3.5360,,
2663,3.000e-04,3.5361,,
2664,3.000e-04,3.4638,,
2665,3.000e-04,3.5320,,
2666,3.000e-04,3.5054,,
2667,3.000e-04,3.4726,,
2668,3.000e-04,3.4730,,
2669,3.000e-04,3.5269,,
2670,3.000e-04,3.5068,,
2671,3.000e-04,3.5572,,
2672,3.000e-04,3.5158,,
2673,3.000e-04,3.4900,,
2674,3.000e-04,3.5423,,
2675,3.000e-04,3.4977,,
2676,3.000e-04,3.5353,,
2677,3.000e-04,3.5273,,
2678,3.000e-04,3.5022,,
2679,3.000e-04,3.5358,,
2680,3.000e-04,3.5048,,
2681,3.000e-04,3.5370,,
2682,3.000e-04,3.5046,,
2683,3.000e-04,3.4770,,
2684,3.000e-04,3.5022,,
2685,3.000e-04,3.5028,,
2686,3.000e-04,3.4739,,
2687,3.000e-04,3.4824,,
2688,3.000e-04,3.5762,,
2689,3.000e-04,3.5493,,
2690,3.000e-04,3.5147,,
2691,3.000e-04,3.5302,,
2692,3.000e-04,3.5232,,
2693,3.000e-04,3.5217,,
2694,3.000e-04,3.5118,,
2695,3.000e-04,3.5268,,
2696,3.000e-04,3.5021,,
2697,3.000e-04,3.4883,,
2698,3.000e-04,3.5376,,
2699,3.000e-04,3.4787,,
2700,3.000e-04,3.5025,3.4232826352119448,
2701,3.000e-04,3.5147,,
2702,3.000e-04,3.5255,,
2703,3.000e-04,3.5032,,
2704,3.000e-04,3.5527,,
2705,3.000e-04,3.5640,,
2706,3.000e-04,3.4947,,
2707,3.000e-04,3.5301,,
2708,3.000e-04,3.4648,,
2709,3.000e-04,3.5292,,
2710,3.000e-04,3.5031,,
2711,3.000e-04,3.5388,,
2712,3.000e-04,3.5255,,
2713,3.000e-04,3.5102,,
2714,3.000e-04,3.5055,,
2715,3.000e-04,3.4963,,
2716,3.000e-04,3.5179,,
2717,3.000e-04,3.5271,,
2718,3.000e-04,3.5292,,
2719,3.000e-04,3.4794,,
2720,3.000e-04,3.4959,,
2721,3.000e-04,3.5297,,
2722,3.000e-04,3.5069,,
2723,3.000e-04,3.4923,,
2724,3.000e-04,3.5120,,
2725,3.000e-04,3.5322,,
2726,3.000e-04,3.5096,,
2727,3.000e-04,3.4970,,
2728,3.000e-04,3.5217,,
2729,3.000e-04,3.5010,,
2730,3.000e-04,3.5640,,
2731,3.000e-04,3.5138,,
2732,3.000e-04,3.5239,,
2733,3.000e-04,3.5176,,
2734,3.000e-04,3.5404,,
2735,3.000e-04,3.5257,,
2736,3.000e-04,3.4680,,
2737,3.000e-04,3.4853,,
2738,3.000e-04,3.5010,,
2739,3.000e-04,3.4739,,
2740,3.000e-04,3.4827,,
2741,3.000e-04,3.4912,,
2742,3.000e-04,3.5086,,
2743,3.000e-04,3.5277,,
2744,3.000e-04,3.5086,,
2745,3.000e-04,3.5236,,
2746,3.000e-04,3.4648,,
2747,3.000e-04,3.4689,,
2748,3.000e-04,3.5303,,
2749,3.000e-04,3.5124,,
2750,3.000e-04,3.5182,,
2751,3.000e-04,3.4749,,
2752,3.000e-04,3.4873,,
2753,3.000e-04,3.4926,,
2754,3.000e-04,3.5357,,
2755,3.000e-04,3.5120,,
2756,3.000e-04,3.4977,,
2757,3.000e-04,3.4898,,
2758,3.000e-04,3.5257,,
2759,3.000e-04,3.5093,,
2760,3.000e-04,3.4708,,
2761,3.000e-04,3.5190,,
2762,3.000e-04,3.4777,,
2763,3.000e-04,3.4724,,
2764,3.000e-04,3.4885,,
2765,3.000e-04,3.5262,,
2766,3.000e-04,3.4987,,
2767,3.000e-04,3.4863,,
2768,3.000e-04,3.4808,,
2769,3.000e-04,3.4963,,
2770,3.000e-04,3.5014,,
2771,3.000e-04,3.4834,,
2772,3.000e-04,3.4860,,
2773,3.000e-04,3.4888,,
2774,3.000e-04,3.4984,,
2775,3.000e-04,3.4702,,
2776,3.000e-04,3.5240,,
2777,3.000e-04,3.4542,,
2778,3.000e-04,3.4964,,
2779,3.000e-04,3.4705,,
2780,3.000e-04,3.4731,,
2781,3.000e-04,3.4862,,
2782,3.000e-04,3.5004,,
2783,3.000e-04,3.4928,,
2784,3.000e-04,3.4857,,
2785,3.000e-04,3.4412,,
2786,3.000e-04,3.4195,,
2787,3.000e-04,3.4718,,
2788,3.000e-04,3.4536,,
2789,3.000e-04,3.4792,,
2790,3.000e-04,3.4895,,
2791,3.000e-04,3.4870,,
2792,3.000e-04,3.4776,,
2793,3.000e-04,3.4929,,
2794,3.000e-04,3.4910,,
2795,3.000e-04,3.4543,,
2796,3.000e-04,3.5094,,
2797,3.000e-04,3.5106,,
2798,3.000e-04,3.4659,,
2799,3.000e-04,3.4638,,
2800,3.000e-04,3.4332,3.4223185420036315,
2801,3.000e-04,3.4984,,
2802,3.000e-04,3.4844,,
2803,3.000e-04,3.4682,,
2804,3.000e-04,3.4764,,
2805,3.000e-04,3.4907,,
2806,3.000e-04,3.4970,,
2807,3.000e-04,3.5181,,
2808,3.000e-04,3.4890,,
2809,3.000e-04,3.4990,,
2810,3.000e-04,3.5155,,
2811,3.000e-04,3.5052,,
2812,3.000e-04,3.4601,,
2813,3.000e-04,3.4916,,
2814,3.000e-04,3.5077,,
2815,3.000e-04,3.4733,,
2816,3.000e-04,3.5197,,
2817,3.000e-04,3.4965,,
2818,3.000e-04,3.4318,,
2819,3.000e-04,3.4905,,
2820,3.000e-04,3.5053,,
2821,3.000e-04,3.4271,,
2822,3.000e-04,3.4951,,
2823,3.000e-04,3.5065,,
2824,3.000e-04,3.5293,,
2825,3.000e-04,3.5058,,
2826,3.000e-04,3.4524,,
2827,3.000e-04,3.4941,,
2828,3.000e-04,3.4865,,
2829,3.000e-04,3.5243,,
2830,3.000e-04,3.4990,,
2831,3.000e-04,3.4821,,
2832,3.000e-04,3.4368,,
2833,3.000e-04,3.4735,,
2834,3.000e-04,3.4785,,
2835,3.000e-04,3.4489,,
2836,3.000e-04,3.5300,,
2837,3.000e-04,3.5037,,
2838,3.000e-04,3.4801,,
2839,3.000e-04,3.5022,,
2840,3.000e-04,3.4484,,
2841,3.000e-04,3.4894,,
2842,3.000e-04,3.4812,,
2843,3.000e-04,3.4727,,
2844,3.000e-04,3.5339,,
2845,3.000e-04,3.4847,,
2846,3.000e-04,3.4633,,
2847,3.000e-04,3.4828,,
2848,3.000e-04,3.4550,,
2849,3.000e-04,3.5046,,
2850,3.000e-04,3.4529,,
2851,3.000e-04,3.4561,,
2852,3.000e-04,3.5099,,
2853,3.000e-04,3.4673,,
2854,3.000e-04,3.4492,,
2855,3.000e-04,3.4582,,
2856,3.000e-04,3.4896,,
2857,3.000e-04,3.4779,,
2858,3.000e-04,3.4634,,
2859,3.000e-04,3.4883,,
2860,3.000e-04,3.4818,,
2861,3.000e-04,3.4893,,
2862,3.000e-04,3.5002,,
2863,3.000e-04,3.4694,,
2864,3.000e-04,3.4652,,
2865,3.000e-04,3.4792,,
2866,3.000e-04,3.4738,,
2867,3.000e-04,3.4701,,
2868,3.000e-04,3.4862,,
2869,3.000e-04,3.4354,,
2870,3.000e-04,3.4448,,
2871,3.000e-04,3.5049,,
2872,3.000e-04,3.4964,,
2873,3.000e-04,3.4872,,
2874,3.000e-04,3.4594,,
2875,3.000e-04,3.5051,,
2876,3.000e-04,3.4736,,
2877,3.000e-04,3.4897,,
2878,3.000e-04,3.4769,,
2879,3.000e-04,3.4325,,
2880,3.000e-04,3.5100,,
2881,3.000e-04,3.4834,,
2882,3.000e-04,3.4533,,
2883,3.000e-04,3.4433,,
2884,3.000e-04,3.4457,,
2885,3.000e-04,3.4748,,
2886,3.000e-04,3.4682,,
2887,3.000e-04,3.4453,,
2888,3.000e-04,3.4637,,
2889,3.000e-04,3.4995,,
2890,3.000e-04,3.4565,,
2891,3.000e-04,3.4994,,
2892,3.000e-04,3.5120,,
2893,3.000e-04,3.5003,,
2894,3.000e-04,3.4454,,
2895,3.000e-04,3.4898,,
2896,3.000e-04,3.5037,,
2897,3.000e-04,3.4852,,
2898,3.000e-04,3.4418,,
2899,3.000e-04,3.4339,,
2900,3.000e-04,3.4850,3.4719566822052004,
2901,3.000e-04,3.4649,,
2902,3.000e-04,3.4510,,
2903,3.000e-04,3.4559,,
2904,3.000e-04,3.4630,,
2905,3.000e-04,3.5039,,
2906,3.000e-04,3.4793,,
2907,3.000e-04,3.4695,,
2908,3.000e-04,3.4574,,
2909,3.000e-04,3.4687,,
2910,3.000e-04,3.5192,,
2911,3.000e-04,3.4295,,
2912,3.000e-04,3.4477,,
2913,3.000e-04,3.4966,,
2914,3.000e-04,3.4681,,
2915,3.000e-04,3.4662,,
2916,3.000e-04,3.4832,,
2917,3.000e-04,3.4430,,
2918,3.000e-04,3.4626,,
2919,3.000e-04,3.5046,,
2920,3.000e-04,3.4720,,
2921,3.000e-04,3.4644,,
2922,3.000e-04,3.4504,,
2923,3.000e-04,3.4126,,
2924,3.000e-04,3.4545,,
2925,3.000e-04,3.4490,,
2926,3.000e-04,3.4688,,
2927,3.000e-04,3.4174,,
2928,3.000e-04,3.4517,,
2929,3.000e-04,3.4491,,
2930,3.000e-04,3.4825,,
2931,3.000e-04,3.4397,,
2932,3.000e-04,3.4583,,
2933,3.000e-04,3.4654,,
2934,3.000e-04,3.4415,,
2935,3.000e-04,3.4895,,
2936,3.000e-04,3.4563,,
2937,3.000e-04,3.4680,,
2938,3.000e-04,3.4619,,
2939,3.000e-04,3.5070,,
2940,3.000e-04,3.4505,,
2941,3.000e-04,3.4689,,
2942,3.000e-04,3.4581,,
2943,3.000e-04,3.4518,,
2944,3.000e-04,3.4980,,
2945,3.000e-04,3.4413,,
2946,3.000e-04,3.4855,,
2947,3.000e-04,3.4662,,
2948,3.000e-04,3.4311,,
2949,3.000e-04,3.4586,,
2950,3.000e-04,3.4601,,
2951,3.000e-04,3.4590,,
2952,3.000e-04,3.4428,,
2953,3.000e-04,3.4466,,
2954,3.000e-04,3.4214,,
2955,3.000e-04,3.4600,,
2956,3.000e-04,3.4985,,
2957,3.000e-04,3.4468,,
2958,3.000e-04,3.4566,,
2959,3.000e-04,3.4593,,
2960,3.000e-04,3.4443,,
2961,3.000e-04,3.4464,,
2962,3.000e-04,3.3917,,
2963,3.000e-04,3.4641,,
2964,3.000e-04,3.4735,,
2965,3.000e-04,3.4531,,
2966,3.000e-04,3.4493,,
2967,3.000e-04,3.4358,,
2968,3.000e-04,3.4780,,
2969,3.000e-04,3.4721,,
2970,3.000e-04,3.4774,,
2971,3.000e-04,3.4495,,
2972,3.000e-04,3.4680,,
2973,3.000e-04,3.4447,,
2974,3.000e-04,3.4762,,
2975,3.000e-04,3.4394,,
2976,3.000e-04,3.4478,,
2977,3.000e-04,3.4713,,
2978,3.000e-04,3.4515,,
2979,3.000e-04,3.4289,,
2980,3.000e-04,3.4286,,
2981,3.000e-04,3.5014,,
2982,3.000e-04,3.4182,,
2983,3.000e-04,3.4261,,
2984,3.000e-04,3.5021,,
2985,3.000e-04,3.4638,,
2986,3.000e-04,3.4637,,
2987,3.000e-04,3.4148,,
2988,3.000e-04,3.3997,,
2989,3.000e-04,3.4768,,
2990,3.000e-04,3.4758,,
2991,3.000e-04,3.4230,,
2992,3.000e-04,3.4460,,
2993,3.000e-04,3.4674,,
2994,3.000e-04,3.4446,,
2995,3.000e-04,3.4616,,
2996,3.000e-04,3.4442,,
2997,3.000e-04,3.4510,,
2998,3.000e-04,3.4463,,
2999,3.000e-04,3.4617,,
3000,3.000e-04,3.4123,3.394753170013428,
3001,3.000e-04,3.4837,,
3002,3.000e-04,3.4596,,
3003,3.000e-04,3.4681,,
3004,3.000e-04,3.4264,,
3005,3.000e-04,3.4425,,
3006,3.000e-04,3.4679,,
3007,3.000e-04,3.4213,,
3008,3.000e-04,3.4794,,
3009,3.000e-04,3.4466,,
3010,3.000e-04,3.4855,,
3011,3.000e-04,3.4514,,
3012,3.000e-04,3.4160,,
3013,3.000e-04,3.4464,,
3014,3.000e-04,3.4688,,
3015,3.000e-04,3.4207,,
3016,3.000e-04,3.4509,,
3017,3.000e-04,3.4275,,
3018,3.000e-04,3.4325,,
3019,3.000e-04,3.4446,,
3020,3.000e-04,3.4491,,
3021,3.000e-04,3.4220,,
3022,3.000e-04,3.4498,,
3023,3.000e-04,3.4524,,
3024,3.000e-04,3.4269,,
3025,3.000e-04,3.4699,,
3026,3.000e-04,3.4391,,
3027,3.000e-04,3.4538,,
3028,3.000e-04,3.4361,,
3029,3.000e-04,3.4309,,
3030,3.000e-04,3.4055,,
3031,3.000e-04,3.4330,,
3032,3.000e-04,3.4095,,
3033,3.000e-04,3.4882,,
3034,3.000e-04,3.4518,,
3035,3.000e-04,3.4385,,
3036,3.000e-04,3.4399,,
3037,3.000e-04,3.4855,,
3038,3.000e-04,3.4367,,
3039,3.000e-04,3.4611,,
3040,3.000e-04,3.4546,,
3041,3.000e-04,3.4520,,
3042,3.000e-04,3.4433,,
3043,3.000e-04,3.4491,,
3044,3.000e-04,3.4244,,
3045,3.000e-04,3.4793,,
3046,3.000e-04,3.3954,,
3047,3.000e-04,3.4835,,
3048,3.000e-04,3.4040,,
3049,3.000e-04,3.4470,,
3050,3.000e-04,3.4725,,
3051,3.000e-04,3.4084,,
3052,3.000e-04,3.4359,,
3053,3.000e-04,3.4401,,
3054,3.000e-04,3.4494,,
3055,3.000e-04,3.4729,,
3056,3.000e-04,3.4521,,
3057,3.000e-04,3.4313,,
3058,3.000e-04,3.5007,,
3059,3.000e-04,3.4499,,
3060,3.000e-04,3.4641,,
3061,3.000e-04,3.4136,,
3062,3.000e-04,3.4462,,
3063,3.000e-04,3.4994,,
3064,3.000e-04,3.4273,,
3065,3.000e-04,3.4445,,
3066,3.000e-04,3.4195,,
3067,3.000e-04,3.4087,,
3068,3.000e-04,3.4223,,
3069,3.000e-04,3.4460,,
3070,3.000e-04,3.4469,,
3071,3.000e-04,3.4304,,
3072,3.000e-04,3.4133,,
3073,3.000e-04,3.4424,,
3074,3.000e-04,3.4321,,
3075,3.000e-04,3.4090,,
3076,3.000e-04,3.4614,,
3077,3.000e-04,3.4339,,
3078,3.000e-04,3.4012,,
3079,3.000e-04,3.4572,,
3080,3.000e-04,3.4543,,
3081,3.000e-04,3.4613,,
3082,3.000e-04,3.4937,,
3083,3.000e-04,3.4545,,
3084,3.000e-04,3.4713,,
3085,3.000e-04,3.4276,,
3086,3.000e-04,3.4241,,
3087,3.000e-04,3.4277,,
3088,3.000e-04,3.4222,,
3089,3.000e-04,3.4523,,
3090,3.000e-04,3.4475,,
3091,3.000e-04,3.3976,,
3092,3.000e-04,3.4866,,
3093,3.000e-04,3.4269,,
3094,3.000e-04,3.4194,,
3095,3.000e-04,3.4535,,
3096,3.000e-04,3.4213,,
3097,3.000e-04,3.4329,,
3098,3.000e-04,3.4168,,
3099,3.000e-04,3.4053,,
3100,3.000e-04,3.4003,3.3262207984924315,
3101,3.000e-04,3.4340,,
3102,3.000e-04,3.4098,,
3103,3.000e-04,3.4426,,
3104,3.000e-04,3.4465,,
3105,3.000e-04,3.3984,,
3106,3.000e-04,3.4801,,
3107,3.000e-04,3.4455,,
3108,3.000e-04,3.4100,,
3109,3.000e-04,3.3799,,
3110,3.000e-04,3.4466,,
3111,3.000e-04,3.4375,,
3112,3.000e-04,3.4076,,
3113,3.000e-04,3.4555,,
3114,3.000e-04,3.4626,,
3115,3.000e-04,3.4561,,
3116,3.000e-04,3.4296,,
3117,3.000e-04,3.4070,,
3118,3.000e-04,3.3795,,
3119,3.000e-04,3.3911,,
3120,3.000e-04,3.4522,,
3121,3.000e-04,3.4400,,
3122,3.000e-04,3.4162,,
3123,3.000e-04,3.4040,,
3124,3.000e-04,3.4307,,
3125,3.000e-04,3.4305,,
3126,3.000e-04,3.4094,,
3127,3.000e-04,3.4039,,
3128,3.000e-04,3.4465,,
3129,3.000e-04,3.4446,,
3130,3.000e-04,3.3880,,
3131,3.000e-04,3.4182,,
3132,3.000e-04,3.4219,,
3133,3.000e-04,3.3867,,
3134,3.000e-04,3.4277,,
3135,3.000e-04,3.4589,,
3136,3.000e-04,3.4330,,
3137,3.000e-04,3.4213,,
3138,3.000e-04,3.3907,,
3139,3.000e-04,3.4427,,
3140,3.000e-04,3.4026,,
3141,3.000e-04,3.4069,,
3142,3.000e-04,3.4216,,
3143,3.000e-04,3.4132,,
3144,3.000e-04,3.4662,,
3145,3.000e-04,3.4266,,
3146,3.000e-04,3.3927,,
3147,3.000e-04,3.4738,,
3148,3.000e-04,3.4139,,
3149,3.000e-04,3.4447,,
3150,3.000e-04,3.4407,,
3151,3.000e-04,3.4073,,
3152,3.000e-04,3.4753,,
3153,3.000e-04,3.3830,,
3154,3.000e-04,3.4246,,
3155,3.000e-04,3.4375,,
3156,3.000e-04,3.4832,,
3157,3.000e-04,3.4417,,
3158,3.000e-04,3.4368,,
3159,3.000e-04,3.3972,,
3160,3.000e-04,3.4421,,
3161,3.000e-04,3.3950,,
3162,3.000e-04,3.4249,,
3163,3.000e-04,3.4379,,
3164,3.000e-04,3.4122,,
3165,3.000e-04,3.4395,,
3166,3.000e-04,3.4056,,
3167,3.000e-04,3.4095,,
3168,3.000e-04,3.3908,,
3169,3.000e-04,3.4540,,
3170,3.000e-04,3.4651,,
3171,3.000e-04,3.4166,,
3172,3.000e-04,3.4315,,
3173,3.000e-04,3.4482,,
3174,3.000e-04,3.4209,,
3175,3.000e-04,3.4238,,
3176,3.000e-04,3.4284,,
3177,3.000e-04,3.4337,,
3178,3.000e-04,3.4268,,
3179,3.000e-04,3.4322,,
3180,3.000e-04,3.3852,,
3181,3.000e-04,3.4203,,
3182,3.000e-04,3.4263,,
3183,3.000e-04,3.3988,,
3184,3.000e-04,3.4406,,
3185,3.000e-04,3.4185,,
3186,3.000e-04,3.3618,,
3187,3.000e-04,3.4348,,
3188,3.000e-04,3.4294,,
3189,3.000e-04,3.4076,,
3190,3.000e-04,3.4180,,
3191,3.000e-04,3.4094,,
3192,3.000e-04,3.3913,,
3193,3.000e-04,3.4113,,
3194,3.000e-04,3.4297,,
3195,3.000e-04,3.4451,,
3196,3.000e-04,3.4425,,
3197,3.000e-04,3.4171,,
3198,3.000e-04,3.4174,,
3199,3.000e-04,3.4286,,
3200,3.000e-04,3.4459,3.39581937789917,
3201,3.000e-04,3.4324,,
3202,3.000e-04,3.4195,,
3203,3.000e-04,3.4819,,
3204,3.000e-04,3.3889,,
3205,3.000e-04,3.3998,,
3206,3.000e-04,3.4168,,
3207,3.000e-04,3.3944,,
3208,3.000e-04,3.4423,,
3209,3.000e-04,3.3880,,
3210,3.000e-04,3.4324,,
3211,3.000e-04,3.3932,,
3212,3.000e-04,3.3845,,
3213,3.000e-04,3.4260,,
3214,3.000e-04,3.4206,,
3215,3.000e-04,3.4156,,
3216,3.000e-04,3.4129,,
3217,3.000e-04,3.3886,,
3218,3.000e-04,3.3945,,
3219,3.000e-04,3.4105,,
3220,3.000e-04,3.3604,,
3221,3.000e-04,3.4360,,
3222,3.000e-04,3.4228,,
3223,3.000e-04,3.3962,,
3224,3.000e-04,3.4141,,
3225,3.000e-04,3.3841,,
3226,3.000e-04,3.3889,,
3227,3.000e-04,3.4109,,
3228,3.000e-04,3.4026,,
3229,3.000e-04,3.4227,,
3230,3.000e-04,3.4054,,
3231,3.000e-04,3.4235,,
3232,3.000e-04,3.3804,,
3233,3.000e-04,3.3758,,
3234,3.000e-04,3.4132,,
3235,3.000e-04,3.4043,,
3236,3.000e-04,3.4357,,
3237,3.000e-04,3.3995,,
3238,3.000e-04,3.3973,,
3239,3.000e-04,3.4319,,
3240,3.000e-04,3.3852,,
3241,3.000e-04,3.4002,,
3242,3.000e-04,3.4316,,
3243,3.000e-04,3.4451,,
3244,3.000e-04,3.4046,,
3245,3.000e-04,3.4181,,
3246,3.000e-04,3.4064,,
3247,3.000e-04,3.3937,,
3248,3.000e-04,3.3923,,
3249,3.000e-04,3.3951,,
3250,3.000e-04,3.4107,,
3251,3.000e-04,3.3908,,
3252,3.000e-04,3.4263,,
3253,3.000e-04,3.3903,,
3254,3.000e-04,3.4058,,
3255,3.000e-04,3.3810,,
3256,3.000e-04,3.4492,,
3257,3.000e-04,3.4054,,
3258,3.000e-04,3.3719,,
3259,3.000e-04,3.4137,,
3260,3.000e-04,3.4105,,
3261,3.000e-04,3.4326,,
3262,3.000e-04,3.3863,,
3263,3.000e-04,3.4049,,
3264,3.000e-04,3.4115,,
3265,3.000e-04,3.4115,,
3266,3.000e-04,3.4213,,
3267,3.000e-04,3.3946,,
3268,3.000e-04,3.4285,,
3269,3.000e-04,3.4078,,
3270,3.000e-04,3.3717,,
3271,3.000e-04,3.4322,,
3272,3.000e-04,3.4236,,
3273,3.000e-04,3.3823,,
3274,3.000e-04,3.3860,,
3275,3.000e-04,3.4014,,
3276,3.000e-04,3.4152,,
3277,3.000e-04,3.4397,,
3278,3.000e-04,3.4163,,
3279,3.000e-04,3.4056,,
3280,3.000e-04,3.4067,,
3281,3.000e-04,3.4151,,
3282,3.000e-04,3.3313,,
3283,3.000e-04,3.3965,,
3284,3.000e-04,3.3917,,
3285,3.000e-04,3.3924,,
3286,3.000e-04,3.3531,,
3287,3.000e-04,3.4053,,
3288,3.000e-04,3.3946,,
3289,3.000e-04,3.3963,,
3290,3.000e-04,3.3956,,
3291,3.000e-04,3.3526,,
3292,3.000e-04,3.4015,,
3293,3.000e-04,3.3842,,
3294,3.000e-04,3.4431,,
3295,3.000e-04,3.3460,,
3296,3.000e-04,3.3755,,
3297,3.000e-04,3.4194,,
3298,3.000e-04,3.4608,,
3299,3.000e-04,3.4051,,
3300,3.000e-04,3.3802,3.402004373073578,
3301,3.000e-04,3.3794,,
3302,3.000e-04,3.4168,,
3303,3.000e-04,3.3877,,
3304,3.000e-04,3.4112,,
3305,3.000e-04,3.4123,,
3306,3.000e-04,3.3821,,
3307,3.000e-04,3.4117,,
3308,3.000e-04,3.4320,,
3309,3.000e-04,3.3974,,
3310,3.000e-04,3.3801,,
3311,3.000e-04,3.4315,,
3312,3.000e-04,3.3939,,
3313,3.000e-04,3.4260,,
3314,3.000e-04,3.3733,,
3315,3.000e-04,3.4680,,
3316,3.000e-04,3.3998,,
3317,3.000e-04,3.3849,,
3318,3.000e-04,3.3913,,
3319,3.000e-04,3.3878,,
3320,3.000e-04,3.4499,,
3321,3.000e-04,3.3932,,
3322,3.000e-04,3.4193,,
3323,3.000e-04,3.4120,,
3324,3.000e-04,3.4275,,
3325,3.000e-04,3.3715,,
3326,3.000e-04,3.4086,,
3327,3.000e-04,3.3487,,
3328,3.000e-04,3.3599,,
3329,3.000e-04,3.4091,,
3330,3.000e-04,3.3738,,
3331,3.000e-04,3.3787,,
3332,3.000e-04,3.4096,,
3333,3.000e-04,3.3896,,
3334,3.000e-04,3.4272,,
3335,3.000e-04,3.3387,,
3336,3.000e-04,3.3823,,
3337,3.000e-04,3.3795,,
3338,3.000e-04,3.4180,,
3339,3.000e-04,3.4285,,
3340,3.000e-04,3.4091,,
3341,3.000e-04,3.4182,,
3342,3.000e-04,3.4089,,
3343,3.000e-04,3.4185,,
3344,3.000e-04,3.3842,,
3345,3.000e-04,3.3819,,
3346,3.000e-04,3.3592,,
3347,3.000e-04,3.3697,,
3348,3.000e-04,3.4222,,
3349,3.000e-04,3.4100,,
3350,3.000e-04,3.3942,,
3351,3.000e-04,3.3973,,
3352,3.000e-04,3.4110,,
3353,3.000e-04,3.4180,,
3354,3.000e-04,3.3953,,
3355,3.000e-04,3.4388,,
3356,3.000e-04,3.4165,,
3357,3.000e-04,3.3973,,
3358,3.000e-04,3.3612,,
3359,3.000e-04,3.4191,,
3360,3.000e-04,3.3637,,
3361,3.000e-04,3.4132,,
3362,3.000e-04,3.4201,,
3363,3.000e-04,3.3836,,
3364,3.000e-04,3.3808,,
3365,3.000e-04,3.3612,,
3366,3.000e-04,3.3919,,
3367,3.000e-04,3.4265,,
3368,3.000e-04,3.3689,,
3369,3.000e-04,3.3916,,
3370,3.000e-04,3.4017,,
3371,3.000e-04,3.4170,,
3372,3.000e-04,3.3855,,
3373,3.000e-04,3.3992,,
3374,3.000e-04,3.3952,,
3375,3.000e-04,3.3870,,
3376,3.000e-04,3.3761,,
3377,3.000e-04,3.3933,,
3378,3.000e-04,3.3820,,
3379,3.000e-04,3.4092,,
3380,3.000e-04,3.3777,,
3381,3.000e-04,3.4084,,
3382,3.000e-04,3.3655,,
3383,3.000e-04,3.4284,,
3384,3.000e-04,3.3701,,
3385,3.000e-04,3.4129,,
3386,3.000e-04,3.3882,,
3387,3.000e-04,3.3863,,
3388,3.000e-04,3.4008,,
3389,3.000e-04,3.4093,,
3390,3.000e-04,3.3646,,
3391,3.000e-04,3.3989,,
3392,3.000e-04,3.3844,,
3393,3.000e-04,3.3662,,
3394,3.000e-04,3.3648,,
3395,3.000e-04,3.4366,,
3396,3.000e-04,3.3987,,
3397,3.000e-04,3.3800,,
3398,3.000e-04,3.3803,,
3399,3.000e-04,3.3783,,
3400,3.000e-04,3.4251,3.334785294532776,
3401,3.000e-04,3.4017,,
3402,3.000e-04,3.4394,,
3403,3.000e-04,3.3982,,
3404,3.000e-04,3.3964,,
3405,3.000e-04,3.3825,,
3406,3.000e-04,3.4022,,
3407,3.000e-04,3.3663,,
3408,3.000e-04,3.3883,,
3409,3.000e-04,3.3217,,
3410,3.000e-04,3.4085,,
3411,3.000e-04,3.3985,,
3412,3.000e-04,3.3937,,
3413,3.000e-04,3.4190,,
3414,3.000e-04,3.3682,,
3415,3.000e-04,3.3718,,
3416,3.000e-04,3.3762,,
3417,3.000e-04,3.3718,,
3418,3.000e-04,3.3713,,
3419,3.000e-04,3.3898,,
3420,3.000e-04,3.3593,,
3421,3.000e-04,3.3871,,
3422,3.000e-04,3.3872,,
3423,3.000e-04,3.3948,,
3424,3.000e-04,3.3756,,
3425,3.000e-04,3.3885,,
3426,3.000e-04,3.3684,,
3427,3.000e-04,3.4017,,
3428,3.000e-04,3.3701,,
3429,3.000e-04,3.3870,,
3430,3.000e-04,3.3968,,
3431,3.000e-04,3.4316,,
3432,3.000e-04,3.3399,,
3433,3.000e-04,3.4142,,
3434,3.000e-04,3.3450,,
3435,3.000e-04,3.3255,,
3436,3.000e-04,3.4046,,
3437,3.000e-04,3.3874,,
3438,3.000e-04,3.4051,,
3439,3.000e-04,3.3834,,
3440,3.000e-04,3.3838,,
3441,3.000e-04,3.3770,,
3442,3.000e-04,3.3844,,
3443,3.000e-04,3.4092,,
3444,3.000e-04,3.3440,,
3445,3.000e-04,3.3902,,
3446,3.000e-04,3.4100,,
3447,3.000e-04,3.4071,,
3448,3.000e-04,3.3503,,
3449,3.000e-04,3.3551,,
3450,3.000e-04,3.4358,,
3451,3.000e-04,3.4092,,
3452,3.000e-04,3.4029,,
3453,3.000e-04,3.3588,,
3454,3.000e-04,3.3633,,
3455,3.000e-04,3.3868,,
3456,3.000e-04,3.4239,,
3457,3.000e-04,3.3897,,
3458,3.000e-04,3.4328,,
3459,3.000e-04,3.3624,,
3460,3.000e-04,3.4013,,
3461,3.000e-04,3.3514,,
3462,3.000e-04,3.4082,,
3463,3.000e-04,3.4020,,
3464,3.000e-04,3.4228,,
3465,3.000e-04,3.4293,,
3466,3.000e-04,3.3771,,
3467,3.000e-04,3.4044,,
3468,3.000e-04,3.4012,,
3469,3.000e-04,3.3850,,
3470,3.000e-04,3.3758,,
3471,3.000e-04,3.3878,,
3472,3.000e-04,3.3858,,
3473,3.000e-04,3.3486,,
3474,3.000e-04,3.3872,,
3475,3.000e-04,3.3690,,
3476,3.000e-04,3.3514,,
3477,3.000e-04,3.3249,,
3478,3.000e-04,3.3459,,
3479,3.000e-04,3.4022,,
3480,3.000e-04,3.3834,,
3481,3.000e-04,3.3452,,
3482,3.000e-04,3.3739,,
3483,3.000e-04,3.3521,,
3484,3.000e-04,3.3336,,
3485,3.000e-04,3.3411,,
3486,3.000e-04,3.3870,,
3487,3.000e-04,3.3451,,
3488,3.000e-04,3.3560,,
3489,3.000e-04,3.4009,,
3490,3.000e-04,3.3760,,
3491,3.000e-04,3.4067,,
3492,3.000e-04,3.3714,,
3493,3.000e-04,3.3889,,
3494,3.000e-04,3.3431,,
3495,3.000e-04,3.3885,,
3496,3.000e-04,3.3976,,
3497,3.000e-04,3.3742,,
3498,3.000e-04,3.3986,,
3499,3.000e-04,3.4193,,
3500,3.000e-04,3.3867,3.2223913073539734,
3501,3.000e-04,3.3820,,
3502,3.000e-04,3.3848,,
3503,3.000e-04,3.3632,,
3504,3.000e-04,3.3748,,
3505,3.000e-04,3.3621,,
3506,3.000e-04,3.3543,,
3507,3.000e-04,3.3454,,
3508,3.000e-04,3.3772,,
3509,3.000e-04,3.3911,,
3510,3.000e-04,3.3421,,
3511,3.000e-04,3.3697,,
3512,3.000e-04,3.3772,,
3513,3.000e-04,3.3462,,
3514,3.000e-04,3.3493,,
3515,3.000e-04,3.3704,,
3516,3.000e-04,3.3778,,
3517,3.000e-04,3.3757,,
3518,3.000e-04,3.3785,,
3519,3.000e-04,3.3608,,
3520,3.000e-04,3.3682,,
3521,3.000e-04,3.4018,,
3522,3.000e-04,3.4066,,
3523,3.000e-04,3.3771,,
3524,3.000e-04,3.3871,,
3525,3.000e-04,3.3713,,
3526,3.000e-04,3.3736,,
3527,3.000e-04,3.3755,,
3528,3.000e-04,3.4180,,
3529,3.000e-04,3.3770,,
3530,3.000e-04,3.3879,,
3531,3.000e-04,3.3671,,
3532,3.000e-04,3.3517,,
3533,3.000e-04,3.4128,,
3534,3.000e-04,3.3587,,
3535,3.000e-04,3.4206,,
3536,3.000e-04,3.3693,,
3537,3.000e-04,3.3291,,
3538,3.000e-04,3.3719,,
3539,3.000e-04,3.3825,,
3540,3.000e-04,3.3965,,
3541,3.000e-04,3.3616,,
3542,3.000e-04,3.3443,,
3543,3.000e-04,3.3385,,
3544,3.000e-04,3.3759,,
3545,3.000e-04,3.3840,,
3546,3.000e-04,3.3793,,
3547,3.000e-04,3.3651,,
3548,3.000e-04,3.3611,,
3549,3.000e-04,3.3778,,
3550,3.000e-04,3.3643,,
3551,3.000e-04,3.3337,,
3552,3.000e-04,3.3562,,
3553,3.000e-04,3.3063,,
3554,3.000e-04,3.3969,,
3555,3.000e-04,3.3780,,
3556,3.000e-04,3.3658,,
3557,3.000e-04,3.3484,,
3558,3.000e-04,3.3728,,
3559,3.000e-04,3.3632,,
3560,3.000e-04,3.3408,,
3561,3.000e-04,3.3456,,
3562,3.000e-04,3.3684,,
3563,3.000e-04,3.3688,,
3564,3.000e-04,3.3595,,
3565,3.000e-04,3.3488,,
3566,3.000e-04,3.3583,,
3567,3.000e-04,3.3689,,
3568,3.000e-04,3.3702,,
3569,3.000e-04,3.3517,,
3570,3.000e-04,3.3547,,
3571,3.000e-04,3.3974,,
3572,3.000e-04,3.3796,,
3573,3.000e-04,3.3597,,
3574,3.000e-04,3.3653,,
3575,3.000e-04,3.3739,,
3576,3.000e-04,3.3407,,
3577,3.000e-04,3.3669,,
3578,3.000e-04,3.3455,,
3579,3.000e-04,3.3864,,
3580,3.000e-04,3.3472,,
3581,3.000e-04,3.3761,,
3582,3.000e-04,3.3718,,
3583,3.000e-04,3.3675,,
3584,3.000e-04,3.3561,,
3585,3.000e-04,3.3772,,
3586,3.000e-04,3.3431,,
3587,3.000e-04,3.3852,,
3588,3.000e-04,3.3920,,
3589,3.000e-04,3.3545,,
3590,3.000e-04,3.3679,,
3591,3.000e-04,3.3484,,
3592,3.000e-04,3.3663,,
3593,3.000e-04,3.3134,,
3594,3.000e-04,3.4036,,
3595,3.000e-04,3.3796,,
3596,3.000e-04,3.3875,,
3597,3.000e-04,3.3528,,
3598,3.000e-04,3.3788,,
3599,3.000e-04,3.3713,,
3600,3.000e-04,3.3760,3.2534708619117736,
3601,3.000e-04,3.3508,,
3602,3.000e-04,3.3363,,
3603,3.000e-04,3.3421,,
3604,3.000e-04,3.3943,,
3605,3.000e-04,3.3640,,
3606,3.000e-04,3.3641,,
3607,3.000e-04,3.3675,,
3608,3.000e-04,3.3487,,
3609,3.000e-04,3.3675,,
3610,3.000e-04,3.3587,,
3611,3.000e-04,3.3517,,
3612,3.000e-04,3.3538,,
3613,3.000e-04,3.3896,,
3614,3.000e-04,3.3404,,
3615,3.000e-04,3.3823,,
3616,3.000e-04,3.3551,,
3617,3.000e-04,3.4035,,
3618,3.000e-04,3.4034,,
3619,3.000e-04,3.3081,,
3620,3.000e-04,3.3538,,
3621,3.000e-04,3.3533,,
3622,3.000e-04,3.3637,,
3623,3.000e-04,3.3830,,
3624,3.000e-04,3.3083,,
3625,3.000e-04,3.3796,,
3626,3.000e-04,3.3608,,
3627,3.000e-04,3.3328,,
3628,3.000e-04,3.3036,,
3629,3.000e-04,3.3582,,
3630,3.000e-04,3.3410,,
3631,3.000e-04,3.3693,,
3632,3.000e-04,3.3415,,
3633,3.000e-04,3.3608,,
3634,3.000e-04,3.4072,,
3635,3.000e-04,3.3735,,
3636,3.000e-04,3.3756,,
3637,3.000e-04,3.3553,,
3638,3.000e-04,3.3812,,
3639,3.000e-04,3.3468,,
3640,3.000e-04,3.3757,,
3641,3.000e-04,3.3947,,
3642,3.000e-04,3.3128,,
3643,3.000e-04,3.3928,,
3644,3.000e-04,3.3709,,
3645,3.000e-04,3.3553,,
3646,3.000e-04,3.3328,,
3647,3.000e-04,3.3617,,
3648,3.000e-04,3.3797,,
3649,3.000e-04,3.3546,,
3650,3.000e-04,3.4179,,
3651,3.000e-04,3.3263,,
3652,3.000e-04,3.3349,,
3653,3.000e-04,3.4005,,
3654,3.000e-04,3.3879,,
3655,3.000e-04,3.3966,,
3656,3.000e-04,3.3371,,
3657,3.000e-04,3.3836,,
3658,3.000e-04,3.3481,,
3659,3.000e-04,3.3648,,
3660,3.000e-04,3.3742,,
3661,3.000e-04,3.3735,,
3662,3.000e-04,3.3690,,
3663,3.000e-04,3.3547,,
3664,3.000e-04,3.3846,,
3665,3.000e-04,3.3146,,
3666,3.000e-04,3.3341,,
3667,3.000e-04,3.3376,,
3668,3.000e-04,3.3254,,
3669,3.000e-04,3.3188,,
3670,3.000e-04,3.3601,,
3671,3.000e-04,3.3621,,
3672,3.000e-04,3.3804,,
3673,3.000e-04,3.2951,,
3674,3.000e-04,3.3448,,
3675,3.000e-04,3.3507,,
3676,3.000e-04,3.3505,,
3677,3.000e-04,3.3723,,
3678,3.000e-04,3.3877,,
3679,3.000e-04,3.3435,,
3680,3.000e-04,3.3403,,
3681,3.000e-04,3.3958,,
3682,3.000e-04,3.3627,,
3683,3.000e-04,3.2968,,
3684,3.000e-04,3.3534,,
3685,3.000e-04,3.3139,,
3686,3.000e-04,3.3727,,
3687,3.000e-04,3.3653,,
3688,3.000e-04,3.3769,,
3689,3.000e-04,3.3733,,
3690,3.000e-04,3.3268,,
3691,3.000e-04,3.3741,,
3692,3.000e-04,3.3294,,
3693,3.000e-04,3.3681,,
3694,3.000e-04,3.3687,,
3695,3.000e-04,3.3593,,
3696,3.000e-04,3.3415,,
3697,3.000e-04,3.3677,,
3698,3.000e-04,3.3420,,
3699,3.000e-04,3.3397,,
3700,3.000e-04,3.3121,3.339366686344147,
3701,3.000e-04,3.3617,,
3702,3.000e-04,3.3451,,
3703,3.000e-04,3.3754,,
3704,3.000e-04,3.3577,,
3705,3.000e-04,3.3404,,
3706,3.000e-04,3.3484,,
3707,3.000e-04,3.3444,,
3708,3.000e-04,3.3234,,
3709,3.000e-04,3.3231,,
3710,3.000e-04,3.3484,,
3711,3.000e-04,3.3817,,
3712,3.000e-04,3.3559,,
3713,3.000e-04,3.3326,,
3714,3.000e-04,3.3802,,
3715,3.000e-04,3.3576,,
3716,3.000e-04,3.2982,,
3717,3.000e-04,3.3971,,
3718,3.000e-04,3.3491,,
3719,3.000e-04,3.2947,,
3720,3.000e-04,3.3480,,
3721,3.000e-04,3.3581,,
3722,3.000e-04,3.3547,,
3723,3.000e-04,3.3257,,
3724,3.000e-04,3.3596,,
3725,3.000e-04,3.3258,,
3726,3.000e-04,3.3442,,
3727,3.000e-04,3.3670,,
3728,3.000e-04,3.2948,,
3729,3.000e-04,3.3227,,
3730,3.000e-04,3.3319,,
3731,3.000e-04,3.3318,,
3732,3.000e-04,3.3279,,
3733,3.000e-04,3.3512,,
3734,3.000e-04,3.3495,,
3735,3.000e-04,3.3812,,
3736,3.000e-04,3.3473,,
3737,3.000e-04,3.3168,,
3738,3.000e-04,3.3620,,
3739,3.000e-04,3.3097,,
3740,3.000e-04,3.3634,,
3741,3.000e-04,3.3115,,
3742,3.000e-04,3.3303,,
3743,3.000e-04,3.3345,,
3744,3.000e-04,3.3382,,
3745,3.000e-04,3.3476,,
3746,3.000e-04,3.3364,,
3747,3.000e-04,3.3546,,
3748,3.000e-04,3.3518,,
3749,3.000e-04,3.3947,,
3750,3.000e-04,3.3546,,
3751,3.000e-04,3.3958,,
3752,3.000e-04,3.3384,,
3753,3.000e-04,3.3715,,
3754,3.000e-04,3.3534,,
3755,3.000e-04,3.3590,,
3756,3.000e-04,3.3521,,
3757,3.000e-04,3.3276,,
3758,3.000e-04,3.3840,,
3759,3.000e-04,3.3175,,
3760,3.000e-04,3.3309,,
3761,3.000e-04,3.3276,,
3762,3.000e-04,3.3461,,
3763,3.000e-04,3.3441,,
3764,3.000e-04,3.3632,,
3765,3.000e-04,3.3234,,
3766,3.000e-04,3.3469,,
3767,3.000e-04,3.3149,,
3768,3.000e-04,3.3573,,
3769,3.000e-04,3.3386,,
3770,3.000e-04,3.3382,,
3771,3.000e-04,3.3473,,
3772,3.000e-04,3.3561,,
3773,3.000e-04,3.3404,,
3774,3.000e-04,3.3836,,
3775,3.000e-04,3.3208,,
3776,3.000e-04,3.3639,,
3777,3.000e-04,3.3621,,
3778,3.000e-04,3.3776,,
3779,3.000e-04,3.3387,,
3780,3.000e-04,3.3350,,
3781,3.000e-04,3.3508,,
3782,3.000e-04,3.3526,,
3783,3.000e-04,3.3521,,
3784,3.000e-04,3.3706,,
3785,3.000e-04,3.3407,,
3786,3.000e-04,3.3511,,
3787,3.000e-04,3.3115,,
3788,3.000e-04,3.3134,,
3789,3.000e-04,3.3484,,
3790,3.000e-04,3.3651,,
3791,3.000e-04,3.3099,,
3792,3.000e-04,3.3614,,
3793,3.000e-04,3.2907,,
3794,3.000e-04,3.3407,,
3795,3.000e-04,3.3321,,
3796,3.000e-04,3.3547,,
3797,3.000e-04,3.3475,,
3798,3.000e-04,3.3959,,
3799,3.000e-04,3.3226,,
3800,3.000e-04,3.3496,3.225088965892792,
3801,3.000e-04,3.3596,,
3802,3.000e-04,3.3659,,
3803,3.000e-04,3.3452,,
3804,3.000e-04,3.3271,,
3805,3.000e-04,3.3325,,
3806,3.000e-04,3.3469,,
3807,3.000e-04,3.3380,,
3808,3.000e-04,3.3589,,
3809,3.000e-04,3.3594,,
3810,3.000e-04,3.3749,,
3811,3.000e-04,3.3768,,
3812,3.000e-04,3.3220,,
3813,3.000e-04,3.3261,,
3814,3.000e-04,3.3396,,
3815,3.000e-04,3.3372,,
3816,3.000e-04,3.3277,,
3817,3.000e-04,3.3524,,
3818,3.000e-04,3.3720,,
3819,3.000e-04,3.3101,,
3820,3.000e-04,3.3029,,
3821,3.000e-04,3.3649,,
3822,3.000e-04,3.3159,,
3823,3.000e-04,3.2949,,
3824,3.000e-04,3.3662,,
3825,3.000e-04,3.3611,,
3826,3.000e-04,3.3375,,
3827,3.000e-04,3.3426,,
3828,3.000e-04,3.3531,,
3829,3.000e-04,3.3226,,
3830,3.000e-04,3.3464,,
3831,3.000e-04,3.3313,,
3832,3.000e-04,3.2978,,
3833,3.000e-04,3.3479,,
3834,3.000e-04,3.3330,,
3835,3.000e-04,3.3477,,
3836,3.000e-04,3.3289,,
3837,3.000e-04,3.3003,,
3838,3.000e-04,3.3315,,
3839,3.000e-04,3.3462,,
3840,3.000e-04,3.3468,,
3841,3.000e-04,3.3341,,
3842,3.000e-04,3.3704,,
3843,3.000e-04,3.2936,,
3844,3.000e-04,3.3417,,
3845,3.000e-04,3.3567,,
3846,3.000e-04,3.2963,,
3847,3.000e-04,3.3506,,
3848,3.000e-04,3.3366,,
3849,3.000e-04,3.3545,,
3850,3.000e-04,3.3731,,
3851,3.000e-04,3.3102,,
3852,3.000e-04,3.3146,,
3853,3.000e-04,3.3512,,
3854,3.000e-04,3.3236,,
3855,3.000e-04,3.3114,,
3856,3.000e-04,3.3331,,
3857,3.000e-04,3.3347,,
3858,3.000e-04,3.3360,,
3859,3.000e-04,3.3256,,
3860,3.000e-04,3.3266,,
3861,3.000e-04,3.3387,,
3862,3.000e-04,3.3108,,
3863,3.000e-04,3.3051,,
3864,3.000e-04,3.3394,,
3865,3.000e-04,3.3552,,
3866,3.000e-04,3.2802,,
3867,3.000e-04,3.3404,,
3868,3.000e-04,3.3431,,
3869,3.000e-04,3.3091,,
3870,3.000e-04,3.3167,,
3871,3.000e-04,3.3625,,
3872,3.000e-04,3.3315,,
3873,3.000e-04,3.3505,,
3874,3.000e-04,3.3197,,
3875,3.000e-04,3.3514,,
3876,3.000e-04,3.3626,,
3877,3.000e-04,3.3400,,
3878,3.000e-04,3.3554,,
3879,3.000e-04,3.3593,,
3880,3.000e-04,3.3473,,
3881,3.000e-04,3.3111,,
3882,3.000e-04,3.3063,,
3883,3.000e-04,3.3553,,
3884,3.000e-04,3.3484,,
3885,3.000e-04,3.3189,,
3886,3.000e-04,3.3555,,
3887,3.000e-04,3.3154,,
3888,3.000e-04,3.3448,,
3889,3.000e-04,3.3190,,
3890,3.000e-04,3.3443,,
3891,3.000e-04,3.3098,,
3892,3.000e-04,3.3589,,
3893,3.000e-04,3.3512,,
3894,3.000e-04,3.3721,,
3895,3.000e-04,3.3182,,
3896,3.000e-04,3.3267,,
3897,3.000e-04,3.2836,,
3898,3.000e-04,3.3500,,
3899,3.000e-04,3.3444,,
3900,3.000e-04,3.3125,3.2338613986968996,
3901,3.000e-04,3.3490,,
3902,3.000e-04,3.3160,,
3903,3.000e-04,3.2877,,
3904,3.000e-04,3.3341,,
3905,3.000e-04,3.3225,,
3906,3.000e-04,3.3296,,
3907,3.000e-04,3.3501,,
3908,3.000e-04,3.3192,,
3909,3.000e-04,3.3454,,
3910,3.000e-04,3.3635,,
3911,3.000e-04,3.3374,,
3912,3.000e-04,3.3553,,
3913,3.000e-04,3.3080,,
3914,3.000e-04,3.3027,,
3915,3.000e-04,3.3568,,
3916,3.000e-04,3.3097,,
3917,3.000e-04,3.3233,,
3918,3.000e-04,3.3221,,
3919,3.000e-04,3.3064,,
3920,3.000e-04,3.3570,,
3921,3.000e-04,3.3483,,
3922,3.000e-04,3.3438,,
3923,3.000e-04,3.3144,,
3924,3.000e-04,3.2962,,
3925,3.000e-04,3.3104,,
3926,3.000e-04,3.3216,,
3927,3.000e-04,3.2962,,
3928,3.000e-04,3.3443,,
3929,3.000e-04,3.2954,,
3930,3.000e-04,3.3102,,
3931,3.000e-04,3.3306,,
3932,3.000e-04,3.3330,,
3933,3.000e-04,3.3568,,
3934,3.000e-04,3.3490,,
3935,3.000e-04,3.3437,,
3936,3.000e-04,3.3261,,
3937,3.000e-04,3.3190,,
3938,3.000e-04,3.3671,,
3939,3.000e-04,3.3491,,
3940,3.000e-04,3.3390,,
3941,3.000e-04,3.3471,,
3942,3.000e-04,3.2983,,
3943,3.000e-04,3.3020,,
3944,3.000e-04,3.3108,,
3945,3.000e-04,3.3422,,
3946,3.000e-04,3.3425,,
3947,3.000e-04,3.2938,,
3948,3.000e-04,3.3324,,
3949,3.000e-04,3.2989,,
3950,3.000e-04,3.3195,,
3951,3.000e-04,3.3323,,
3952,3.000e-04,3.3188,,
3953,3.000e-04,3.3488,,
3954,3.000e-04,3.3204,,
3955,3.000e-04,3.3107,,
3956,3.000e-04,3.3333,,
3957,3.000e-04,3.3106,,
3958,3.000e-04,3.2982,,
3959,3.000e-04,3.3278,,
3960,3.000e-04,3.2768,,
3961,3.000e-04,3.2872,,
3962,3.000e-04,3.2893,,
3963,3.000e-04,3.3519,,
3964,3.000e-04,3.3325,,
3965,3.000e-04,3.3295,,
3966,3.000e-04,3.2862,,
3967,3.000e-04,3.3219,,
3968,3.000e-04,3.3519,,
3969,3.000e-04,3.3381,,
3970,3.000e-04,3.3302,,
3971,3.000e-04,3.2914,,
3972,3.000e-04,3.3420,,
3973,3.000e-04,3.3235,,
3974,3.000e-04,3.3066,,
3975,3.000e-04,3.3272,,
3976,3.000e-04,3.3421,,
3977,3.000e-04,3.3051,,
3978,3.000e-04,3.3310,,
3979,3.000e-04,3.3135,,
3980,3.000e-04,3.3373,,
3981,3.000e-04,3.3249,,
3982,3.000e-04,3.2897,,
3983,3.000e-04,3.3202,,
3984,3.000e-04,3.3072,,
3985,3.000e-04,3.3081,,
3986,3.000e-04,3.3092,,
3987,3.000e-04,3.3279,,
3988,3.000e-04,3.3132,,
3989,3.000e-04,3.2756,,
3990,3.000e-04,3.3189,,
3991,3.000e-04,3.3497,,
3992,3.000e-04,3.3645,,
3993,3.000e-04,3.2848,,
3994,3.000e-04,3.3393,,
3995,3.000e-04,3.3213,,
3996,3.000e-04,3.3146,,
3997,3.000e-04,3.3097,,
3998,3.000e-04,3.3133,,
3999,3.000e-04,3.3006,,
4000,3.000e-04,3.3066,3.3272472381591798,
4001,3.000e-04,3.3634,,
4002,3.000e-04,3.3215,,
4003,3.000e-04,3.2975,,
4004,3.000e-04,3.3118,,
4005,3.000e-04,3.2970,,
4006,3.000e-04,3.3663,,
4007,3.000e-04,3.3114,,
4008,3.000e-04,3.3095,,
4009,3.000e-04,3.3883,,
4010,3.000e-04,3.3539,,
4011,3.000e-04,3.2936,,
4012,3.000e-04,3.3291,,
4013,3.000e-04,3.3316,,
4014,3.000e-04,3.3019,,
4015,3.000e-04,3.3139,,
4016,3.000e-04,3.3195,,
4017,3.000e-04,3.3582,,
4018,3.000e-04,3.3002,,
4019,3.000e-04,3.3476,,
4020,3.000e-04,3.2954,,
4021,3.000e-04,3.2998,,
4022,3.000e-04,3.3145,,
4023,3.000e-04,3.2638,,
4024,3.000e-04,3.2822,,
4025,3.000e-04,3.3028,,
4026,3.000e-04,3.3691,,
4027,3.000e-04,3.3112,,
4028,3.000e-04,3.3209,,
4029,3.000e-04,3.2707,,
4030,3.000e-04,3.3567,,
4031,3.000e-04,3.3261,,
4032,3.000e-04,3.3298,,
4033,3.000e-04,3.3101,,
4034,3.000e-04,3.3089,,
4035,3.000e-04,3.3561,,
4036,3.000e-04,3.3056,,
4037,3.000e-04,3.3553,,
4038,3.000e-04,3.3486,,
4039,3.000e-04,3.2719,,
4040,3.000e-04,3.3121,,
4041,3.000e-04,3.2945,,
4042,3.000e-04,3.3333,,
4043,3.000e-04,3.3079,,
4044,3.000e-04,3.3089,,
4045,3.000e-04,3.3685,,
4046,3.000e-04,3.3495,,
4047,3.000e-04,3.3036,,
4048,3.000e-04,3.2947,,
4049,3.000e-04,3.3627,,
4050,3.000e-04,3.2885,,
4051,3.000e-04,3.2965,,
4052,3.000e-04,3.2963,,
4053,3.000e-04,3.3018,,
4054,3.000e-04,3.3121,,
4055,3.000e-04,3.3273,,
4056,3.000e-04,3.3321,,
4057,3.000e-04,3.3061,,
4058,3.000e-04,3.3362,,
4059,3.000e-04,3.3111,,
4060,3.000e-04,3.3132,,
4061,3.000e-04,3.2964,,
4062,3.000e-04,3.3112,,
4063,3.000e-04,3.3107,,
4064,3.000e-04,3.3376,,
4065,3.000e-04,3.3339,,
4066,3.000e-04,3.3193,,
4067,3.000e-04,3.3198,,
4068,3.000e-04,3.2953,,
4069,3.000e-04,3.3061,,
4070,3.000e-04,3.3492,,
4071,3.000e-04,3.3283,,
4072,3.000e-04,3.3122,,
4073,3.000e-04,3.2992,,
4074,3.000e-04,3.2792,,
4075,3.000e-04,3.3321,,
4076,3.000e-04,3.3024,,
4077,3.000e-04,3.3004,,
4078,3.000e-04,3.2899,,
4079,3.000e-04,3.3066,,
4080,3.000e-04,3.2629,,
4081,3.000e-04,3.3115,,
4082,3.000e-04,3.3586,,
4083,3.000e-04,3.3144,,
4084,3.000e-04,3.3050,,
4085,3.000e-04,3.3130,,
4086,3.000e-04,3.3206,,
4087,3.000e-04,3.2888,,
4088,3.000e-04,3.3293,,
4089,3.000e-04,3.2900,,
4090,3.000e-04,3.2742,,
4091,3.000e-04,3.3189,,
4092,3.000e-04,3.3279,,
4093,3.000e-04,3.3439,,
4094,3.000e-04,3.3415,,
4095,3.000e-04,3.3161,,
4096,3.000e-04,3.2778,,
4097,3.000e-04,3.2809,,
4098,3.000e-04,3.3379,,
4099,3.000e-04,3.3040,,
4100,3.000e-04,3.3565,3.3398178935050966,
4101,3.000e-04,3.3089,,
4102,3.000e-04,3.3144,,
4103,3.000e-04,3.3089,,
4104,3.000e-04,3.3292,,
4105,3.000e-04,3.3523,,
4106,3.000e-04,3.3003,,
4107,3.000e-04,3.3654,,
4108,3.000e-04,3.2683,,
4109,3.000e-04,3.3088,,
4110,3.000e-04,3.3098,,
4111,3.000e-04,3.2950,,
4112,3.000e-04,3.2922,,
4113,3.000e-04,3.3002,,
4114,3.000e-04,3.3465,,
4115,3.000e-04,3.3506,,
4116,3.000e-04,3.2853,,
4117,3.000e-04,3.3130,,
4118,3.000e-04,3.2779,,
4119,3.000e-04,3.3238,,
4120,3.000e-04,3.3089,,
4121,3.000e-04,3.3035,,
4122,3.000e-04,3.3098,,
4123,3.000e-04,3.2922,,
4124,3.000e-04,3.2760,,
4125,3.000e-04,3.3552,,
4126,3.000e-04,3.2836,,
4127,3.000e-04,3.3364,,
4128,3.000e-04,3.3070,,
4129,3.000e-04,3.3405,,
4130,3.000e-04,3.2709,,
4131,3.000e-04,3.2772,,
4132,3.000e-04,3.2981,,
4133,3.000e-04,3.3199,,
4134,3.000e-04,3.2636,,
4135,3.000e-04,3.3115,,
4136,3.000e-04,3.3177,,
4137,3.000e-04,3.3258,,
4138,3.000e-04,3.3075,,
4139,3.000e-04,3.3294,,
4140,3.000e-04,3.2621,,
4141,3.000e-04,3.3036,,
4142,3.000e-04,3.2967,,
4143,3.000e-04,3.2715,,
4144,3.000e-04,3.3058,,
4145,3.000e-04,3.3110,,
4146,3.000e-04,3.2779,,
4147,3.000e-04,3.2856,,
4148,3.000e-04,3.2634,,
4149,3.000e-04,3.2971,,
4150,3.000e-04,3.2834,,
4151,3.000e-04,3.2923,,
4152,3.000e-04,3.3308,,
4153,3.000e-04,3.3178,,
4154,3.000e-04,3.2867,,
4155,3.000e-04,3.3042,,
4156,3.000e-04,3.2928,,
4157,3.000e-04,3.3351,,
4158,3.000e-04,3.3090,,
4159,3.000e-04,3.3096,,
4160,3.000e-04,3.3135,,
4161,3.000e-04,3.3167,,
4162,3.000e-04,3.2925,,
4163,3.000e-04,3.3148,,
4164,3.000e-04,3.2839,,
4165,3.000e-04,3.2942,,
4166,3.000e-04,3.3038,,
4167,3.000e-04,3.2902,,
4168,3.000e-04,3.2944,,
4169,3.000e-04,3.3022,,
4170,3.000e-04,3.3374,,
4171,3.000e-04,3.3031,,
4172,3.000e-04,3.2763,,
4173,3.000e-04,3.3154,,
4174,3.000e-04,3.3066,,
4175,3.000e-04,3.3202,,
4176,3.000e-04,3.3026,,
4177,3.000e-04,3.3499,,
4178,3.000e-04,3.2823,,
4179,3.000e-04,3.3308,,
4180,3.000e-04,3.2831,,
4181,3.000e-04,3.2813,,
4182,3.000e-04,3.2923,,
4183,3.000e-04,3.3119,,
4184,3.000e-04,3.2976,,
4185,3.000e-04,3.3012,,
4186,3.000e-04,3.3289,,
4187,3.000e-04,3.3055,,
4188,3.000e-04,3.3108,,
4189,3.000e-04,3.3404,,
4190,3.000e-04,3.3004,,
4191,3.000e-04,3.3321,,
4192,3.000e-04,3.3171,,
4193,3.000e-04,3.3112,,
4194,3.000e-04,3.2649,,
4195,3.000e-04,3.3034,,
4196,3.000e-04,3.2903,,
4197,3.000e-04,3.3073,,
4198,3.000e-04,3.2603,,
4199,3.000e-04,3.3062,,
4200,3.000e-04,3.3320,3.1730268239974975,
4201,3.000e-04,3.2843,,
4202,3.000e-04,3.3169,,
4203,3.000e-04,3.3173,,
4204,3.000e-04,3.2882,,
4205,3.000e-04,3.2806,,
4206,3.000e-04,3.3150,,
4207,3.000e-04,3.2997,,
4208,3.000e-04,3.2976,,
4209,3.000e-04,3.2722,,
4210,3.000e-04,3.3160,,
4211,3.000e-04,3.3001,,
4212,3.000e-04,3.3079,,
4213,3.000e-04,3.2999,,
4214,3.000e-04,3.3253,,
4215,3.000e-04,3.2927,,
4216,3.000e-04,3.2840,,
4217,3.000e-04,3.3125,,
4218,3.000e-04,3.3010,,
4219,3.000e-04,3.3220,,
4220,3.000e-04,3.3201,,
4221,3.000e-04,3.3337,,
4222,3.000e-04,3.2974,,
4223,3.000e-04,3.2828,,
4224,3.000e-04,3.3197,,
4225,3.000e-04,3.3093,,
4226,3.000e-04,3.2666,,
4227,3.000e-04,3.3059,,
4228,3.000e-04,3.2909,,
4229,3.000e-04,3.2451,,
4230,3.000e-04,3.2526,,
4231,3.000e-04,3.2628,,
4232,3.000e-04,3.3364,,
4233,3.000e-04,3.3023,,
4234,3.000e-04,3.2855,,
4235,3.000e-04,3.2784,,
4236,3.000e-04,3.2902,,
4237,3.000e-04,3.3198,,
4238,3.000e-04,3.3017,,
4239,3.000e-04,3.3157,,
4240,3.000e-04,3.2983,,
4241,3.000e-04,3.3081,,
4242,3.000e-04,3.2828,,
4243,3.000e-04,3.3001,,
4244,3.000e-04,3.2895,,
4245,3.000e-04,3.3135,,
4246,3.000e-04,3.2792,,
4247,3.000e-04,3.2708,,
4248,3.000e-04,3.2938,,
4249,3.000e-04,3.2471,,
4250,3.000e-04,3.2969,,
4251,3.000e-04,3.2834,,
4252,3.000e-04,3.2917,,
4253,3.000e-04,3.3088,,
4254,3.000e-04,3.3204,,
4255,3.000e-04,3.2472,,
4256,3.000e-04,3.2877,,
4257,3.000e-04,3.2583,,
4258,3.000e-04,3.2765,,
4259,3.000e-04,3.3069,,
4260,3.000e-04,3.2894,,
4261,3.000e-04,3.2518,,
4262,3.000e-04,3.3349,,
4263,3.000e-04,3.2763,,
4264,3.000e-04,3.2902,,
4265,3.000e-04,3.2842,,
4266,3.000e-04,3.3471,,
4267,3.000e-04,3.3356,,
4268,3.000e-04,3.2954,,
4269,3.000e-04,3.3086,,
4270,3.000e-04,3.2554,,
4271,3.000e-04,3.3168,,
4272,3.000e-04,3.3107,,
4273,3.000e-04,3.3235,,
4274,3.000e-04,3.3342,,
4275,3.000e-04,3.3176,,
4276,3.000e-04,3.2498,,
4277,3.000e-04,3.2651,,
4278,3.000e-04,3.2803,,
4279,3.000e-04,3.3015,,
4280,3.000e-04,3.2854,,
4281,3.000e-04,3.2634,,
4282,3.000e-04,3.2930,,
4283,3.000e-04,3.3006,,
4284,3.000e-04,3.3160,,
4285,3.000e-04,3.2951,,
4286,3.000e-04,3.3072,,
4287,3.000e-04,3.2810,,
4288,3.000e-04,3.3064,,
4289,3.000e-04,3.2777,,
4290,3.000e-04,3.2567,,
4291,3.000e-04,3.2680,,
4292,3.000e-04,3.2952,,
4293,3.000e-04,3.2735,,
4294,3.000e-04,3.2403,,
4295,3.000e-04,3.3060,,
4296,3.000e-04,3.2804,,
4297,3.000e-04,3.2563,,
4298,3.000e-04,3.2406,,
4299,3.000e-04,3.3019,,
4300,3.000e-04,3.2669,3.2375656962394714,
4301,3.000e-04,3.2866,,
4302,3.000e-04,3.3062,,
4303,3.000e-04,3.2982,,
4304,3.000e-04,3.2810,,
4305,3.000e-04,3.2678,,
4306,3.000e-04,3.3098,,
4307,3.000e-04,3.2391,,
4308,3.000e-04,3.2410,,
4309,3.000e-04,3.2522,,
4310,3.000e-04,3.2566,,
4311,3.000e-04,3.3071,,
4312,3.000e-04,3.3271,,
4313,3.000e-04,3.2894,,
4314,3.000e-04,3.2715,,
4315,3.000e-04,3.2845,,
4316,3.000e-04,3.3259,,
4317,3.000e-04,3.3052,,
4318,3.000e-04,3.2983,,
4319,3.000e-04,3.3158,,
4320,3.000e-04,3.2700,,
4321,3.000e-04,3.3040,,
4322,3.000e-04,3.2504,,
4323,3.000e-04,3.2860,,
4324,3.000e-04,3.3171,,
4325,3.000e-04,3.2911,,
4326,3.000e-04,3.2729,,
4327,3.000e-04,3.2675,,
4328,3.000e-04,3.2988,,
4329,3.000e-04,3.3155,,
4330,3.000e-04,3.2560,,
4331,3.000e-04,3.3089,,
4332,3.000e-04,3.2711,,
4333,3.000e-04,3.2832,,
4334,3.000e-04,3.2908,,
4335,3.000e-04,3.2595,,
4336,3.000e-04,3.3090,,
4337,3.000e-04,3.2830,,
4338,3.000e-04,3.2591,,
4339,3.000e-04,3.2785,,
4340,3.000e-04,3.2982,,
4341,3.000e-04,3.2426,,
4342,3.000e-04,3.2586,,
4343,3.000e-04,3.3099,,
4344,3.000e-04,3.2745,,
4345,3.000e-04,3.3119,,
4346,3.000e-04,3.2633,,
4347,3.000e-04,3.2946,,
4348,3.000e-04,3.3012,,
4349,3.000e-04,3.2574,,
4350,3.000e-04,3.2927,,
4351,3.000e-04,3.3156,,
4352,3.000e-04,3.2887,,
4353,3.000e-04,3.3234,,
4354,3.000e-04,3.2554,,
4355,3.000e-04,3.2654,,
4356,3.000e-04,3.2384,,
4357,3.000e-04,3.3014,,
4358,3.000e-04,3.2399,,
4359,3.000e-04,3.2961,,
4360,3.000e-04,3.2885,,
4361,3.000e-04,3.3028,,
4362,3.000e-04,3.2531,,
4363,3.000e-04,3.2661,,
4364,3.000e-04,3.3189,,
4365,3.000e-04,3.2999,,
4366,3.000e-04,3.2867,,
4367,3.000e-04,3.2564,,
4368,3.000e-04,3.3315,,
4369,3.000e-04,3.3301,,
4370,3.000e-04,3.3092,,
4371,3.000e-04,3.3133,,
4372,3.000e-04,3.2986,,
4373,3.000e-04,3.2286,,
4374,3.000e-04,3.2711,,
4375,3.000e-04,3.3006,,
4376,3.000e-04,3.3011,,
4377,3.000e-04,3.2890,,
4378,3.000e-04,3.2530,,
4379,3.000e-04,3.2922,,
4380,3.000e-04,3.3293,,
4381,3.000e-04,3.2663,,
4382,3.000e-04,3.2977,,
4383,3.000e-04,3.3024,,
4384,3.000e-04,3.3240,,
4385,3.000e-04,3.2803,,
4386,3.000e-04,3.2972,,
4387,3.000e-04,3.2533,,
4388,3.000e-04,3.2510,,
4389,3.000e-04,3.2512,,
4390,3.000e-04,3.2815,,
4391,3.000e-04,3.2552,,
4392,3.000e-04,3.2949,,
4393,3.000e-04,3.2335,,
4394,3.000e-04,3.2800,,
4395,3.000e-04,3.2856,,
4396,3.000e-04,3.3141,,
4397,3.000e-04,3.2691,,
4398,3.000e-04,3.2830,,
4399,3.000e-04,3.2964,,
4400,3.000e-04,3.2968,3.1965277552604676,
4401,3.000e-04,3.2423,,
4402,3.000e-04,3.2938,,
4403,3.000e-04,3.2737,,
4404,3.000e-04,3.2768,,
4405,3.000e-04,3.2698,,
4406,3.000e-04,3.2698,,
4407,3.000e-04,3.2831,,
4408,3.000e-04,3.2947,,
4409,3.000e-04,3.2584,,
4410,3.000e-04,3.2507,,
4411,3.000e-04,3.3071,,
4412,3.000e-04,3.3050,,
4413,3.000e-04,3.2858,,
4414,3.000e-04,3.2697,,
4415,3.000e-04,3.2934,,
4416,3.000e-04,3.3023,,
4417,3.000e-04,3.3061,,
4418,3.000e-04,3.3013,,
4419,3.000e-04,3.2746,,
4420,3.000e-04,3.2584,,
4421,3.000e-04,3.2849,,
4422,3.000e-04,3.3017,,
4423,3.000e-04,3.2648,,
4424,3.000e-04,3.2663,,
4425,3.000e-04,3.2794,,
4426,3.000e-04,3.2635,,
4427,3.000e-04,3.2987,,
4428,3.000e-04,3.2911,,
4429,3.000e-04,3.3102,,
4430,3.000e-04,3.2759,,
4431,3.000e-04,3.3152,,
4432,3.000e-04,3.2930,,
4433,3.000e-04,3.2828,,
4434,3.000e-04,3.2918,,
4435,3.000e-04,3.2425,,
4436,3.000e-04,3.2553,,
4437,3.000e-04,3.2925,,
4438,3.000e-04,3.2886,,
4439,3.000e-04,3.2816,,
4440,3.000e-04,3.2917,,
4441,3.000e-04,3.2407,,
4442,3.000e-04,3.2774,,
4443,3.000e-04,3.2843,,
4444,3.000e-04,3.2658,,
4445,3.000e-04,3.3091,,
4446,3.000e-04,3.2687,,
4447,3.000e-04,3.2495,,
4448,3.000e-04,3.2887,,
4449,3.000e-04,3.2759,,
4450,3.000e-04,3.3111,,
4451,3.000e-04,3.2800,,
4452,3.000e-04,3.2787,,
4453,3.000e-04,3.2763,,
4454,3.000e-04,3.2632,,
4455,3.000e-04,3.2497,,
4456,3.000e-04,3.2559,,
4457,3.000e-04,3.2686,,
4458,3.000e-04,3.3105,,
4459,3.000e-04,3.2654,,
4460,3.000e-04,3.2817,,
4461,3.000e-04,3.2870,,
4462,3.000e-04,3.2746,,
4463,3.000e-04,3.2824,,
4464,3.000e-04,3.2444,,
4465,3.000e-04,3.2761,,
4466,3.000e-04,3.2729,,
4467,3.000e-04,3.2504,,
4468,3.000e-04,3.2867,,
4469,3.000e-04,3.2510,,
4470,3.000e-04,3.2802,,
4471,3.000e-04,3.2955,,
4472,3.000e-04,3.2930,,
4473,3.000e-04,3.2461,,
4474,3.000e-04,3.2410,,
4475,3.000e-04,3.2951,,
4476,3.000e-04,3.2638,,
4477,3.000e-04,3.3048,,
4478,3.000e-04,3.2715,,
4479,3.000e-04,3.3090,,
4480,3.000e-04,3.3001,,
4481,3.000e-04,3.2717,,
4482,3.000e-04,3.3103,,
4483,3.000e-04,3.2804,,
4484,3.000e-04,3.2698,,
4485,3.000e-04,3.2875,,
4486,3.000e-04,3.2483,,
4487,3.000e-04,3.2817,,
4488,3.000e-04,3.2741,,
4489,3.000e-04,3.3002,,
4490,3.000e-04,3.2779,,
4491,3.000e-04,3.2548,,
4492,3.000e-04,3.2873,,
4493,3.000e-04,3.2592,,
4494,3.000e-04,3.2615,,
4495,3.000e-04,3.2544,,
4496,3.000e-04,3.3109,,
4497,3.000e-04,3.2761,,
4498,3.000e-04,3.2748,,
4499,3.000e-04,3.2707,,
4500,3.000e-04,3.2978,3.323225259780884,
4501,3.000e-04,3.2394,,
4502,3.000e-04,3.3045,,
4503,3.000e-04,3.2898,,
4504,3.000e-04,3.2804,,
4505,3.000e-04,3.2412,,
4506,3.000e-04,3.2969,,
4507,3.000e-04,3.2779,,
4508,3.000e-04,3.2610,,
4509,3.000e-04,3.2716,,
4510,3.000e-04,3.2556,,
4511,3.000e-04,3.2395,,
4512,3.000e-04,3.2595,,
4513,3.000e-04,3.2879,,
4514,3.000e-04,3.2636,,
4515,3.000e-04,3.2377,,
4516,3.000e-04,3.2944,,
4517,3.000e-04,3.2422,,
4518,3.000e-04,3.2707,,
4519,3.000e-04,3.2681,,
4520,3.000e-04,3.2963,,
4521,3.000e-04,3.2843,,
4522,3.000e-04,3.2512,,
4523,3.000e-04,3.2484,,
4524,3.000e-04,3.2728,,
4525,3.000e-04,3.2848,,
4526,3.000e-04,3.2489,,
4527,3.000e-04,3.2752,,
4528,3.000e-04,3.2857,,
4529,3.000e-04,3.2969,,
4530,3.000e-04,3.2882,,
4531,3.000e-04,3.2749,,
4532,3.000e-04,3.2688,,
4533,3.000e-04,3.2950,,
4534,3.000e-04,3.2848,,
4535,3.000e-04,3.2925,,
4536,3.000e-04,3.2828,,
4537,3.000e-04,3.2763,,
4538,3.000e-04,3.3004,,
4539,3.000e-04,3.2871,,
4540,3.000e-04,3.2633,,
4541,3.000e-04,3.2673,,
4542,3.000e-04,3.2805,,
4543,3.000e-04,3.2836,,
4544,3.000e-04,3.2746,,
4545,3.000e-04,3.2879,,
4546,3.000e-04,3.3254,,
4547,3.000e-04,3.2568,,
4548,3.000e-04,3.2736,,
4549,3.000e-04,3.2853,,
4550,3.000e-04,3.2844,,
4551,3.000e-04,3.2559,,
4552,3.000e-04,3.2804,,
4553,3.000e-04,3.2746,,
4554,3.000e-04,3.2402,,
4555,3.000e-04,3.2830,,
4556,3.000e-04,3.3086,,
4557,3.000e-04,3.2997,,
4558,3.000e-04,3.2428,,
4559,3.000e-04,3.2684,,
4560,3.000e-04,3.2747,,
4561,3.000e-04,3.2496,,
4562,3.000e-04,3.2483,,
4563,3.000e-04,3.2599,,
4564,3.000e-04,3.3096,,
4565,3.000e-04,3.2200,,
4566,3.000e-04,3.2417,,
4567,3.000e-04,3.2642,,
4568,3.000e-04,3.2943,,
4569,3.000e-04,3.2753,,
4570,3.000e-04,3.2481,,
4571,3.000e-04,3.2261,,
4572,3.000e-04,3.2755,,
4573,3.000e-04,3.2676,,
4574,3.000e-04,3.3046,,
4575,3.000e-04,3.3062,,
4576,3.000e-04,3.2650,,
4577,3.000e-04,3.2584,,
4578,3.000e-04,3.3116,,
4579,3.000e-04,3.2684,,
4580,3.000e-04,3.2743,,
4581,3.000e-04,3.2752,,
4582,3.000e-04,3.2607,,
4583,3.000e-04,3.2718,,
4584,3.000e-04,3.2921,,
4585,3.000e-04,3.2695,,
4586,3.000e-04,3.2526,,
4587,3.000e-04,3.2822,,
4588,3.000e-04,3.2150,,
4589,3.000e-04,3.2782,,
4590,3.000e-04,3.2732,,
4591,3.000e-04,3.3077,,
4592,3.000e-04,3.2582,,
4593,3.000e-04,3.2806,,
4594,3.000e-04,3.2265,,
4595,3.000e-04,3.2407,,
4596,3.000e-04,3.2667,,
4597,3.000e-04,3.2379,,
4598,3.000e-04,3.2759,,
4599,3.000e-04,3.2607,,
4600,3.000e-04,3.2666,3.1662482023239136,
4601,3.000e-04,3.2707,,
4602,3.000e-04,3.2568,,
4603,3.000e-04,3.2649,,
4604,3.000e-04,3.2821,,
4605,3.000e-04,3.2919,,
4606,3.000e-04,3.2766,,
4607,3.000e-04,3.2910,,
4608,3.000e-04,3.2541,,
4609,3.000e-04,3.2982,,
4610,3.000e-04,3.2624,,
4611,3.000e-04,3.2896,,
4612,3.000e-04,3.2426,,
4613,3.000e-04,3.2823,,
4614,3.000e-04,3.2795,,
4615,3.000e-04,3.2885,,
4616,3.000e-04,3.2762,,
4617,3.000e-04,3.3228,,
4618,3.000e-04,3.2718,,
4619,3.000e-04,3.2776,,
4620,3.000e-04,3.2100,,
4621,3.000e-04,3.2589,,
4622,3.000e-04,3.2624,,
4623,3.000e-04,3.2252,,
4624,3.000e-04,3.2471,,
4625,3.000e-04,3.2976,,
4626,3.000e-04,3.2686,,
4627,3.000e-04,3.2366,,
4628,3.000e-04,3.2858,,
4629,3.000e-04,3.2316,,
4630,3.000e-04,3.2556,,
4631,3.000e-04,3.2876,,
4632,3.000e-04,3.2750,,
4633,3.000e-04,3.2610,,
4634,3.000e-04,3.2533,,
4635,3.000e-04,3.2551,,
4636,3.000e-04,3.2577,,
4637,3.000e-04,3.2595,,
4638,3.000e-04,3.2228,,
4639,3.000e-04,3.2879,,
4640,3.000e-04,3.2690,,
4641,3.000e-04,3.2586,,
4642,3.000e-04,3.2528,,
4643,3.000e-04,3.2079,,
4644,3.000e-04,3.2935,,
4645,3.000e-04,3.2405,,
4646,3.000e-04,3.2874,,
4647,3.000e-04,3.2065,,
4648,3.000e-04,3.2159,,
4649,3.000e-04,3.2343,,
4650,3.000e-04,3.2336,,
4651,3.000e-04,3.3118,,
4652,3.000e-04,3.2404,,
4653,3.000e-04,3.2602,,
4654,3.000e-04,3.2504,,
4655,3.000e-04,3.2753,,
4656,3.000e-04,3.2134,,
4657,3.000e-04,3.2302,,
4658,3.000e-04,3.2476,,
4659,3.000e-04,3.2937,,
4660,3.000e-04,3.2410,,
4661,3.000e-04,3.2401,,
4662,3.000e-04,3.2588,,
4663,3.000e-04,3.2723,,
4664,3.000e-04,3.2808,,
4665,3.000e-04,3.2598,,
4666,3.000e-04,3.2359,,
4667,3.000e-04,3.2830,,
4668,3.000e-04,3.2549,,
4669,3.000e-04,3.2440,,
4670,3.000e-04,3.2442,,
4671,3.000e-04,3.2518,,
4672,3.000e-04,3.2263,,
4673,3.000e-04,3.2584,,
4674,3.000e-04,3.2412,,
4675,3.000e-04,3.2892,,
4676,3.000e-04,3.2593,,
4677,3.000e-04,3.2528,,
4678,3.000e-04,3.2496,,
4679,3.000e-04,3.2880,,
4680,3.000e-04,3.2594,,
4681,3.000e-04,3.2902,,
4682,3.000e-04,3.2448,,
4683,3.000e-04,3.2792,,
4684,3.000e-04,3.2739,,
4685,3.000e-04,3.2301,,
4686,3.000e-04,3.2729,,
4687,3.000e-04,3.2363,,
4688,3.000e-04,3.2477,,
4689,3.000e-04,3.2758,,
4690,3.000e-04,3.2563,,
4691,3.000e-04,3.2365,,
4692,3.000e-04,3.2275,,
4693,3.000e-04,3.2332,,
4694,3.000e-04,3.2570,,
4695,3.000e-04,3.2380,,
4696,3.000e-04,3.2279,,
4697,3.000e-04,3.2440,,
4698,3.000e-04,3.2643,,
4699,3.000e-04,3.2468,,
4700,3.000e-04,3.2948,3.161258506774902,
4701,3.000e-04,3.2548,,
4702,3.000e-04,3.2539,,
4703,3.000e-04,3.2471,,
4704,3.000e-04,3.2832,,
4705,3.000e-04,3.2924,,
4706,3.000e-04,3.2724,,
4707,3.000e-04,3.2578,,
4708,3.000e-04,3.2297,,
4709,3.000e-04,3.2848,,
4710,3.000e-04,3.2607,,
4711,3.000e-04,3.2448,,
4712,3.000e-04,3.2804,,
4713,3.000e-04,3.2526,,
4714,3.000e-04,3.2377,,
4715,3.000e-04,3.2477,,
4716,3.000e-04,3.2655,,
4717,3.000e-04,3.1852,,
4718,3.000e-04,3.2425,,
4719,3.000e-04,3.2528,,
4720,3.000e-04,3.2511,,
4721,3.000e-04,3.2437,,
4722,3.000e-04,3.2311,,
4723,3.000e-04,3.2687,,
4724,3.000e-04,3.3076,,
4725,3.000e-04,3.2752,,
4726,3.000e-04,3.2767,,
4727,3.000e-04,3.3061,,
4728,3.000e-04,3.2839,,
4729,3.000e-04,3.2523,,
4730,3.000e-04,3.2770,,
4731,3.000e-04,3.2282,,
4732,3.000e-04,3.2297,,
4733,3.000e-04,3.2655,,
4734,3.000e-04,3.2714,,
4735,3.000e-04,3.2565,,
4736,3.000e-04,3.2245,,
4737,3.000e-04,3.2609,,
4738,3.000e-04,3.2778,,
4739,3.000e-04,3.3036,,
4740,3.000e-04,3.2546,,
4741,3.000e-04,3.2932,,
4742,3.000e-04,3.2346,,
4743,3.000e-04,3.2578,,
4744,3.000e-04,3.2591,,
4745,3.000e-04,3.1908,,
4746,3.000e-04,3.2827,,
4747,3.000e-04,3.2887,,
4748,3.000e-04,3.2632,,
4749,3.000e-04,3.2483,,
4750,3.000e-04,3.2418,,
4751,3.000e-04,3.2603,,
4752,3.000e-04,3.2489,,
4753,3.000e-04,3.2788,,
4754,3.000e-04,3.2397,,
4755,3.000e-04,3.2684,,
4756,3.000e-04,3.2385,,
4757,3.000e-04,3.2927,,
4758,3.000e-04,3.2010,,
4759,3.000e-04,3.2484,,
4760,3.000e-04,3.2355,,
4761,3.000e-04,3.2201,,
4762,3.000e-04,3.2371,,
4763,3.000e-04,3.2679,,
4764,3.000e-04,3.3072,,
4765,3.000e-04,3.2723,,
4766,3.000e-04,3.2408,,
4767,3.000e-04,3.2527,,
4768,3.000e-04,3.2089,,
4769,3.000e-04,3.2467,,
4770,3.000e-04,3.2581,,
4771,3.000e-04,3.2329,,
4772,3.000e-04,3.2592,,
4773,3.000e-04,3.2501,,
4774,3.000e-04,3.2175,,
4775,3.000e-04,3.2405,,
4776,3.000e-04,3.3026,,
4777,3.000e-04,3.2304,,
4778,3.000e-04,3.2766,,
4779,3.000e-04,3.2742,,
4780,3.000e-04,3.2067,,
4781,3.000e-04,3.3051,,
4782,3.000e-04,3.2634,,
4783,3.000e-04,3.2256,,
4784,3.000e-04,3.2594,,
4785,3.000e-04,3.2749,,
4786,3.000e-04,3.3022,,
4787,3.000e-04,3.2645,,
4788,3.000e-04,3.2336,,
4789,3.000e-04,3.2765,,
4790,3.000e-04,3.2875,,
4791,3.000e-04,3.2821,,
4792,3.000e-04,3.2420,,
4793,3.000e-04,3.2777,,
4794,3.000e-04,3.2736,,
4795,3.000e-04,3.2280,,
4796,3.000e-04,3.2601,,
4797,3.000e-04,3.2459,,
4798,3.000e-04,3.2569,,
4799,3.000e-04,3.2806,,
4800,3.000e-04,3.2485,3.1490530133247376,
4801,3.000e-04,3.2354,,
4802,3.000e-04,3.2526,,
4803,3.000e-04,3.2367,,
4804,3.000e-04,3.2557,,
4805,3.000e-04,3.2461,,
4806,3.000e-04,3.2515,,
4807,3.000e-04,3.2684,,
4808,3.000e-04,3.2055,,
4809,3.000e-04,3.2457,,
4810,3.000e-04,3.2414,,
4811,3.000e-04,3.1973,,
4812,3.000e-04,3.2626,,
4813,3.000e-04,3.2276,,
4814,3.000e-04,3.2524,,
4815,3.000e-04,3.2651,,
4816,3.000e-04,3.2577,,
4817,3.000e-04,3.2115,,
4818,3.000e-04,3.2459,,
4819,3.000e-04,3.2398,,
4820,3.000e-04,3.2552,,
4821,3.000e-04,3.2636,,
4822,3.000e-04,3.2066,,
4823,3.000e-04,3.2488,,
4824,3.000e-04,3.2360,,
4825,3.000e-04,3.2601,,
4826,3.000e-04,3.2063,,
4827,3.000e-04,3.2896,,
4828,3.000e-04,3.2346,,
4829,3.000e-04,3.2429,,
4830,3.000e-04,3.2830,,
4831,3.000e-04,3.2407,,
4832,3.000e-04,3.2870,,
4833,3.000e-04,3.2402,,
4834,3.000e-04,3.2633,,
4835,3.000e-04,3.2213,,
4836,3.000e-04,3.2212,,
4837,3.000e-04,3.2061,,
4838,3.000e-04,3.2901,,
4839,3.000e-04,3.2402,,
4840,3.000e-04,3.2838,,
4841,3.000e-04,3.2587,,
4842,3.000e-04,3.2509,,
4843,3.000e-04,3.2000,,
4844,3.000e-04,3.2535,,
4845,3.000e-04,3.2385,,
4846,3.000e-04,3.1810,,
4847,3.000e-04,3.2405,,
4848,3.000e-04,3.2700,,
4849,3.000e-04,3.2632,,
4850,3.000e-04,3.2452,,
4851,3.000e-04,3.2088,,
4852,3.000e-04,3.2225,,
4853,3.000e-04,3.2674,,
4854,3.000e-04,3.2363,,
4855,3.000e-04,3.2338,,
4856,3.000e-04,3.2583,,
4857,3.000e-04,3.2497,,
4858,3.000e-04,3.2614,,
4859,3.000e-04,3.2201,,
4860,3.000e-04,3.2641,,
4861,3.000e-04,3.2751,,
4862,3.000e-04,3.2734,,
4863,3.000e-04,3.2563,,
4864,3.000e-04,3.2719,,
4865,3.000e-04,3.2453,,
4866,3.000e-04,3.2539,,
4867,3.000e-04,3.2204,,
4868,3.000e-04,3.2169,,
4869,3.000e-04,3.2886,,
4870,3.000e-04,3.2642,,
4871,3.000e-04,3.2462,,
4872,3.000e-04,3.2333,,
4873,3.000e-04,3.2452,,
4874,3.000e-04,3.2237,,
4875,3.000e-04,3.2491,,
4876,3.000e-04,3.2674,,
4877,3.000e-04,3.2455,,
4878,3.000e-04,3.2297,,
4879,3.000e-04,3.2661,,
4880,3.000e-04,3.2621,,
4881,3.000e-04,3.2395,,
4882,3.000e-04,3.2392,,
4883,3.000e-04,3.2632,,
4884,3.000e-04,3.2601,,
4885,3.000e-04,3.2201,,
4886,3.000e-04,3.2369,,
4887,3.000e-04,3.2785,,
4888,3.000e-04,3.2393,,
4889,3.000e-04,3.2598,,
4890,3.000e-04,3.2221,,
4891,3.000e-04,3.2372,,
4892,3.000e-04,3.2729,,
4893,3.000e-04,3.2504,,
4894,3.000e-04,3.2633,,
4895,3.000e-04,3.2240,,
4896,3.000e-04,3.2142,,
4897,3.000e-04,3.2406,,
4898,3.000e-04,3.2858,,
4899,3.000e-04,3.2484,,
4900,3.000e-04,3.2333,3.0979526042938232,
4901,3.000e-04,3.2540,,
4902,3.000e-04,3.2023,,
4903,3.000e-04,3.2098,,
4904,3.000e-04,3.2707,,
4905,3.000e-04,3.2079,,
4906,3.000e-04,3.2382,,
4907,3.000e-04,3.1899,,
4908,3.000e-04,3.2401,,
4909,3.000e-04,3.2026,,
4910,3.000e-04,3.2449,,
4911,3.000e-04,3.2063,,
4912,3.000e-04,3.2316,,
4913,3.000e-04,3.2625,,
4914,3.000e-04,3.2225,,
4915,3.000e-04,3.1960,,
4916,3.000e-04,3.2311,,
4917,3.000e-04,3.2324,,
4918,3.000e-04,3.2127,,
4919,3.000e-04,3.2437,,
4920,3.000e-04,3.2336,,
4921,3.000e-04,3.2487,,
4922,3.000e-04,3.2475,,
4923,3.000e-04,3.2430,,
4924,3.000e-04,3.2335,,
4925,3.000e-04,3.2219,,
4926,3.000e-04,3.1782,,
4927,3.000e-04,3.2394,,
4928,3.000e-04,3.2197,,
4929,3.000e-04,3.2590,,
4930,3.000e-04,3.2243,,
4931,3.000e-04,3.2129,,
4932,3.000e-04,3.2203,,
4933,3.000e-04,3.2359,,
4934,3.000e-04,3.2634,,
4935,3.000e-04,3.1848,,
4936,3.000e-04,3.2365,,
4937,3.000e-04,3.2234,,
4938,3.000e-04,3.2132,,
4939,3.000e-04,3.2248,,
4940,3.000e-04,3.2254,,
4941,3.000e-04,3.2761,,
4942,3.000e-04,3.2061,,
4943,3.000e-04,3.2537,,
4944,3.000e-04,3.2598,,
4945,3.000e-04,3.2374,,
4946,3.000e-04,3.2209,,
4947,3.000e-04,3.2533,,
4948,3.000e-04,3.2164,,
4949,3.000e-04,3.2307,,
4950,3.000e-04,3.2255,,
4951,3.000e-04,3.2410,,
4952,3.000e-04,3.2346,,
4953,3.000e-04,3.2356,,
4954,3.000e-04,3.2378,,
4955,3.000e-04,3.2462,,
4956,3.000e-04,3.2628,,
4957,3.000e-04,3.2226,,
4958,3.000e-04,3.2467,,
4959,3.000e-04,3.2242,,
4960,3.000e-04,3.2503,,
4961,3.000e-04,3.2242,,
4962,3.000e-04,3.2179,,
4963,3.000e-04,3.2507,,
4964,3.000e-04,3.1957,,
4965,3.000e-04,3.2436,,
4966,3.000e-04,3.2483,,
4967,3.000e-04,3.1645,,
4968,3.000e-04,3.2501,,
4969,3.000e-04,3.2516,,
4970,3.000e-04,3.2360,,
4971,3.000e-04,3.2374,,
4972,3.000e-04,3.2083,,
4973,3.000e-04,3.2204,,
4974,3.000e-04,3.2209,,
4975,3.000e-04,3.2532,,
4976,3.000e-04,3.2513,,
4977,3.000e-04,3.2297,,
4978,3.000e-04,3.2556,,
4979,3.000e-04,3.2557,,
4980,3.000e-04,3.2538,,
4981,3.000e-04,3.2837,,
4982,3.000e-04,3.2406,,
4983,3.000e-04,3.2302,,
4984,3.000e-04,3.2627,,
4985,3.000e-04,3.2287,,
4986,3.000e-04,3.2617,,
4987,3.000e-04,3.2946,,
4988,3.000e-04,3.2791,,
4989,3.000e-04,3.2365,,
4990,3.000e-04,3.2047,,
4991,3.000e-04,3.2422,,
4992,3.000e-04,3.2296,,
4993,3.000e-04,3.2121,,
4994,3.000e-04,3.1931,,
4995,3.000e-04,3.2432,,
4996,3.000e-04,3.2197,,
4997,3.000e-04,3.2286,,
4998,3.000e-04,3.2167,,
4999,3.000e-04,3.2642,,
5000,3.000e-04,3.2489,3.2350577831268312,
5001,3.000e-04,3.2581,,
5002,3.000e-04,3.2407,,
5003,3.000e-04,3.2145,,
5004,3.000e-04,3.2433,,
5005,3.000e-04,3.2116,,
5006,3.000e-04,3.2525,,
5007,3.000e-04,3.2259,,
5008,3.000e-04,3.2479,,
5009,3.000e-04,3.2728,,
5010,3.000e-04,3.1987,,
5011,3.000e-04,3.2487,,
5012,3.000e-04,3.1991,,
5013,3.000e-04,3.2054,,
5014,3.000e-04,3.2335,,
5015,3.000e-04,3.2199,,
5016,3.000e-04,3.2027,,
5017,3.000e-04,3.2434,,
5018,3.000e-04,3.2508,,
5019,3.000e-04,3.2299,,
5020,3.000e-04,3.1942,,
5021,3.000e-04,3.1877,,
5022,3.000e-04,3.2746,,
5023,3.000e-04,3.2123,,
5024,3.000e-04,3.2170,,
5025,3.000e-04,3.2296,,
5026,3.000e-04,3.2013,,
5027,3.000e-04,3.2605,,
5028,3.000e-04,3.2442,,
5029,3.000e-04,3.2378,,
5030,3.000e-04,3.1995,,
5031,3.000e-04,3.2357,,
5032,3.000e-04,3.2367,,
5033,3.000e-04,3.2183,,
5034,3.000e-04,3.2106,,
5035,3.000e-04,3.2251,,
5036,3.000e-04,3.2308,,
5037,3.000e-04,3.2688,,
5038,3.000e-04,3.1578,,
5039,3.000e-04,3.2348,,
5040,3.000e-04,3.2718,,
5041,3.000e-04,3.2235,,
5042,3.000e-04,3.2259,,
5043,3.000e-04,3.2844,,
5044,3.000e-04,3.2364,,
5045,3.000e-04,3.2388,,
5046,3.000e-04,3.2266,,
5047,3.000e-04,3.2262,,
5048,3.000e-04,3.2258,,
5049,3.000e-04,3.2412,,
5050,3.000e-04,3.2279,,
5051,3.000e-04,3.2617,,
5052,3.000e-04,3.2319,,
5053,3.000e-04,3.2377,,
5054,3.000e-04,3.2187,,
5055,3.000e-04,3.2441,,
5056,3.000e-04,3.2285,,
5057,3.000e-04,3.2603,,
5058,3.000e-04,3.2665,,
5059,3.000e-04,3.2820,,
5060,3.000e-04,3.2361,,
5061,3.000e-04,3.2311,,
5062,3.000e-04,3.1582,,
5063,3.000e-04,3.2596,,
5064,3.000e-04,3.1831,,
5065,3.000e-04,3.1979,,
5066,3.000e-04,3.2913,,
5067,3.000e-04,3.2431,,
5068,3.000e-04,3.2098,,
5069,3.000e-04,3.1940,,
5070,3.000e-04,3.2245,,
5071,3.000e-04,3.2176,,
5072,3.000e-04,3.2141,,
5073,3.000e-04,3.2667,,
5074,3.000e-04,3.2251,,
5075,3.000e-04,3.2220,,
5076,3.000e-04,3.2305,,
5077,3.000e-04,3.2591,,
5078,3.000e-04,3.2515,,
5079,3.000e-04,3.2536,,
5080,3.000e-04,3.2335,,
5081,3.000e-04,3.2209,,
5082,3.000e-04,3.2570,,
5083,3.000e-04,3.2286,,
5084,3.000e-04,3.2075,,
5085,3.000e-04,3.2075,,
5086,3.000e-04,3.2601,,
5087,3.000e-04,3.2220,,
5088,3.000e-04,3.2051,,
5089,3.000e-04,3.2319,,
5090,3.000e-04,3.1984,,
5091,3.000e-04,3.2365,,
5092,3.000e-04,3.2102,,
5093,3.000e-04,3.2188,,
5094,3.000e-04,3.2272,,
5095,3.000e-04,3.2461,,
5096,3.000e-04,3.2314,,
5097,3.000e-04,3.2084,,
5098,3.000e-04,3.2686,,
5099,3.000e-04,3.2714,,
5100,3.000e-04,3.2323,3.1821636080741884,
5101,3.000e-04,3.2447,,
5102,3.000e-04,3.2459,,
5103,3.000e-04,3.2557,,
5104,3.000e-04,3.1970,,
5105,3.000e-04,3.2447,,
5106,3.000e-04,3.2302,,
5107,3.000e-04,3.2751,,
5108,3.000e-04,3.2410,,
5109,3.000e-04,3.2297,,
5110,3.000e-04,3.2866,,
5111,3.000e-04,3.2218,,
5112,3.000e-04,3.1979,,
5113,3.000e-04,3.2466,,
5114,3.000e-04,3.2235,,
5115,3.000e-04,3.2329,,
5116,3.000e-04,3.1972,,
5117,3.000e-04,3.2268,,
5118,3.000e-04,3.1753,,
5119,3.000e-04,3.2455,,
5120,3.000e-04,3.2394,,
5121,3.000e-04,3.2182,,
5122,3.000e-04,3.2191,,
5123,3.000e-04,3.1888,,
5124,3.000e-04,3.1988,,
5125,3.000e-04,3.2653,,
5126,3.000e-04,3.2071,,
5127,3.000e-04,3.1889,,
5128,3.000e-04,3.2255,,
5129,3.000e-04,3.2142,,
5130,3.000e-04,3.2638,,
5131,3.000e-04,3.2514,,
5132,3.000e-04,3.2280,,
5133,3.000e-04,3.2455,,
5134,3.000e-04,3.2067,,
5135,3.000e-04,3.2123,,
5136,3.000e-04,3.2181,,
5137,3.000e-04,3.2183,,
5138,3.000e-04,3.2318,,
5139,3.000e-04,3.2569,,
5140,3.000e-04,3.2053,,
5141,3.000e-04,3.1931,,
5142,3.000e-04,3.2190,,
5143,3.000e-04,3.2414,,
5144,3.000e-04,3.2667,,
5145,3.000e-04,3.2136,,
5146,3.000e-04,3.2462,,
5147,3.000e-04,3.2032,,
5148,3.000e-04,3.2224,,
5149,3.000e-04,3.2578,,
5150,3.000e-04,3.2062,,
5151,3.000e-04,3.2277,,
5152,3.000e-04,3.2304,,
5153,3.000e-04,3.2056,,
5154,3.000e-04,3.2329,,
5155,3.000e-04,3.1872,,
5156,3.000e-04,3.2260,,
5157,3.000e-04,3.2371,,
5158,3.000e-04,3.2266,,
5159,3.000e-04,3.1862,,
5160,3.000e-04,3.2650,,
5161,3.000e-04,3.2211,,
5162,3.000e-04,3.2139,,
5163,3.000e-04,3.1885,,
5164,3.000e-04,3.2255,,
5165,3.000e-04,3.2199,,
5166,3.000e-04,3.1947,,
5167,3.000e-04,3.2244,,
5168,3.000e-04,3.2088,,
5169,3.000e-04,3.1591,,
5170,3.000e-04,3.2174,,
5171,3.000e-04,3.2155,,
5172,3.000e-04,3.2046,,
5173,3.000e-04,3.2206,,
5174,3.000e-04,3.2229,,
5175,3.000e-04,3.2322,,
5176,3.000e-04,3.2122,,
5177,3.000e-04,3.2337,,
5178,3.000e-04,3.2110,,
5179,3.000e-04,3.2304,,
5180,3.000e-04,3.2341,,
5181,3.000e-04,3.1848,,
5182,3.000e-04,3.2117,,
5183,3.000e-04,3.2314,,
5184,3.000e-04,3.2430,,
5185,3.000e-04,3.2257,,
5186,3.000e-04,3.2242,,
5187,3.000e-04,3.2219,,
5188,3.000e-04,3.1785,,
5189,3.000e-04,3.2116,,
5190,3.000e-04,3.2299,,
5191,3.000e-04,3.2036,,
5192,3.000e-04,3.2486,,
5193,3.000e-04,3.1885,,
5194,3.000e-04,3.1759,,
5195,3.000e-04,3.1899,,
5196,3.000e-04,3.1982,,
5197,3.000e-04,3.2354,,
5198,3.000e-04,3.2061,,
5199,3.000e-04,3.2180,,
5200,3.000e-04,3.2340,3.174074876308441,
5201,3.000e-04,3.2174,,
5202,3.000e-04,3.2140,,
5203,3.000e-04,3.2352,,
5204,3.000e-04,3.2318,,
5205,3.000e-04,3.2016,,
5206,3.000e-04,3.1942,,
5207,3.000e-04,3.1977,,
5208,3.000e-04,3.2673,,
5209,3.000e-04,3.1830,,
5210,3.000e-04,3.2106,,
5211,3.000e-04,3.2127,,
5212,3.000e-04,3.1676,,
5213,3.000e-04,3.2130,,
5214,3.000e-04,3.2045,,
5215,3.000e-04,3.2180,,
5216,3.000e-04,3.2337,,
5217,3.000e-04,3.2267,,
5218,3.000e-04,3.2441,,
5219,3.000e-04,3.2018,,
5220,3.000e-04,3.2108,,
5221,3.000e-04,3.2072,,
5222,3.000e-04,3.2142,,
5223,3.000e-04,3.2409,,
5224,3.000e-04,3.2470,,
5225,3.000e-04,3.2278,,
5226,3.000e-04,3.1970,,
5227,3.000e-04,3.1880,,
5228,3.000e-04,3.2276,,
5229,3.000e-04,3.2410,,
5230,3.000e-04,3.2367,,
5231,3.000e-04,3.2414,,
5232,3.000e-04,3.1977,,
5233,3.000e-04,3.2611,,
5234,3.000e-04,3.2091,,
5235,3.000e-04,3.2332,,
5236,3.000e-04,3.1920,,
5237,3.000e-04,3.2175,,
5238,3.000e-04,3.2324,,
5239,3.000e-04,3.2010,,
5240,3.000e-04,3.2189,,
5241,3.000e-04,3.2225,,
5242,3.000e-04,3.2047,,
5243,3.000e-04,3.2161,,
5244,3.000e-04,3.1881,,
5245,3.000e-04,3.1829,,
5246,3.000e-04,3.2129,,
5247,3.000e-04,3.1655,,
5248,3.000e-04,3.2177,,
5249,3.000e-04,3.2083,,
5250,3.000e-04,3.1353,,
5251,3.000e-04,3.2442,,
5252,3.000e-04,3.1848,,
5253,3.000e-04,3.2325,,
5254,3.000e-04,3.2499,,
5255,3.000e-04,3.1747,,
5256,3.000e-04,3.1796,,
5257,3.000e-04,3.1943,,
5258,3.000e-04,3.2234,,
5259,3.000e-04,3.2223,,
5260,3.000e-04,3.2532,,
5261,3.000e-04,3.2110,,
5262,3.000e-04,3.2412,,
5263,3.000e-04,3.2230,,
5264,3.000e-04,3.2304,,
5265,3.000e-04,3.2288,,
5266,3.000e-04,3.2230,,
5267,3.000e-04,3.2034,,
5268,3.000e-04,3.2056,,
5269,3.000e-04,3.2077,,
5270,3.000e-04,3.2768,,
5271,3.000e-04,3.2289,,
5272,3.000e-04,3.2408,,
5273,3.000e-04,3.2140,,
5274,3.000e-04,3.2161,,
5275,3.000e-04,3.2400,,
5276,3.000e-04,3.1876,,
5277,3.000e-04,3.2053,,
5278,3.000e-04,3.2011,,
5279,3.000e-04,3.2065,,
5280,3.000e-04,3.2401,,
5281,3.000e-04,3.1823,,
5282,3.000e-04,3.2114,,
5283,3.000e-04,3.2261,,
5284,3.000e-04,3.1639,,
5285,3.000e-04,3.2003,,
5286,3.000e-04,3.2417,,
5287,3.000e-04,3.2221,,
5288,3.000e-04,3.2604,,
5289,3.000e-04,3.2283,,
5290,3.000e-04,3.2109,,
5291,3.000e-04,3.2312,,
5292,3.000e-04,3.2242,,
5293,3.000e-04,3.2108,,
5294,3.000e-04,3.2272,,
5295,3.000e-04,3.1814,,
5296,3.000e-04,3.2199,,
5297,3.000e-04,3.2226,,
5298,3.000e-04,3.2144,,
5299,3.000e-04,3.2127,,
5300,3.000e-04,3.1918,3.0993071675300596,
5301,3.000e-04,3.2067,,
5302,3.000e-04,3.2119,,
5303,3.000e-04,3.2342,,
5304,3.000e-04,3.2336,,
5305,3.000e-04,3.2075,,
5306,3.000e-04,3.2405,,
5307,3.000e-04,3.1664,,
5308,3.000e-04,3.2366,,
5309,3.000e-04,3.1881,,
5310,3.000e-04,3.2002,,
5311,3.000e-04,3.2389,,
5312,3.000e-04,3.2466,,
5313,3.000e-04,3.2063,,
5314,3.000e-04,3.2324,,
5315,3.000e-04,3.2181,,
5316,3.000e-04,3.1839,,
5317,3.000e-04,3.2282,,
5318,3.000e-04,3.2078,,
5319,3.000e-04,3.2341,,
5320,3.000e-04,3.2004,,
5321,3.000e-04,3.2208,,
5322,3.000e-04,3.1923,,
5323,3.000e-04,3.1785,,
5324,3.000e-04,3.2338,,
5325,3.000e-04,3.1829,,
5326,3.000e-04,3.2430,,
5327,3.000e-04,3.2212,,
5328,3.000e-04,3.2431,,
5329,3.000e-04,3.2172,,
5330,3.000e-04,3.1882,,
5331,3.000e-04,3.2172,,
5332,3.000e-04,3.2026,,
5333,3.000e-04,3.2478,,
5334,3.000e-04,3.2062,,
5335,3.000e-04,3.2541,,
5336,3.000e-04,3.1994,,
5337,3.000e-04,3.1934,,
5338,3.000e-04,3.2305,,
5339,3.000e-04,3.2435,,
5340,3.000e-04,3.1775,,
5341,3.000e-04,3.2022,,
5342,3.000e-04,3.2189,,
5343,3.000e-04,3.2182,,
5344,3.000e-04,3.2035,,
5345,3.000e-04,3.2138,,
5346,3.000e-04,3.2252,,
5347,3.000e-04,3.1965,,
5348,3.000e-04,3.2214,,
5349,3.000e-04,3.2058,,
5350,3.000e-04,3.2008,,
5351,3.000e-04,3.1914,,
5352,3.000e-04,3.2127,,
5353,3.000e-04,3.2142,,
5354,3.000e-04,3.2000,,
5355,3.000e-04,3.2403,,
5356,3.000e-04,3.2093,,
5357,3.000e-04,3.2077,,
5358,3.000e-04,3.1914,,
5359,3.000e-04,3.2123,,
5360,3.000e-04,3.1729,,
5361,3.000e-04,3.2467,,
5362,3.000e-04,3.2046,,
5363,3.000e-04,3.1389,,
5364,3.000e-04,3.2386,,
5365,3.000e-04,3.2178,,
5366,3.000e-04,3.1727,,
5367,3.000e-04,3.2013,,
5368,3.000e-04,3.2206,,
5369,3.000e-04,3.2242,,
5370,3.000e-04,3.2274,,
5371,3.000e-04,3.1952,,
5372,3.000e-04,3.2156,,
5373,3.000e-04,3.2205,,
5374,3.000e-04,3.2428,,
5375,3.000e-04,3.2423,,
5376,3.000e-04,3.2077,,
5377,3.000e-04,3.2166,,
5378,3.000e-04,3.1895,,
5379,3.000e-04,3.1545,,
5380,3.000e-04,3.1836,,
5381,3.000e-04,3.1988,,
5382,3.000e-04,3.2072,,
5383,3.000e-04,3.2190,,
5384,3.000e-04,3.2282,,
5385,3.000e-04,3.1731,,
5386,3.000e-04,3.1662,,
5387,3.000e-04,3.2290,,
5388,3.000e-04,3.2056,,
5389,3.000e-04,3.1813,,
5390,3.000e-04,3.2244,,
5391,3.000e-04,3.2030,,
5392,3.000e-04,3.2241,,
5393,3.000e-04,3.1735,,
5394,3.000e-04,3.2062,,
5395,3.000e-04,3.2364,,
5396,3.000e-04,3.2161,,
5397,3.000e-04,3.2415,,
5398,3.000e-04,3.1992,,
5399,3.000e-04,3.1713,,
5400,3.000e-04,3.2010,3.1959640264511107,
5401,3.000e-04,3.2185,,
5402,3.000e-04,3.2112,,
5403,3.000e-04,3.2662,,
5404,3.000e-04,3.1986,,
5405,3.000e-04,3.1872,,
5406,3.000e-04,3.1937,,
5407,3.000e-04,3.2341,,
5408,3.000e-04,3.2122,,
5409,3.000e-04,3.2348,,
5410,3.000e-04,3.2505,,
5411,3.000e-04,3.2408,,
5412,3.000e-04,3.2201,,
5413,3.000e-04,3.2214,,
5414,3.000e-04,3.2214,,
5415,3.000e-04,3.1906,,
5416,3.000e-04,3.1567,,
5417,3.000e-04,3.1992,,
5418,3.000e-04,3.2179,,
5419,3.000e-04,3.2406,,
5420,3.000e-04,3.2229,,
5421,3.000e-04,3.1824,,
5422,3.000e-04,3.2046,,
5423,3.000e-04,3.1970,,
5424,3.000e-04,3.2358,,
5425,3.000e-04,3.2237,,
5426,3.000e-04,3.2041,,
5427,3.000e-04,3.2000,,
5428,3.000e-04,3.2080,,
5429,3.000e-04,3.2164,,
5430,3.000e-04,3.1852,,
5431,3.000e-04,3.1746,,
5432,3.000e-04,3.1941,,
5433,3.000e-04,3.2158,,
5434,3.000e-04,3.1950,,
5435,3.000e-04,3.2399,,
5436,3.000e-04,3.2202,,
5437,3.000e-04,3.2120,,
5438,3.000e-04,3.2436,,
5439,3.000e-04,3.2562,,
5440,3.000e-04,3.2158,,
5441,3.000e-04,3.1906,,
5442,3.000e-04,3.2436,,
5443,3.000e-04,3.2300,,
5444,3.000e-04,3.1706,,
5445,3.000e-04,3.2267,,
5446,3.000e-04,3.1812,,
5447,3.000e-04,3.1755,,
5448,3.000e-04,3.1599,,
5449,3.000e-04,3.1878,,
5450,3.000e-04,3.1766,,
5451,3.000e-04,3.2366,,
5452,3.000e-04,3.2153,,
5453,3.000e-04,3.2153,,
5454,3.000e-04,3.1858,,
5455,3.000e-04,3.1855,,
5456,3.000e-04,3.2218,,
5457,3.000e-04,3.1995,,
5458,3.000e-04,3.2146,,
5459,3.000e-04,3.2180,,
5460,3.000e-04,3.1996,,
5461,3.000e-04,3.1976,,
5462,3.000e-04,3.1761,,
5463,3.000e-04,3.2290,,
5464,3.000e-04,3.1934,,
5465,3.000e-04,3.1753,,
5466,3.000e-04,3.1848,,
5467,3.000e-04,3.2086,,
5468,3.000e-04,3.2282,,
5469,3.000e-04,3.1283,,
5470,3.000e-04,3.1990,,
5471,3.000e-04,3.2182,,
5472,3.000e-04,3.2246,,
5473,3.000e-04,3.1863,,
5474,3.000e-04,3.1944,,
5475,3.000e-04,3.2032,,
5476,3.000e-04,3.1663,,
5477,3.000e-04,3.2237,,
5478,3.000e-04,3.2125,,
5479,3.000e-04,3.1617,,
5480,3.000e-04,3.1843,,
5481,3.000e-04,3.1687,,
5482,3.000e-04,3.2259,,
5483,3.000e-04,3.1681,,
5484,3.000e-04,3.1668,,
5485,3.000e-04,3.1905,,
5486,3.000e-04,3.2250,,
5487,3.000e-04,3.1932,,
5488,3.000e-04,3.2232,,
5489,3.000e-04,3.1748,,
5490,3.000e-04,3.2298,,
5491,3.000e-04,3.1862,,
5492,3.000e-04,3.1712,,
5493,3.000e-04,3.2022,,
5494,3.000e-04,3.1954,,
5495,3.000e-04,3.2195,,
5496,3.000e-04,3.2173,,
5497,3.000e-04,3.2480,,
5498,3.000e-04,3.1955,,
5499,3.000e-04,3.2085,,
5500,3.000e-04,3.2190,3.102504312992096,
5501,3.000e-04,3.2613,,
5502,3.000e-04,3.2245,,
5503,3.000e-04,3.1919,,
5504,3.000e-04,3.2014,,
5505,3.000e-04,3.1886,,
5506,3.000e-04,3.2043,,
5507,3.000e-04,3.1520,,
5508,3.000e-04,3.1598,,
5509,3.000e-04,3.2044,,
5510,3.000e-04,3.2096,,
5511,3.000e-04,3.2150,,
5512,3.000e-04,3.1886,,
5513,3.000e-04,3.2219,,
5514,3.000e-04,3.1768,,
5515,3.000e-04,3.2516,,
5516,3.000e-04,3.2013,,
5517,3.000e-04,3.1900,,
5518,3.000e-04,3.2141,,
5519,3.000e-04,3.1958,,
5520,3.000e-04,3.2119,,
5521,3.000e-04,3.2223,,
5522,3.000e-04,3.2458,,
5523,3.000e-04,3.2000,,
5524,3.000e-04,3.2138,,
5525,3.000e-04,3.2016,,
5526,3.000e-04,3.2415,,
5527,3.000e-04,3.2013,,
5528,3.000e-04,3.2267,,
5529,3.000e-04,3.1948,,
5530,3.000e-04,3.1945,,
5531,3.000e-04,3.1670,,
5532,3.000e-04,3.1760,,
5533,3.000e-04,3.2144,,
5534,3.000e-04,3.2175,,
5535,3.000e-04,3.1903,,
5536,3.000e-04,3.2046,,
5537,3.000e-04,3.2025,,
5538,3.000e-04,3.2169,,
5539,3.000e-04,3.2194,,
5540,3.000e-04,3.1823,,
5541,3.000e-04,3.1776,,
5542,3.000e-04,3.2228,,
5543,3.000e-04,3.1787,,
5544,3.000e-04,3.2519,,
5545,3.000e-04,3.1891,,
5546,3.000e-04,3.1848,,
5547,3.000e-04,3.1810,,
5548,3.000e-04,3.1715,,
5549,3.000e-04,3.1843,,
5550,3.000e-04,3.1959,,
5551,3.000e-04,3.2480,,
5552,3.000e-04,3.2236,,
5553,3.000e-04,3.2406,,
5554,3.000e-04,3.2054,,
5555,3.000e-04,3.1983,,
5556,3.000e-04,3.1717,,
5557,3.000e-04,3.2265,,
5558,3.000e-04,3.1950,,
5559,3.000e-04,3.2094,,
5560,3.000e-04,3.2061,,
5561,3.000e-04,3.2133,,
5562,3.000e-04,3.2115,,
5563,3.000e-04,3.2313,,
5564,3.000e-04,3.2207,,
5565,3.000e-04,3.1969,,
5566,3.000e-04,3.1808,,
5567,3.000e-04,3.2053,,
5568,3.000e-04,3.2276,,
5569,3.000e-04,3.2117,,
5570,3.000e-04,3.1611,,
5571,3.000e-04,3.2024,,
5572,3.000e-04,3.2097,,
5573,3.000e-04,3.2263,,
5574,3.000e-04,3.2216,,
5575,3.000e-04,3.2183,,
5576,3.000e-04,3.1984,,
5577,3.000e-04,3.1802,,
5578,3.000e-04,3.2026,,
5579,3.000e-04,3.2167,,
5580,3.000e-04,3.2208,,
5581,3.000e-04,3.2265,,
5582,3.000e-04,3.2339,,
5583,3.000e-04,3.2307,,
5584,3.000e-04,3.1988,,
5585,3.000e-04,3.1935,,
5586,3.000e-04,3.2269,,
5587,3.000e-04,3.2109,,
5588,3.000e-04,3.1906,,
5589,3.000e-04,3.1757,,
5590,3.000e-04,3.2049,,
5591,3.000e-04,3.1942,,
5592,3.000e-04,3.1651,,
5593,3.000e-04,3.1879,,
5594,3.000e-04,3.1672,,
5595,3.000e-04,3.1784,,
5596,3.000e-04,3.1552,,
5597,3.000e-04,3.2104,,
5598,3.000e-04,3.1752,,
5599,3.000e-04,3.1949,,
5600,3.000e-04,3.1898,3.072680687904358,
5601,3.000e-04,3.1616,,
5602,3.000e-04,3.1960,,
5603,3.000e-04,3.2321,,
5604,3.000e-04,3.2070,,
5605,3.000e-04,3.1912,,
5606,3.000e-04,3.1888,,
5607,3.000e-04,3.2417,,
5608,3.000e-04,3.1810,,
5609,3.000e-04,3.1882,,
5610,3.000e-04,3.1976,,
5611,3.000e-04,3.1915,,
5612,3.000e-04,3.1808,,
5613,3.000e-04,3.1979,,
5614,3.000e-04,3.2087,,
5615,3.000e-04,3.2180,,
5616,3.000e-04,3.1946,,
5617,3.000e-04,3.1717,,
5618,3.000e-04,3.1856,,
5619,3.000e-04,3.2367,,
5620,3.000e-04,3.1750,,
5621,3.000e-04,3.2022,,
5622,3.000e-04,3.2127,,
5623,3.000e-04,3.1810,,
5624,3.000e-04,3.2089,,
5625,3.000e-04,3.1957,,
5626,3.000e-04,3.2152,,
5627,3.000e-04,3.1966,,
5628,3.000e-04,3.1637,,
5629,3.000e-04,3.1904,,
5630,3.000e-04,3.2226,,
5631,3.000e-04,3.2130,,
5632,3.000e-04,3.2022,,
5633,3.000e-04,3.1576,,
5634,3.000e-04,3.1914,,
5635,3.000e-04,3.1517,,
5636,3.000e-04,3.1904,,
5637,3.000e-04,3.2252,,
5638,3.000e-04,3.2539,,
5639,3.000e-04,3.2190,,
5640,3.000e-04,3.1604,,
5641,3.000e-04,3.2115,,
5642,3.000e-04,3.2315,,
5643,3.000e-04,3.2118,,
5644,3.000e-04,3.1889,,
5645,3.000e-04,3.2188,,
5646,3.000e-04,3.1617,,
5647,3.000e-04,3.1895,,
5648,3.000e-04,3.1970,,
5649,3.000e-04,3.1588,,
5650,3.000e-04,3.1760,,
5651,3.000e-04,3.1909,,
5652,3.000e-04,3.1971,,
5653,3.000e-04,3.2005,,
5654,3.000e-04,3.1989,,
5655,3.000e-04,3.2171,,
5656,3.000e-04,3.1897,,
5657,3.000e-04,3.1584,,
5658,3.000e-04,3.2084,,
5659,3.000e-04,3.2111,,
5660,3.000e-04,3.1967,,
5661,3.000e-04,3.1382,,
5662,3.000e-04,3.2206,,
5663,3.000e-04,3.1914,,
5664,3.000e-04,3.1445,,
5665,3.000e-04,3.1893,,
5666,3.000e-04,3.2212,,
5667,3.000e-04,3.1870,,
5668,3.000e-04,3.1549,,
5669,3.000e-04,3.2074,,
5670,3.000e-04,3.1802,,
5671,3.000e-04,3.1753,,
5672,3.000e-04,3.1987,,
5673,3.000e-04,3.1863,,
5674,3.000e-04,3.2111,,
5675,3.000e-04,3.1650,,
5676,3.000e-04,3.1631,,
5677,3.000e-04,3.1485,,
5678,3.000e-04,3.1253,,
5679,3.000e-04,3.1902,,
5680,3.000e-04,3.1785,,
5681,3.000e-04,3.2331,,
5682,3.000e-04,3.1542,,
5683,3.000e-04,3.1326,,
5684,3.000e-04,3.1509,,
5685,3.000e-04,3.1738,,
5686,3.000e-04,3.2595,,
5687,3.000e-04,3.1998,,
5688,3.000e-04,3.1620,,
5689,3.000e-04,3.1426,,
5690,3.000e-04,3.1906,,
5691,3.000e-04,3.1910,,
5692,3.000e-04,3.1856,,
5693,3.000e-04,3.1779,,
5694,3.000e-04,3.2068,,
5695,3.000e-04,3.2510,,
5696,3.000e-04,3.1355,,
5697,3.000e-04,3.1680,,
5698,3.000e-04,3.1942,,
5699,3.000e-04,3.1982,,
5700,3.000e-04,3.2235,3.105368399620056,
5701,3.000e-04,3.1938,,
5702,3.000e-04,3.1538,,
5703,3.000e-04,3.1797,,
5704,3.000e-04,3.2153,,
5705,3.000e-04,3.2160,,
5706,3.000e-04,3.1619,,
5707,3.000e-04,3.1793,,
5708,3.000e-04,3.1941,,
5709,3.000e-04,3.2171,,
5710,3.000e-04,3.1947,,
5711,3.000e-04,3.1962,,
5712,3.000e-04,3.1801,,
5713,3.000e-04,3.1793,,
5714,3.000e-04,3.2225,,
5715,3.000e-04,3.2115,,
5716,3.000e-04,3.1747,,
5717,3.000e-04,3.1866,,
5718,3.000e-04,3.1153,,
5719,3.000e-04,3.1755,,
5720,3.000e-04,3.1765,,
5721,3.000e-04,3.1999,,
5722,3.000e-04,3.1699,,
5723,3.000e-04,3.1856,,
5724,3.000e-04,3.2087,,
5725,3.000e-04,3.2216,,
5726,3.000e-04,3.1518,,
5727,3.000e-04,3.1351,,
5728,3.000e-04,3.1852,,
5729,3.000e-04,3.2024,,
5730,3.000e-04,3.1763,,
5731,3.000e-04,3.2285,,
5732,3.000e-04,3.2106,,
5733,3.000e-04,3.1812,,
5734,3.000e-04,3.1351,,
5735,3.000e-04,3.2068,,
5736,3.000e-04,3.1806,,
5737,3.000e-04,3.1734,,
5738,3.000e-04,3.1925,,
5739,3.000e-04,3.1725,,
5740,3.000e-04,3.2038,,
5741,3.000e-04,3.1695,,
5742,3.000e-04,3.1722,,
5743,3.000e-04,3.1804,,
5744,3.000e-04,3.1901,,
5745,3.000e-04,3.1787,,
5746,3.000e-04,3.1928,,
5747,3.000e-04,3.2220,,
5748,3.000e-04,3.1790,,
5749,3.000e-04,3.2041,,
5750,3.000e-04,3.1519,,
5751,3.000e-04,3.1548,,
5752,3.000e-04,3.1835,,
5753,3.000e-04,3.1705,,
5754,3.000e-04,3.2220,,
5755,3.000e-04,3.1856,,
5756,3.000e-04,3.1522,,
5757,3.000e-04,3.1879,,
5758,3.000e-04,3.2322,,
5759,3.000e-04,3.1863,,
5760,3.000e-04,3.1666,,
5761,3.000e-04,3.1797,,
5762,3.000e-04,3.1734,,
5763,3.000e-04,3.1998,,
5764,3.000e-04,3.2377,,
5765,3.000e-04,3.1765,,
5766,3.000e-04,3.1811,,
5767,3.000e-04,3.1955,,
5768,3.000e-04,3.1703,,
5769,3.000e-04,3.2104,,
5770,3.000e-04,3.1977,,
5771,3.000e-04,3.1513,,
5772,3.000e-04,3.1921,,
5773,3.000e-04,3.2130,,
5774,3.000e-04,3.1474,,
5775,3.000e-04,3.1841,,
5776,3.000e-04,3.1757,,
5777,3.000e-04,3.1709,,
5778,3.000e-04,3.1881,,
5779,3.000e-04,3.1593,,
5780,3.000e-04,3.1563,,
5781,3.000e-04,3.2032,,
5782,3.000e-04,3.1214,,
5783,3.000e-04,3.1653,,
5784,3.000e-04,3.2103,,
5785,3.000e-04,3.1727,,
5786,3.000e-04,3.1670,,
5787,3.000e-04,3.1689,,
5788,3.000e-04,3.1819,,
5789,3.000e-04,3.1678,,
5790,3.000e-04,3.2038,,
5791,3.000e-04,3.1809,,
5792,3.000e-04,3.2072,,
5793,3.000e-04,3.2083,,
5794,3.000e-04,3.1965,,
5795,3.000e-04,3.1994,,
5796,3.000e-04,3.1688,,
5797,3.000e-04,3.2163,,
5798,3.000e-04,3.1846,,
5799,3.000e-04,3.2060,,
5800,3.000e-04,3.2010,3.13988744020462,
5801,3.000e-04,3.1672,,
5802,3.000e-04,3.1432,,
5803,3.000e-04,3.1987,,
5804,3.000e-04,3.1772,,
5805,3.000e-04,3.2201,,
5806,3.000e-04,3.2056,,
5807,3.000e-04,3.2184,,
5808,3.000e-04,3.1669,,
5809,3.000e-04,3.2145,,
5810,3.000e-04,3.1403,,
5811,3.000e-04,3.2090,,
5812,3.000e-04,3.1896,,
5813,3.000e-04,3.2131,,
5814,3.000e-04,3.2411,,
5815,3.000e-04,3.1708,,
5816,3.000e-04,3.2106,,
5817,3.000e-04,3.1852,,
5818,3.000e-04,3.1448,,
5819,3.000e-04,3.2314,,
5820,3.000e-04,3.1710,,
5821,3.000e-04,3.1985,,
5822,3.000e-04,3.1654,,
5823,3.000e-04,3.2017,,
5824,3.000e-04,3.2084,,
5825,3.000e-04,3.2174,,
5826,3.000e-04,3.2136,,
5827,3.000e-04,3.1887,,
5828,3.000e-04,3.1870,,
5829,3.000e-04,3.1531,,
5830,3.000e-04,3.2071,,
5831,3.000e-04,3.2032,,
5832,3.000e-04,3.1819,,
5833,3.000e-04,3.1581,,
5834,3.000e-04,3.2017,,
5835,3.000e-04,3.1447,,
5836,3.000e-04,3.1541,,
5837,3.000e-04,3.2133,,
5838,3.000e-04,3.1321,,
5839,3.000e-04,3.1965,,
5840,3.000e-04,3.1616,,
5841,3.000e-04,3.1845,,
5842,3.000e-04,3.1698,,
5843,3.000e-04,3.2028,,
5844,3.000e-04,3.1846,,
5845,3.000e-04,3.1151,,
5846,3.000e-04,3.1649,,
5847,3.000e-04,3.1945,,
5848,3.000e-04,3.1684,,
5849,3.000e-04,3.1694,,
5850,3.000e-04,3.1698,,
5851,3.000e-04,3.1954,,
5852,3.000e-04,3.1818,,
5853,3.000e-04,3.1976,,
5854,3.000e-04,3.2050,,
5855,3.000e-04,3.1285,,
5856,3.000e-04,3.1517,,
5857,3.000e-04,3.1465,,
5858,3.000e-04,3.1999,,
5859,3.000e-04,3.1969,,
5860,3.000e-04,3.1683,,
5861,3.000e-04,3.1787,,
5862,3.000e-04,3.1301,,
5863,3.000e-04,3.1783,,
5864,3.000e-04,3.2264,,
5865,3.000e-04,3.1723,,
5866,3.000e-04,3.2185,,
5867,3.000e-04,3.1609,,
5868,3.000e-04,3.1669,,
5869,3.000e-04,3.1797,,
5870,3.000e-04,3.1810,,
5871,3.000e-04,3.2242,,
5872,3.000e-04,3.1979,,
5873,3.000e-04,3.1932,,
5874,3.000e-04,3.1589,,
5875,3.000e-04,3.1792,,
5876,3.000e-04,3.2040,,
5877,3.000e-04,3.1518,,
5878,3.000e-04,3.1290,,
5879,3.000e-04,3.1880,,
5880,3.000e-04,3.1709,,
5881,3.000e-04,3.1717,,
5882,3.000e-04,3.1648,,
5883,3.000e-04,3.1961,,
5884,3.000e-04,3.1739,,
5885,3.000e-04,3.1588,,
5886,3.000e-04,3.1794,,
5887,3.000e-04,3.1495,,
5888,3.000e-04,3.2133,,
5889,3.000e-04,3.1627,,
5890,3.000e-04,3.1749,,
5891,3.000e-04,3.1677,,
5892,3.000e-04,3.1443,,
5893,3.000e-04,3.2347,,
5894,3.000e-04,3.1714,,
5895,3.000e-04,3.1645,,
5896,3.000e-04,3.2191,,
5897,3.000e-04,3.1612,,
5898,3.000e-04,3.1255,,
5899,3.000e-04,3.1847,,
5900,3.000e-04,3.1461,3.2016438603401185,
5901,3.000e-04,3.1364,,
5902,3.000e-04,3.2192,,
5903,3.000e-04,3.2053,,
5904,3.000e-04,3.2057,,
5905,3.000e-04,3.1645,,
5906,3.000e-04,3.1949,,
5907,3.000e-04,3.1386,,
5908,3.000e-04,3.1336,,
5909,3.000e-04,3.1797,,
5910,3.000e-04,3.1909,,
5911,3.000e-04,3.1913,,
5912,3.000e-04,3.1921,,
5913,3.000e-04,3.1355,,
5914,3.000e-04,3.1761,,
5915,3.000e-04,3.2031,,
5916,3.000e-04,3.1662,,
5917,3.000e-04,3.1569,,
5918,3.000e-04,3.2037,,
5919,3.000e-04,3.1621,,
5920,3.000e-04,3.1792,,
5921,3.000e-04,3.1683,,
5922,3.000e-04,3.2028,,
5923,3.000e-04,3.2084,,
5924,3.000e-04,3.1771,,
5925,3.000e-04,3.1551,,
5926,3.000e-04,3.2380,,
5927,3.000e-04,3.1807,,
5928,3.000e-04,3.1633,,
5929,3.000e-04,3.1862,,
5930,3.000e-04,3.1889,,
5931,3.000e-04,3.1806,,
5932,3.000e-04,3.1902,,
5933,3.000e-04,3.1761,,
5934,3.000e-04,3.1435,,
5935,3.000e-04,3.1712,,
5936,3.000e-04,3.1503,,
5937,3.000e-04,3.1460,,
5938,3.000e-04,3.1550,,
5939,3.000e-04,3.1689,,
5940,3.000e-04,3.2050,,
5941,3.000e-04,3.1999,,
5942,3.000e-04,3.1748,,
5943,3.000e-04,3.1638,,
5944,3.000e-04,3.1855,,
5945,3.000e-04,3.1231,,
5946,3.000e-04,3.2072,,
5947,3.000e-04,3.1990,,
5948,3.000e-04,3.2082,,
5949,3.000e-04,3.1773,,
5950,3.000e-04,3.2007,,
5951,3.000e-04,3.1438,,
5952,3.000e-04,3.1756,,
5953,3.000e-04,3.2328,,
5954,3.000e-04,3.1481,,
5955,3.000e-04,3.1628,,
5956,3.000e-04,3.1711,,
5957,3.000e-04,3.1441,,
5958,3.000e-04,3.1541,,
5959,3.000e-04,3.2007,,
5960,3.000e-04,3.1502,,
5961,3.000e-04,3.1350,,
5962,3.000e-04,3.1571,,
5963,3.000e-04,3.1940,,
5964,3.000e-04,3.1535,,
5965,3.000e-04,3.1286,,
5966,3.000e-04,3.1863,,
5967,3.000e-04,3.1959,,
5968,3.000e-04,3.1708,,
5969,3.000e-04,3.1769,,
5970,3.000e-04,3.2113,,
5971,3.000e-04,3.2083,,
5972,3.000e-04,3.1939,,
5973,3.000e-04,3.1673,,
5974,3.000e-04,3.1836,,
5975,3.000e-04,3.1752,,
5976,3.000e-04,3.2146,,
5977,3.000e-04,3.1309,,
5978,3.000e-04,3.1699,,
5979,3.000e-04,3.1995,,
5980,3.000e-04,3.1500,,
5981,3.000e-04,3.1746,,
5982,3.000e-04,3.1851,,
5983,3.000e-04,3.2006,,
5984,3.000e-04,3.1766,,
5985,3.000e-04,3.1756,,
5986,3.000e-04,3.1600,,
5987,3.000e-04,3.1784,,
5988,3.000e-04,3.1779,,
5989,3.000e-04,3.1223,,
5990,3.000e-04,3.1602,,
5991,3.000e-04,3.1754,,
5992,3.000e-04,3.2052,,
5993,3.000e-04,3.1836,,
5994,3.000e-04,3.1591,,
5995,3.000e-04,3.1564,,
5996,3.000e-04,3.1849,,
5997,3.000e-04,3.1532,,
5998,3.000e-04,3.1678,,
5999,3.000e-04,3.1607,,
6000,3.000e-04,3.1810,3.1353344559669494,
6001,3.000e-04,3.1693,,
6002,3.000e-04,3.1787,,
6003,3.000e-04,3.1631,,
6004,3.000e-04,3.1531,,
6005,3.000e-04,3.2016,,
6006,3.000e-04,3.1798,,
6007,3.000e-04,3.1705,,
6008,3.000e-04,3.1730,,
6009,3.000e-04,3.1924,,
6010,3.000e-04,3.1390,,
6011,3.000e-04,3.1980,,
6012,3.000e-04,3.1378,,
6013,3.000e-04,3.1181,,
6014,3.000e-04,3.1596,,
6015,3.000e-04,3.2042,,
6016,3.000e-04,3.2086,,
6017,3.000e-04,3.1816,,
6018,3.000e-04,3.2083,,
6019,3.000e-04,3.1203,,
6020,3.000e-04,3.1866,,
6021,3.000e-04,3.1869,,
6022,3.000e-04,3.1689,,
6023,3.000e-04,3.1702,,
6024,3.000e-04,3.1923,,
6025,3.000e-04,3.2103,,
6026,3.000e-04,3.1655,,
6027,3.000e-04,3.1288,,
6028,3.000e-04,3.2027,,
6029,3.000e-04,3.1749,,
6030,3.000e-04,3.1841,,
6031,3.000e-04,3.1977,,
6032,3.000e-04,3.2107,,
6033,3.000e-04,3.1414,,
6034,3.000e-04,3.2037,,
6035,3.000e-04,3.1745,,
6036,3.000e-04,3.1668,,
6037,3.000e-04,3.1719,,
6038,3.000e-04,3.1868,,
6039,3.000e-04,3.2178,,
6040,3.000e-04,3.1802,,
6041,3.000e-04,3.1478,,
6042,3.000e-04,3.1406,,
6043,3.000e-04,3.2141,,
6044,3.000e-04,3.1629,,
6045,3.000e-04,3.1472,,
6046,3.000e-04,3.1483,,
6047,3.000e-04,3.1421,,
6048,3.000e-04,3.1610,,
6049,3.000e-04,3.1390,,
6050,3.000e-04,3.1830,,
6051,3.000e-04,3.1723,,
6052,3.000e-04,3.2073,,
6053,3.000e-04,3.2029,,
6054,3.000e-04,3.1538,,
6055,3.000e-04,3.1659,,
6056,3.000e-04,3.1566,,
6057,3.000e-04,3.1503,,
6058,3.000e-04,3.2017,,
6059,3.000e-04,3.1998,,
6060,3.000e-04,3.1490,,
6061,3.000e-04,3.1724,,
6062,3.000e-04,3.2206,,
6063,3.000e-04,3.1771,,
6064,3.000e-04,3.1514,,
6065,3.000e-04,3.1936,,
6066,3.000e-04,3.1954,,
6067,3.000e-04,3.1587,,
6068,3.000e-04,3.2030,,
6069,3.000e-04,3.1284,,
6070,3.000e-04,3.1584,,
6071,3.000e-04,3.1545,,
6072,3.000e-04,3.1923,,
6073,3.000e-04,3.1742,,
6074,3.000e-04,3.1527,,
6075,3.000e-04,3.1628,,
6076,3.000e-04,3.1701,,
6077,3.000e-04,3.2519,,
6078,3.000e-04,3.1620,,
6079,3.000e-04,3.1822,,
6080,3.000e-04,3.2008,,
6081,3.000e-04,3.1970,,
6082,3.000e-04,3.1834,,
6083,3.000e-04,3.1965,,
6084,3.000e-04,3.1644,,
6085,3.000e-04,3.1667,,
6086,3.000e-04,3.1506,,
6087,3.000e-04,3.1958,,
6088,3.000e-04,3.1605,,
6089,3.000e-04,3.1696,,
6090,3.000e-04,3.1550,,
6091,3.000e-04,3.1421,,
6092,3.000e-04,3.2029,,
6093,3.000e-04,3.1313,,
6094,3.000e-04,3.2122,,
6095,3.000e-04,3.1734,,
6096,3.000e-04,3.1455,,
6097,3.000e-04,3.1640,,
6098,3.000e-04,3.2089,,
6099,3.000e-04,3.1803,,
6100,3.000e-04,3.1698,3.0401538848876952,
6101,3.000e-04,3.1918,,
6102,3.000e-04,3.1811,,
6103,3.000e-04,3.1139,,
6104,3.000e-04,3.1994,,
6105,3.000e-04,3.1879,,
6106,3.000e-04,3.1790,,
6107,3.000e-04,3.1773,,
6108,3.000e-04,3.1783,,
6109,3.000e-04,3.1644,,
6110,3.000e-04,3.1597,,
6111,3.000e-04,3.1221,,
6112,3.000e-04,3.1441,,
6113,3.000e-04,3.1477,,
6114,3.000e-04,3.1191,,
6115,3.000e-04,3.1626,,
6116,3.000e-04,3.1556,,
6117,3.000e-04,3.1422,,
6118,3.000e-04,3.1643,,
6119,3.000e-04,3.1678,,
6120,3.000e-04,3.1139,,
6121,3.000e-04,3.1758,,
6122,3.000e-04,3.1209,,
6123,3.000e-04,3.1904,,
6124,3.000e-04,3.1639,,
6125,3.000e-04,3.1194,,
6126,3.000e-04,3.1361,,
6127,3.000e-04,3.1712,,
6128,3.000e-04,3.2088,,
6129,3.000e-04,3.1356,,
6130,3.000e-04,3.1710,,
6131,3.000e-04,3.2011,,
6132,3.000e-04,3.1846,,
6133,3.000e-04,3.1678,,
6134,3.000e-04,3.1810,,
6135,3.000e-04,3.1783,,
6136,3.000e-04,3.1225,,
6137,3.000e-04,3.1504,,
6138,3.000e-04,3.1556,,
6139,3.000e-04,3.1623,,
6140,3.000e-04,3.1554,,
6141,3.000e-04,3.1738,,
6142,3.000e-04,3.1610,,
6143,3.000e-04,3.1816,,
6144,3.000e-04,3.1683,,
6145,3.000e-04,3.1645,,
6146,3.000e-04,3.1772,,
6147,3.000e-04,3.1477,,
6148,3.000e-04,3.1660,,
6149,3.000e-04,3.1693,,
6150,3.000e-04,3.1666,,
6151,3.000e-04,3.1745,,
6152,3.000e-04,3.1566,,
6153,3.000e-04,3.1476,,
6154,3.000e-04,3.1869,,
6155,3.000e-04,3.1674,,
6156,3.000e-04,3.1527,,
6157,3.000e-04,3.1507,,
6158,3.000e-04,3.1529,,
6159,3.000e-04,3.1718,,
6160,3.000e-04,3.1669,,
6161,3.000e-04,3.1864,,
6162,3.000e-04,3.1782,,
6163,3.000e-04,3.1417,,
6164,3.000e-04,3.1352,,
6165,3.000e-04,3.1673,,
6166,3.000e-04,3.1971,,
6167,3.000e-04,3.1747,,
6168,3.000e-04,3.1702,,
6169,3.000e-04,3.1350,,
6170,3.000e-04,3.1686,,
6171,3.000e-04,3.1699,,
6172,3.000e-04,3.1500,,
6173,3.000e-04,3.1940,,
6174,3.000e-04,3.1474,,
6175,3.000e-04,3.1413,,
6176,3.000e-04,3.1857,,
6177,3.000e-04,3.1734,,
6178,3.000e-04,3.1331,,
6179,3.000e-04,3.1884,,
6180,3.000e-04,3.1983,,
6181,3.000e-04,3.1445,,
6182,3.000e-04,3.2002,,
6183,3.000e-04,3.1929,,
6184,3.000e-04,3.1874,,
6185,3.000e-04,3.1684,,
6186,3.000e-04,3.1547,,
6187,3.000e-04,3.1175,,
6188,3.000e-04,3.1951,,
6189,3.000e-04,3.1546,,
6190,3.000e-04,3.1834,,
6191,3.000e-04,3.1408,,
6192,3.000e-04,3.1718,,
6193,3.000e-04,3.1316,,
6194,3.000e-04,3.2151,,
6195,3.000e-04,3.1826,,
6196,3.000e-04,3.1884,,
6197,3.000e-04,3.1616,,
6198,3.000e-04,3.1967,,
6199,3.000e-04,3.1577,,
6200,3.000e-04,3.1470,2.9693323373794556,
6201,3.000e-04,3.1356,,
6202,3.000e-04,3.1782,,
6203,3.000e-04,3.1421,,
6204,3.000e-04,3.1327,,
6205,3.000e-04,3.1267,,
6206,3.000e-04,3.1554,,
6207,3.000e-04,3.1974,,
6208,3.000e-04,3.1486,,
6209,3.000e-04,3.1472,,
6210,3.000e-04,3.1573,,
6211,3.000e-04,3.1807,,
6212,3.000e-04,3.1531,,
6213,3.000e-04,3.1931,,
6214,3.000e-04,3.1789,,
6215,3.000e-04,3.1400,,
6216,3.000e-04,3.1749,,
6217,3.000e-04,3.1244,,
6218,3.000e-04,3.1642,,
6219,3.000e-04,3.1978,,
6220,3.000e-04,3.1509,,
6221,3.000e-04,3.0933,,
6222,3.000e-04,3.1774,,
6223,3.000e-04,3.1427,,
6224,3.000e-04,3.1764,,
6225,3.000e-04,3.1983,,
6226,3.000e-04,3.1898,,
6227,3.000e-04,3.0994,,
6228,3.000e-04,3.1672,,
6229,3.000e-04,3.1654,,
6230,3.000e-04,3.1976,,
6231,3.000e-04,3.1289,,
6232,3.000e-04,3.1593,,
6233,3.000e-04,3.1622,,
6234,3.000e-04,3.1682,,
6235,3.000e-04,3.1488,,
6236,3.000e-04,3.1835,,
6237,3.000e-04,3.1507,,
6238,3.000e-04,3.1004,,
6239,3.000e-04,3.1350,,
6240,3.000e-04,3.1460,,
6241,3.000e-04,3.1305,,
6242,3.000e-04,3.1551,,
6243,3.000e-04,3.1501,,
6244,3.000e-04,3.0983,,
6245,3.000e-04,3.1250,,
6246,3.000e-04,3.1412,,
6247,3.000e-04,3.1394,,
6248,3.000e-04,3.1430,,
6249,3.000e-04,3.1633,,
6250,3.000e-04,3.1698,,
6251,3.000e-04,3.1868,,
6252,3.000e-04,3.1691,,
6253,3.000e-04,3.1614,,
6254,3.000e-04,3.1959,,
6255,3.000e-04,3.1446,,
6256,3.000e-04,3.1597,,
6257,3.000e-04,3.1977,,
6258,3.000e-04,3.1810,,
6259,3.000e-04,3.1495,,
6260,3.000e-04,3.1688,,
6261,3.000e-04,3.2116,,
6262,3.000e-04,3.1815,,
6263,3.000e-04,3.1274,,
6264,3.000e-04,3.1337,,
6265,3.000e-04,3.1420,,
6266,3.000e-04,3.1296,,
6267,3.000e-04,3.1524,,
6268,3.000e-04,3.1522,,
6269,3.000e-04,3.1560,,
6270,3.000e-04,3.1864,,
6271,3.000e-04,3.1663,,
6272,3.000e-04,3.2087,,
6273,3.000e-04,3.1780,,
6274,3.000e-04,3.1435,,
6275,3.000e-04,3.1543,,
6276,3.000e-04,3.1383,,
6277,3.000e-04,3.1660,,
6278,3.000e-04,3.1868,,
6279,3.000e-04,3.1457,,
6280,3.000e-04,3.1198,,
6281,3.000e-04,3.0812,,
6282,3.000e-04,3.1346,,
6283,3.000e-04,3.1884,,
6284,3.000e-04,3.2136,,
6285,3.000e-04,3.1582,,
6286,3.000e-04,3.1627,,
6287,3.000e-04,3.1247,,
6288,3.000e-04,3.1480,,
6289,3.000e-04,3.1659,,
6290,3.000e-04,3.1375,,
6291,3.000e-04,3.1355,,
6292,3.000e-04,3.1718,,
6293,3.000e-04,3.1571,,
6294,3.000e-04,3.1614,,
6295,3.000e-04,3.1691,,
6296,3.000e-04,3.1720,,
6297,3.000e-04,3.1385,,
6298,3.000e-04,3.1475,,
6299,3.000e-04,3.1761,,
6300,3.000e-04,3.1459,3.0941166818141936,
6301,3.000e-04,3.1928,,
6302,3.000e-04,3.1385,,
6303,3.000e-04,3.1440,,
6304,3.000e-04,3.1796,,
6305,3.000e-04,3.1422,,
6306,3.000e-04,3.1626,,
6307,3.000e-04,3.1709,,
6308,3.000e-04,3.1118,,
6309,3.000e-04,3.1397,,
6310,3.000e-04,3.1854,,
6311,3.000e-04,3.1410,,
6312,3.000e-04,3.1566,,
6313,3.000e-04,3.1604,,
6314,3.000e-04,3.1390,,
6315,3.000e-04,3.1713,,
6316,3.000e-04,3.1735,,
6317,3.000e-04,3.1453,,
6318,3.000e-04,3.1664,,
6319,3.000e-04,3.1707,,
6320,3.000e-04,3.1898,,
6321,3.000e-04,3.0864,,
6322,3.000e-04,3.1586,,
6323,3.000e-04,3.1384,,
6324,3.000e-04,3.1481,,
6325,3.000e-04,3.1602,,
6326,3.000e-04,3.1867,,
6327,3.000e-04,3.1252,,
6328,3.000e-04,3.1714,,
6329,3.000e-04,3.1624,,
6330,3.000e-04,3.1301,,
6331,3.000e-04,3.1720,,
6332,3.000e-04,3.1817,,
6333,3.000e-04,3.1703,,
6334,3.000e-04,3.0992,,
6335,3.000e-04,3.1234,,
6336,3.000e-04,3.1904,,
6337,3.000e-04,3.1260,,
6338,3.000e-04,3.1228,,
6339,3.000e-04,3.1634,,
6340,3.000e-04,3.1644,,
6341,3.000e-04,3.1854,,
6342,3.000e-04,3.1379,,
6343,3.000e-04,3.1809,,
6344,3.000e-04,3.1836,,
6345,3.000e-04,3.1176,,
6346,3.000e-04,3.1628,,
6347,3.000e-04,3.2119,,
6348,3.000e-04,3.1115,,
6349,3.000e-04,3.1532,,
6350,3.000e-04,3.1303,,
6351,3.000e-04,3.1787,,
6352,3.000e-04,3.1883,,
6353,3.000e-04,3.2054,,
6354,3.000e-04,3.1244,,
6355,3.000e-04,3.1482,,
6356,3.000e-04,3.1838,,
6357,3.000e-04,3.1248,,
6358,3.000e-04,3.1366,,
6359,3.000e-04,3.1312,,
6360,3.000e-04,3.1449,,
6361,3.000e-04,3.1794,,
6362,3.000e-04,3.1541,,
6363,3.000e-04,3.1215,,
6364,3.000e-04,3.1676,,
6365,3.000e-04,3.1496,,
6366,3.000e-04,3.1746,,
6367,3.000e-04,3.1866,,
6368,3.000e-04,3.1723,,
6369,3.000e-04,3.1418,,
6370,3.000e-04,3.1591,,
6371,3.000e-04,3.1395,,
6372,3.000e-04,3.1673,,
6373,3.000e-04,3.1239,,
6374,3.000e-04,3.1649,,
6375,3.000e-04,3.1807,,
6376,3.000e-04,3.1816,,
6377,3.000e-04,3.1771,,
6378,3.000e-04,3.1877,,
6379,3.000e-04,3.1673,,
6380,3.000e-04,3.1834,,
6381,3.000e-04,3.1534,,
6382,3.000e-04,3.1507,,
6383,3.000e-04,3.1536,,
6384,3.000e-04,3.1536,,
6385,3.000e-04,3.1766,,
6386,3.000e-04,3.1864,,
6387,3.000e-04,3.1360,,
6388,3.000e-04,3.1650,,
6389,3.000e-04,3.1659,,
6390,3.000e-04,3.1283,,
6391,3.000e-04,3.1642,,
6392,3.000e-04,3.1540,,
6393,3.000e-04,3.1554,,
6394,3.000e-04,3.1452,,
6395,3.000e-04,3.1589,,
6396,3.000e-04,3.1800,,
6397,3.000e-04,3.1877,,
6398,3.000e-04,3.1355,,
6399,3.000e-04,3.1551,,
6400,3.000e-04,3.1238,3.0744011640548705,
6401,3.000e-04,3.1624,,
6402,3.000e-04,3.1551,,
6403,3.000e-04,3.1009,,
6404,3.000e-04,3.1667,,
6405,3.000e-04,3.1397,,
6406,3.000e-04,3.1346,,
6407,3.000e-04,3.1822,,
6408,3.000e-04,3.1723,,
6409,3.000e-04,3.1146,,
6410,3.000e-04,3.1643,,
6411,3.000e-04,3.1907,,
6412,3.000e-04,3.1424,,
6413,3.000e-04,3.1055,,
6414,3.000e-04,3.1751,,
6415,3.000e-04,3.1662,,
6416,3.000e-04,3.1394,,
6417,3.000e-04,3.1009,,
6418,3.000e-04,3.1314,,
6419,3.000e-04,3.1344,,
6420,3.000e-04,3.1827,,
6421,3.000e-04,3.1655,,
6422,3.000e-04,3.1546,,
6423,3.000e-04,3.1718,,
6424,3.000e-04,3.1509,,
6425,3.000e-04,3.1817,,
6426,3.000e-04,3.1571,,
6427,3.000e-04,3.1181,,
6428,3.000e-04,3.1552,,
6429,3.000e-04,3.1658,,
6430,3.000e-04,3.1256,,
6431,3.000e-04,3.1362,,
6432,3.000e-04,3.1424,,
6433,3.000e-04,3.1826,,
6434,3.000e-04,3.1945,,
6435,3.000e-04,3.1495,,
6436,3.000e-04,3.1480,,
6437,3.000e-04,3.1519,,
6438,3.000e-04,3.1644,,
6439,3.000e-04,3.1176,,
6440,3.000e-04,3.1699,,
6441,3.000e-04,3.1594,,
6442,3.000e-04,3.2177,,
6443,3.000e-04,3.1565,,
6444,3.000e-04,3.1303,,
6445,3.000e-04,3.1405,,
6446,3.000e-04,3.1695,,
6447,3.000e-04,3.1432,,
6448,3.000e-04,3.1402,,
6449,3.000e-04,3.1668,,
6450,3.000e-04,3.1387,,
6451,3.000e-04,3.1553,,
6452,3.000e-04,3.1333,,
6453,3.000e-04,3.1735,,
6454,3.000e-04,3.1414,,
6455,3.000e-04,3.1761,,
6456,3.000e-04,3.1510,,
6457,3.000e-04,3.1608,,
6458,3.000e-04,3.1217,,
6459,3.000e-04,3.1304,,
6460,3.000e-04,3.1984,,
6461,3.000e-04,3.1570,,
6462,3.000e-04,3.1675,,
6463,3.000e-04,3.1485,,
6464,3.000e-04,3.1407,,
6465,3.000e-04,3.1175,,
6466,3.000e-04,3.1324,,
6467,3.000e-04,3.1319,,
6468,3.000e-04,3.1314,,
6469,3.000e-04,3.1638,,
6470,3.000e-04,3.1683,,
6471,3.000e-04,3.1899,,
6472,3.000e-04,3.1333,,
6473,3.000e-04,3.1568,,
6474,3.000e-04,3.1506,,
6475,3.000e-04,3.1539,,
6476,3.000e-04,3.1534,,
6477,3.000e-04,3.1574,,
6478,3.000e-04,3.1492,,
6479,3.000e-04,3.1329,,
6480,3.000e-04,3.1767,,
6481,3.000e-04,3.1687,,
6482,3.000e-04,3.1271,,
6483,3.000e-04,3.1658,,
6484,3.000e-04,3.1494,,
6485,3.000e-04,3.1655,,
6486,3.000e-04,3.1867,,
6487,3.000e-04,3.1956,,
6488,3.000e-04,3.1799,,
6489,3.000e-04,3.1435,,
6490,3.000e-04,3.1290,,
6491,3.000e-04,3.1119,,
6492,3.000e-04,3.1726,,
6493,3.000e-04,3.1782,,
6494,3.000e-04,3.1891,,
6495,3.000e-04,3.1662,,
6496,3.000e-04,3.1236,,
6497,3.000e-04,3.1562,,
6498,3.000e-04,3.0975,,
6499,3.000e-04,3.1176,,
6500,3.000e-04,3.2192,3.2034896850585937,
6501,3.000e-04,3.1436,,
6502,3.000e-04,3.1562,,
6503,3.000e-04,3.0834,,
6504,3.000e-04,3.1871,,
6505,3.000e-04,3.1612,,
6506,3.000e-04,3.1609,,
6507,3.000e-04,3.1461,,
6508,3.000e-04,3.1733,,
6509,3.000e-04,3.1159,,
6510,3.000e-04,3.1297,,
6511,3.000e-04,3.1438,,
6512,3.000e-04,3.1349,,
6513,3.000e-04,3.1142,,
6514,3.000e-04,3.1402,,
6515,3.000e-04,3.1534,,
6516,3.000e-04,3.1818,,
6517,3.000e-04,3.1437,,
6518,3.000e-04,3.1262,,
6519,3.000e-04,3.1586,,
6520,3.000e-04,3.1724,,
6521,3.000e-04,3.1091,,
6522,3.000e-04,3.1727,,
6523,3.000e-04,3.1343,,
6524,3.000e-04,3.1870,,
6525,3.000e-04,3.1034,,
6526,3.000e-04,3.1975,,
6527,3.000e-04,3.1346,,
6528,3.000e-04,3.1681,,
6529,3.000e-04,3.1618,,
6530,3.000e-04,3.1648,,
6531,3.000e-04,3.0805,,
6532,3.000e-04,3.1512,,
6533,3.000e-04,3.1719,,
6534,3.000e-04,3.1620,,
6535,3.000e-04,3.1208,,
6536,3.000e-04,3.1390,,
6537,3.000e-04,3.1001,,
6538,3.000e-04,3.1551,,
6539,3.000e-04,3.1304,,
6540,3.000e-04,3.1707,,
6541,3.000e-04,3.1678,,
6542,3.000e-04,3.1820,,
6543,3.000e-04,3.1466,,
6544,3.000e-04,3.1095,,
6545,3.000e-04,3.1321,,
6546,3.000e-04,3.1371,,
6547,3.000e-04,3.1558,,
6548,3.000e-04,3.1721,,
6549,3.000e-04,3.1893,,
6550,3.000e-04,3.1719,,
6551,3.000e-04,3.1380,,
6552,3.000e-04,3.1698,,
6553,3.000e-04,3.1393,,
6554,3.000e-04,3.1432,,
6555,3.000e-04,3.1410,,
6556,3.000e-04,3.1423,,
6557,3.000e-04,3.1027,,
6558,3.000e-04,3.0920,,
6559,3.000e-04,3.2084,,
6560,3.000e-04,3.1858,,
6561,3.000e-04,3.1341,,
6562,3.000e-04,3.1434,,
6563,3.000e-04,3.1130,,
6564,3.000e-04,3.1455,,
6565,3.000e-04,3.1676,,
6566,3.000e-04,3.1569,,
6567,3.000e-04,3.1167,,
6568,3.000e-04,3.1599,,
6569,3.000e-04,3.1552,,
6570,3.000e-04,3.1585,,
6571,3.000e-04,3.1257,,
6572,3.000e-04,3.1366,,
6573,3.000e-04,3.1134,,
6574,3.000e-04,3.1543,,
6575,3.000e-04,3.1268,,
6576,3.000e-04,3.1296,,
6577,3.000e-04,3.1440,,
6578,3.000e-04,3.1065,,
6579,3.000e-04,3.1422,,
6580,3.000e-04,3.1904,,
6581,3.000e-04,3.1829,,
6582,3.000e-04,3.1403,,
6583,3.000e-04,3.1315,,
6584,3.000e-04,3.1444,,
6585,3.000e-04,3.1065,,
6586,3.000e-04,3.1052,,
6587,3.000e-04,3.0885,,
6588,3.000e-04,3.1455,,
6589,3.000e-04,3.1232,,
6590,3.000e-04,3.1329,,
6591,3.000e-04,3.1039,,
6592,3.000e-04,3.1950,,
6593,3.000e-04,3.1067,,
6594,3.000e-04,3.1330,,
6595,3.000e-04,3.1380,,
6596,3.000e-04,3.1524,,
6597,3.000e-04,3.1629,,
6598,3.000e-04,3.1301,,
6599,3.000e-04,3.1091,,
6600,3.000e-04,3.1306,2.93849378824234,
6601,3.000e-04,3.1663,,
6602,3.000e-04,3.1424,,
6603,3.000e-04,3.1240,,
6604,3.000e-04,3.1314,,
6605,3.000e-04,3.1345,,
6606,3.000e-04,3.1515,,
6607,3.000e-04,3.0992,,
6608,3.000e-04,3.1455,,
6609,3.000e-04,3.1566,,
6610,3.000e-04,3.1454,,
6611,3.000e-04,3.1878,,
6612,3.000e-04,3.1841,,
6613,3.000e-04,3.1571,,
6614,3.000e-04,3.1110,,
6615,3.000e-04,3.1365,,
6616,3.000e-04,3.1509,,
6617,3.000e-04,3.1376,,
6618,3.000e-04,3.1682,,
6619,3.000e-04,3.1590,,
6620,3.000e-04,3.1476,,
6621,3.000e-04,3.1386,,
6622,3.000e-04,3.1319,,
6623,3.000e-04,3.1667,,
6624,3.000e-04,3.1270,,
6625,3.000e-04,3.1438,,
6626,3.000e-04,3.1450,,
6627,3.000e-04,3.1392,,
6628,3.000e-04,3.1413,,
6629,3.000e-04,3.1296,,
6630,3.000e-04,3.1515,,
6631,3.000e-04,3.1245,,
6632,3.000e-04,3.1502,,
6633,3.000e-04,3.1528,,
6634,3.000e-04,3.1816,,
6635,3.000e-04,3.1038,,
6636,3.000e-04,3.1141,,
6637,3.000e-04,3.1478,,
6638,3.000e-04,3.1045,,
6639,3.000e-04,3.1150,,
6640,3.000e-04,3.1576,,
6641,3.000e-04,3.1580,,
6642,3.000e-04,3.1758,,
6643,3.000e-04,3.1544,,
6644,3.000e-04,3.1594,,
6645,3.000e-04,3.1499,,
6646,3.000e-04,3.1812,,
6647,3.000e-04,3.1641,,
6648,3.000e-04,3.1000,,
6649,3.000e-04,3.1437,,
6650,3.000e-04,3.1184,,
6651,3.000e-04,3.1208,,
6652,3.000e-04,3.1194,,
6653,3.000e-04,3.1433,,
6654,3.000e-04,3.1161,,
6655,3.000e-04,3.1379,,
6656,3.000e-04,3.1282,,
6657,3.000e-04,3.1104,,
6658,3.000e-04,3.1486,,
6659,3.000e-04,3.0967,,
6660,3.000e-04,3.1292,,
6661,3.000e-04,3.1242,,
6662,3.000e-04,3.1033,,
6663,3.000e-04,3.1076,,
6664,3.000e-04,3.1596,,
6665,3.000e-04,3.1654,,
6666,3.000e-04,3.1410,,
6667,3.000e-04,3.1765,,
6668,3.000e-04,3.1507,,
6669,3.000e-04,3.1305,,
6670,3.000e-04,3.1854,,
6671,3.000e-04,3.1507,,
6672,3.000e-04,3.1396,,
6673,3.000e-04,3.1657,,
6674,3.000e-04,3.1008,,
6675,3.000e-04,3.1452,,
6676,3.000e-04,3.0790,,
6677,3.000e-04,3.1154,,
6678,3.000e-04,3.1758,,
6679,3.000e-04,3.1394,,
6680,3.000e-04,3.1754,,
6681,3.000e-04,3.1398,,
6682,3.000e-04,3.1331,,
6683,3.000e-04,3.1042,,
6684,3.000e-04,3.1122,,
6685,3.000e-04,3.1664,,
6686,3.000e-04,3.1640,,
6687,3.000e-04,3.1669,,
6688,3.000e-04,3.1582,,
6689,3.000e-04,3.1047,,
6690,3.000e-04,3.1988,,
6691,3.000e-04,3.1230,,
6692,3.000e-04,3.1610,,
6693,3.000e-04,3.1388,,
6694,3.000e-04,3.1069,,
6695,3.000e-04,3.1475,,
6696,3.000e-04,3.1137,,
6697,3.000e-04,3.1347,,
6698,3.000e-04,3.1066,,
6699,3.000e-04,3.1587,,
6700,3.000e-04,3.1479,3.1474202275276184,
6701,3.000e-04,3.1361,,
6702,3.000e-04,3.1678,,
6703,3.000e-04,3.1562,,
6704,3.000e-04,3.1742,,
6705,3.000e-04,3.1328,,
6706,3.000e-04,3.1289,,
6707,3.000e-04,3.1760,,
6708,3.000e-04,3.1521,,
6709,3.000e-04,3.1298,,
6710,3.000e-04,3.1266,,
6711,3.000e-04,3.1088,,
6712,3.000e-04,3.1572,,
6713,3.000e-04,3.1475,,
6714,3.000e-04,3.1850,,
6715,3.000e-04,3.1505,,
6716,3.000e-04,3.1738,,
6717,3.000e-04,3.1484,,
6718,3.000e-04,3.1512,,
6719,3.000e-04,3.1411,,
6720,3.000e-04,3.1475,,
6721,3.000e-04,3.1361,,
6722,3.000e-04,3.1271,,
6723,3.000e-04,3.1507,,
6724,3.000e-04,3.1339,,
6725,3.000e-04,3.1087,,
6726,3.000e-04,3.1349,,
6727,3.000e-04,3.1186,,
6728,3.000e-04,3.1168,,
6729,3.000e-04,3.1653,,
6730,3.000e-04,3.1436,,
6731,3.000e-04,3.1417,,
6732,3.000e-04,3.1500,,
6733,3.000e-04,3.1389,,
6734,3.000e-04,3.1513,,
6735,3.000e-04,3.1434,,
6736,3.000e-04,3.1349,,
6737,3.000e-04,3.2059,,
6738,3.000e-04,3.1484,,
6739,3.000e-04,3.1524,,
6740,3.000e-04,3.1334,,
6741,3.000e-04,3.1808,,
6742,3.000e-04,3.1168,,
6743,3.000e-04,3.1175,,
6744,3.000e-04,3.1369,,
6745,3.000e-04,3.1447,,
6746,3.000e-04,3.1402,,
6747,3.000e-04,3.1411,,
6748,3.000e-04,3.1783,,
6749,3.000e-04,3.1698,,
6750,3.000e-04,3.1355,,
6751,3.000e-04,3.1564,,
6752,3.000e-04,3.0874,,
6753,3.000e-04,3.1417,,
6754,3.000e-04,3.1493,,
6755,3.000e-04,3.1158,,
6756,3.000e-04,3.1444,,
6757,3.000e-04,3.1386,,
6758,3.000e-04,3.1171,,
6759,3.000e-04,3.1057,,
6760,3.000e-04,3.1287,,
6761,3.000e-04,3.1444,,
6762,3.000e-04,3.1564,,
6763,3.000e-04,3.1282,,
6764,3.000e-04,3.1610,,
6765,3.000e-04,3.1681,,
6766,3.000e-04,3.1395,,
6767,3.000e-04,3.1080,,
6768,3.000e-04,3.1528,,
6769,3.000e-04,3.1573,,
6770,3.000e-04,3.1124,,
6771,3.000e-04,3.1165,,
6772,3.000e-04,3.1393,,
6773,3.000e-04,3.1050,,
6774,3.000e-04,3.1357,,
6775,3.000e-04,3.1553,,
6776,3.000e-04,3.1317,,
6777,3.000e-04,3.1738,,
6778,3.000e-04,3.1416,,
6779,3.000e-04,3.0809,,
6780,3.000e-04,3.0753,,
6781,3.000e-04,3.1556,,
6782,3.000e-04,3.1313,,
6783,3.000e-04,3.0946,,
6784,3.000e-04,3.0970,,
6785,3.000e-04,3.1217,,
6786,3.000e-04,3.1444,,
6787,3.000e-04,3.1269,,
6788,3.000e-04,3.1374,,
6789,3.000e-04,3.1462,,
6790,3.000e-04,3.1480,,
6791,3.000e-04,3.1631,,
6792,3.000e-04,3.1020,,
6793,3.000e-04,3.1682,,
6794,3.000e-04,3.1468,,
6795,3.000e-04,3.1214,,
6796,3.000e-04,3.1022,,
6797,3.000e-04,3.1362,,
6798,3.000e-04,3.1434,,
6799,3.000e-04,3.1222,,
6800,3.000e-04,3.1473,3.1356101512908934,
6801,3.000e-04,3.1253,,
6802,3.000e-04,3.1581,,
6803,3.000e-04,3.1501,,
6804,3.000e-04,3.1105,,
6805,3.000e-04,3.1046,,
6806,3.000e-04,3.1170,,
6807,3.000e-04,3.1432,,
6808,3.000e-04,3.1579,,
6809,3.000e-04,3.1502,,
6810,3.000e-04,3.1287,,
6811,3.000e-04,3.1434,,
6812,3.000e-04,3.1484,,
6813,3.000e-04,3.1319,,
6814,3.000e-04,3.1301,,
6815,3.000e-04,3.1367,,
6816,3.000e-04,3.1329,,
6817,3.000e-04,3.1554,,
6818,3.000e-04,3.1067,,
6819,3.000e-04,3.1202,,
6820,3.000e-04,3.2075,,
6821,3.000e-04,3.1144,,
6822,3.000e-04,3.1141,,
6823,3.000e-04,3.1385,,
6824,3.000e-04,3.1533,,
6825,3.000e-04,3.1850,,
6826,3.000e-04,3.1459,,
6827,3.000e-04,3.1433,,
6828,3.000e-04,3.1279,,
6829,3.000e-04,3.1051,,
6830,3.000e-04,3.1852,,
6831,3.000e-04,3.1166,,
6832,3.000e-04,3.1195,,
6833,3.000e-04,3.1278,,
6834,3.000e-04,3.1439,,
6835,3.000e-04,3.1684,,
6836,3.000e-04,3.1083,,
6837,3.000e-04,3.1378,,
6838,3.000e-04,3.1166,,
6839,3.000e-04,3.1192,,
6840,3.000e-04,3.1508,,
6841,3.000e-04,3.1639,,
6842,3.000e-04,3.1200,,
6843,3.000e-04,3.1550,,
6844,3.000e-04,3.1372,,
6845,3.000e-04,3.1383,,
6846,3.000e-04,3.1364,,
6847,3.000e-04,3.0906,,
6848,3.000e-04,3.1169,,
6849,3.000e-04,3.1167,,
6850,3.000e-04,3.1047,,
6851,3.000e-04,3.1473,,
6852,3.000e-04,3.1131,,
6853,3.000e-04,3.1404,,
6854,3.000e-04,3.1563,,
6855,3.000e-04,3.1066,,
6856,3.000e-04,3.1502,,
6857,3.000e-04,3.1267,,
6858,3.000e-04,3.1208,,
6859,3.000e-04,3.1238,,
6860,3.000e-04,3.1632,,
6861,3.000e-04,3.1165,,
6862,3.000e-04,3.1556,,
6863,3.000e-04,3.1408,,
6864,3.000e-04,3.1237,,
6865,3.000e-04,3.1097,,
6866,3.000e-04,3.1167,,
6867,3.000e-04,3.1595,,
6868,3.000e-04,3.1302,,
6869,3.000e-04,3.0811,,
6870,3.000e-04,3.0913,,
6871,3.000e-04,3.1044,,
6872,3.000e-04,3.1262,,
6873,3.000e-04,3.1578,,
6874,3.000e-04,3.1498,,
6875,3.000e-04,3.1259,,
6876,3.000e-04,3.1310,,
6877,3.000e-04,3.1110,,
6878,3.000e-04,3.1222,,
6879,3.000e-04,3.1135,,
6880,3.000e-04,3.1077,,
6881,3.000e-04,3.1313,,
6882,3.000e-04,3.1157,,
6883,3.000e-04,3.1460,,
6884,3.000e-04,3.1531,,
6885,3.000e-04,3.1261,,
6886,3.000e-04,3.1569,,
6887,3.000e-04,3.1421,,
6888,3.000e-04,3.1530,,
6889,3.000e-04,3.1273,,
6890,3.000e-04,3.1175,,
6891,3.000e-04,3.1211,,
6892,3.000e-04,3.0961,,
6893,3.000e-04,3.1352,,
6894,3.000e-04,3.1075,,
6895,3.000e-04,3.1253,,
6896,3.000e-04,3.1114,,
6897,3.000e-04,3.0905,,
6898,3.000e-04,3.1280,,
6899,3.000e-04,3.1235,,
6900,3.000e-04,3.1118,3.073074793815613,
6901,3.000e-04,3.1379,,
6902,3.000e-04,3.1175,,
6903,3.000e-04,3.0691,,
6904,3.000e-04,3.1266,,
6905,3.000e-04,3.1328,,
6906,3.000e-04,3.0985,,
6907,3.000e-04,3.1052,,
6908,3.000e-04,3.1141,,
6909,3.000e-04,3.1609,,
6910,3.000e-04,3.1149,,
6911,3.000e-04,3.1577,,
6912,3.000e-04,3.1630,,
6913,3.000e-04,3.1577,,
6914,3.000e-04,3.1281,,
6915,3.000e-04,3.1353,,
6916,3.000e-04,3.1288,,
6917,3.000e-04,3.1191,,
6918,3.000e-04,3.1324,,
6919,3.000e-04,3.0700,,
6920,3.000e-04,3.0887,,
6921,3.000e-04,3.1237,,
6922,3.000e-04,3.1363,,
6923,3.000e-04,3.1118,,
6924,3.000e-04,3.1210,,
6925,3.000e-04,3.0852,,
6926,3.000e-04,3.1091,,
6927,3.000e-04,3.1174,,
6928,3.000e-04,3.1556,,
6929,3.000e-04,3.1294,,
6930,3.000e-04,3.1292,,
6931,3.000e-04,3.1284,,
6932,3.000e-04,3.1171,,
6933,3.000e-04,3.1592,,
6934,3.000e-04,3.1572,,
6935,3.000e-04,3.1621,,
6936,3.000e-04,3.1207,,
6937,3.000e-04,3.1480,,
6938,3.000e-04,3.1620,,
6939,3.000e-04,3.1175,,
6940,3.000e-04,3.1642,,
6941,3.000e-04,3.1157,,
6942,3.000e-04,3.0945,,
6943,3.000e-04,3.0885,,
6944,3.000e-04,3.1109,,
6945,3.000e-04,3.1288,,
6946,3.000e-04,3.1229,,
6947,3.000e-04,3.1533,,
6948,3.000e-04,3.1372,,
6949,3.000e-04,3.1501,,
6950,3.000e-04,3.1397,,
6951,3.000e-04,3.1308,,
6952,3.000e-04,3.0821,,
6953,3.000e-04,3.0666,,
6954,3.000e-04,3.0844,,
6955,3.000e-04,3.1337,,
6956,3.000e-04,3.1440,,
6957,3.000e-04,3.1135,,
6958,3.000e-04,3.1351,,
6959,3.000e-04,3.1361,,
6960,3.000e-04,3.1142,,
6961,3.000e-04,3.1451,,
6962,3.000e-04,3.1238,,
6963,3.000e-04,3.0795,,
6964,3.000e-04,3.0909,,
6965,3.000e-04,3.1439,,
6966,3.000e-04,3.1620,,
6967,3.000e-04,3.1484,,
6968,3.000e-04,3.1614,,
6969,3.000e-04,3.1563,,
6970,3.000e-04,3.1176,,
6971,3.000e-04,3.1480,,
6972,3.000e-04,3.1060,,
6973,3.000e-04,3.1505,,
6974,3.000e-04,3.1585,,
6975,3.000e-04,3.1493,,
6976,3.000e-04,3.1070,,
6977,3.000e-04,3.1106,,
6978,3.000e-04,3.1033,,
6979,3.000e-04,3.1473,,
6980,3.000e-04,3.1475,,
6981,3.000e-04,3.1765,,
6982,3.000e-04,3.1225,,
6983,3.000e-04,3.1489,,
6984,3.000e-04,3.1281,,
6985,3.000e-04,3.1208,,
6986,3.000e-04,3.1365,,
6987,3.000e-04,3.1562,,
6988,3.000e-04,3.1243,,
6989,3.000e-04,3.1496,,
6990,3.000e-04,3.1255,,
6991,3.000e-04,3.1167,,
6992,3.000e-04,3.1544,,
6993,3.000e-04,3.1033,,
6994,3.000e-04,3.1881,,
6995,3.000e-04,3.1581,,
6996,3.000e-04,3.0764,,
6997,3.000e-04,3.0800,,
6998,3.000e-04,3.1546,,
6999,3.000e-04,3.1392,,
7000,3.000e-04,3.1290,3.0863685965538026,
7001,3.000e-04,3.1063,,
7002,3.000e-04,3.1065,,
7003,3.000e-04,3.1413,,
7004,3.000e-04,3.1481,,
7005,3.000e-04,3.1406,,
7006,3.000e-04,3.1310,,
7007,3.000e-04,3.1076,,
7008,3.000e-04,3.1199,,
7009,3.000e-04,3.1234,,
7010,3.000e-04,3.1639,,
7011,3.000e-04,3.1143,,
7012,3.000e-04,3.1365,,
7013,3.000e-04,3.1361,,
7014,3.000e-04,3.1495,,
7015,3.000e-04,3.1007,,
7016,3.000e-04,3.1096,,
7017,3.000e-04,3.1328,,
7018,3.000e-04,3.1230,,
7019,3.000e-04,3.1358,,
7020,3.000e-04,3.1213,,
7021,3.000e-04,3.1396,,
7022,3.000e-04,3.1615,,
7023,3.000e-04,3.1361,,
7024,3.000e-04,3.1125,,
7025,3.000e-04,3.1575,,
7026,3.000e-04,3.1436,,
7027,3.000e-04,3.1172,,
7028,3.000e-04,3.1273,,
7029,3.000e-04,3.1639,,
7030,3.000e-04,3.1221,,
7031,3.000e-04,3.1685,,
7032,3.000e-04,3.0876,,
7033,3.000e-04,3.1070,,
7034,3.000e-04,3.1395,,
7035,3.000e-04,3.1108,,
7036,3.000e-04,3.1499,,
7037,3.000e-04,3.1290,,
7038,3.000e-04,3.1007,,
7039,3.000e-04,3.1385,,
7040,3.000e-04,3.1460,,
7041,3.000e-04,3.0811,,
7042,3.000e-04,3.1609,,
7043,3.000e-04,3.1101,,
7044,3.000e-04,3.1180,,
7045,3.000e-04,3.0970,,
7046,3.000e-04,3.0913,,
7047,3.000e-04,3.1318,,
7048,3.000e-04,3.1250,,
7049,3.000e-04,3.0913,,
7050,3.000e-04,3.1378,,
7051,3.000e-04,3.1367,,
7052,3.000e-04,3.1194,,
7053,3.000e-04,3.0730,,
7054,3.000e-04,3.1072,,
7055,3.000e-04,3.1364,,
7056,3.000e-04,3.1044,,
7057,3.000e-04,3.1381,,
7058,3.000e-04,3.1509,,
7059,3.000e-04,3.0928,,
7060,3.000e-04,3.1129,,
7061,3.000e-04,3.1261,,
7062,3.000e-04,3.1224,,
7063,3.000e-04,3.1338,,
7064,3.000e-04,3.1188,,
7065,3.000e-04,3.1152,,
7066,3.000e-04,3.1247,,
7067,3.000e-04,3.1795,,
7068,3.000e-04,3.0962,,
7069,3.000e-04,3.1135,,
7070,3.000e-04,3.1305,,
7071,3.000e-04,3.1070,,
7072,3.000e-04,3.0779,,
7073,3.000e-04,3.1523,,
7074,3.000e-04,3.1384,,
7075,3.000e-04,3.1537,,
7076,3.000e-04,3.1364,,
7077,3.000e-04,3.0990,,
7078,3.000e-04,3.1321,,
7079,3.000e-04,3.0931,,
7080,3.000e-04,3.1232,,
7081,3.000e-04,3.1437,,
7082,3.000e-04,3.1294,,
7083,3.000e-04,3.1714,,
7084,3.000e-04,3.1150,,
7085,3.000e-04,3.1482,,
7086,3.000e-04,3.1438,,
7087,3.000e-04,3.1069,,
7088,3.000e-04,3.1140,,
7089,3.000e-04,3.1249,,
7090,3.000e-04,3.1231,,
7091,3.000e-04,3.1253,,
7092,3.000e-04,3.0907,,
7093,3.000e-04,3.1291,,
7094,3.000e-04,3.1422,,
7095,3.000e-04,3.1486,,
7096,3.000e-04,3.1401,,
7097,3.000e-04,3.0873,,
7098,3.000e-04,3.1072,,
7099,3.000e-04,3.1409,,
7100,3.000e-04,3.1276,3.096518135070801,
7101,3.000e-04,3.1119,,
7102,3.000e-04,3.0810,,
7103,3.000e-04,3.1356,,
7104,3.000e-04,3.1070,,
7105,3.000e-04,3.0871,,
7106,3.000e-04,3.1434,,
7107,3.000e-04,3.1172,,
7108,3.000e-04,3.1038,,
7109,3.000e-04,3.1533,,
7110,3.000e-04,3.1344,,
7111,3.000e-04,3.1306,,
7112,3.000e-04,3.1498,,
7113,3.000e-04,3.1436,,
7114,3.000e-04,3.0920,,
7115,3.000e-04,3.1311,,
7116,3.000e-04,3.1006,,
7117,3.000e-04,3.1024,,
7118,3.000e-04,3.1036,,
7119,3.000e-04,3.1126,,
7120,3.000e-04,3.1032,,
7121,3.000e-04,3.1314,,
7122,3.000e-04,3.1232,,
7123,3.000e-04,3.1043,,
7124,3.000e-04,3.1251,,
7125,3.000e-04,3.1400,,
7126,3.000e-04,3.1213,,
7127,3.000e-04,3.1303,,
7128,3.000e-04,3.0830,,
7129,3.000e-04,3.1450,,
7130,3.000e-04,3.1334,,
7131,3.000e-04,3.1388,,
7132,3.000e-04,3.1062,,
7133,3.000e-04,3.1523,,
7134,3.000e-04,3.1322,,
7135,3.000e-04,3.1232,,
7136,3.000e-04,3.1053,,
7137,3.000e-04,3.1099,,
7138,3.000e-04,3.1690,,
7139,3.000e-04,3.1508,,
7140,3.000e-04,3.1302,,
7141,3.000e-04,3.1069,,
7142,3.000e-04,3.1120,,
7143,3.000e-04,3.1211,,
7144,3.000e-04,3.1363,,
7145,3.000e-04,3.1092,,
7146,3.000e-04,3.1190,,
7147,3.000e-04,3.0980,,
7148,3.000e-04,3.1157,,
7149,3.000e-04,3.1175,,
7150,3.000e-04,3.1176,,
7151,3.000e-04,3.1285,,
7152,3.000e-04,3.1177,,
7153,3.000e-04,3.1538,,
7154,3.000e-04,3.1081,,
7155,3.000e-04,3.1128,,
7156,3.000e-04,3.1306,,
7157,3.000e-04,3.0991,,
7158,3.000e-04,3.1284,,
7159,3.000e-04,3.1532,,
7160,3.000e-04,3.1490,,
7161,3.000e-04,3.1573,,
7162,3.000e-04,3.1168,,
7163,3.000e-04,3.0947,,
7164,3.000e-04,3.0730,,
7165,3.000e-04,3.1035,,
7166,3.000e-04,3.1138,,
7167,3.000e-04,3.1472,,
7168,3.000e-04,3.0842,,
7169,3.000e-04,3.1025,,
7170,3.000e-04,3.1249,,
7171,3.000e-04,3.0798,,
7172,3.000e-04,3.1252,,
7173,3.000e-04,3.1079,,
7174,3.000e-04,3.1833,,
7175,3.000e-04,3.1409,,
7176,3.000e-04,3.1151,,
7177,3.000e-04,3.0852,,
7178,3.000e-04,3.1506,,
7179,3.000e-04,3.0942,,
7180,3.000e-04,3.0803,,
7181,3.000e-04,3.1003,,
7182,3.000e-04,3.1055,,
7183,3.000e-04,3.1110,,
7184,3.000e-04,3.1232,,
7185,3.000e-04,3.0976,,
7186,3.000e-04,3.1129,,
7187,3.000e-04,3.1210,,
7188,3.000e-04,3.1236,,
7189,3.000e-04,3.1443,,
7190,3.000e-04,3.1260,,
7191,3.000e-04,3.1705,,
7192,3.000e-04,3.1114,,
7193,3.000e-04,3.1364,,
7194,3.000e-04,3.0830,,
7195,3.000e-04,3.1498,,
7196,3.000e-04,3.1015,,
7197,3.000e-04,3.1287,,
7198,3.000e-04,3.1325,,
7199,3.000e-04,3.0931,,
7200,3.000e-04,3.0921,3.0820219993591307,
7201,3.000e-04,3.1262,,
7202,3.000e-04,3.1393,,
7203,3.000e-04,3.1616,,
7204,3.000e-04,3.1619,,
7205,3.000e-04,3.1141,,
7206,3.000e-04,3.1207,,
7207,3.000e-04,3.0988,,
7208,3.000e-04,3.1404,,
7209,3.000e-04,3.0958,,
7210,3.000e-04,3.1221,,
7211,3.000e-04,3.1100,,
7212,3.000e-04,3.0871,,
7213,3.000e-04,3.1433,,
7214,3.000e-04,3.1279,,
7215,3.000e-04,3.1195,,
7216,3.000e-04,3.1261,,
7217,3.000e-04,3.0792,,
7218,3.000e-04,3.1133,,
7219,3.000e-04,3.1455,,
7220,3.000e-04,3.1162,,
7221,3.000e-04,3.1411,,
7222,3.000e-04,3.1292,,
7223,3.000e-04,3.1010,,
7224,3.000e-04,3.1119,,
7225,3.000e-04,3.1188,,
7226,3.000e-04,3.1231,,
7227,3.000e-04,3.1058,,
7228,3.000e-04,3.1324,,
7229,3.000e-04,3.0885,,
7230,3.000e-04,3.1302,,
7231,3.000e-04,3.0837,,
7232,3.000e-04,3.1172,,
7233,3.000e-04,3.1176,,
7234,3.000e-04,3.0872,,
7235,3.000e-04,3.0593,,
7236,3.000e-04,3.1043,,
7237,3.000e-04,3.0891,,
7238,3.000e-04,3.1085,,
7239,3.000e-04,3.0933,,
7240,3.000e-04,3.1400,,
7241,3.000e-04,3.1365,,
7242,3.000e-04,3.1246,,
7243,3.000e-04,3.1416,,
7244,3.000e-04,3.1171,,
7245,3.000e-04,3.1287,,
7246,3.000e-04,3.1352,,
7247,3.000e-04,3.1101,,
7248,3.000e-04,3.1169,,
7249,3.000e-04,3.1282,,
7250,3.000e-04,3.1025,,
7251,3.000e-04,3.0579,,
7252,3.000e-04,3.1038,,
7253,3.000e-04,3.1255,,
7254,3.000e-04,3.0878,,
7255,3.000e-04,3.1452,,
7256,3.000e-04,3.1472,,
7257,3.000e-04,3.0777,,
7258,3.000e-04,3.1297,,
7259,3.000e-04,3.1191,,
7260,3.000e-04,3.1747,,
7261,3.000e-04,3.1452,,
7262,3.000e-04,3.1216,,
7263,3.000e-04,3.1408,,
7264,3.000e-04,3.1217,,
7265,3.000e-04,3.1481,,
7266,3.000e-04,3.1139,,
7267,3.000e-04,3.1522,,
7268,3.000e-04,3.1235,,
7269,3.000e-04,3.1153,,
7270,3.000e-04,3.1254,,
7271,3.000e-04,3.1080,,
7272,3.000e-04,3.1057,,
7273,3.000e-04,3.1187,,
7274,3.000e-04,3.0775,,
7275,3.000e-04,3.1316,,
7276,3.000e-04,3.1474,,
7277,3.000e-04,3.1189,,
7278,3.000e-04,3.1250,,
7279,3.000e-04,3.1011,,
7280,3.000e-04,3.1183,,
7281,3.000e-04,3.1330,,
7282,3.000e-04,3.0954,,
7283,3.000e-04,3.1308,,
7284,3.000e-04,3.1162,,
7285,3.000e-04,3.0827,,
7286,3.000e-04,3.0992,,
7287,3.000e-04,3.1103,,
7288,3.000e-04,3.0847,,
7289,3.000e-04,3.1052,,
7290,3.000e-04,3.0987,,
7291,3.000e-04,3.1231,,
7292,3.000e-04,3.1227,,
7293,3.000e-04,3.1089,,
7294,3.000e-04,3.1082,,
7295,3.000e-04,3.1282,,
7296,3.000e-04,3.1313,,
7297,3.000e-04,3.0730,,
7298,3.000e-04,3.1222,,
7299,3.000e-04,3.1093,,
7300,3.000e-04,3.1133,2.9415088415145876,
7301,3.000e-04,3.1022,,
7302,3.000e-04,3.1467,,
7303,3.000e-04,3.1130,,
7304,3.000e-04,3.1212,,
7305,3.000e-04,3.1365,,
7306,3.000e-04,3.0985,,
7307,3.000e-04,3.0934,,
7308,3.000e-04,3.1048,,
7309,3.000e-04,3.1389,,
7310,3.000e-04,3.1359,,
7311,3.000e-04,3.1256,,
7312,3.000e-04,3.1146,,
7313,3.000e-04,3.1531,,
7314,3.000e-04,3.1599,,
7315,3.000e-04,3.1296,,
7316,3.000e-04,3.0883,,
7317,3.000e-04,3.1111,,
7318,3.000e-04,3.1157,,
7319,3.000e-04,3.1352,,
7320,3.000e-04,3.1114,,
7321,3.000e-04,3.1404,,
7322,3.000e-04,3.1573,,
7323,3.000e-04,3.1020,,
7324,3.000e-04,3.1206,,
7325,3.000e-04,3.1501,,
7326,3.000e-04,3.1007,,
7327,3.000e-04,3.0799,,
7328,3.000e-04,3.1226,,
7329,3.000e-04,3.0849,,
7330,3.000e-04,3.1304,,
7331,3.000e-04,3.1095,,
7332,3.000e-04,3.1334,,
7333,3.000e-04,3.0789,,
7334,3.000e-04,3.1549,,
7335,3.000e-04,3.1037,,
7336,3.000e-04,3.1355,,
7337,3.000e-04,3.0823,,
7338,3.000e-04,3.1359,,
7339,3.000e-04,3.1122,,
7340,3.000e-04,3.1132,,
7341,3.000e-04,3.0971,,
7342,3.000e-04,3.1451,,
7343,3.000e-04,3.1466,,
7344,3.000e-04,3.1242,,
7345,3.000e-04,3.0913,,
7346,3.000e-04,3.0915,,
7347,3.000e-04,3.1125,,
7348,3.000e-04,3.1146,,
7349,3.000e-04,3.0655,,
7350,3.000e-04,3.1110,,
7351,3.000e-04,3.1296,,
7352,3.000e-04,3.1518,,
7353,3.000e-04,3.0878,,
7354,3.000e-04,3.0940,,
7355,3.000e-04,3.1283,,
7356,3.000e-04,3.1133,,
7357,3.000e-04,3.1082,,
7358,3.000e-04,3.0671,,
7359,3.000e-04,3.1176,,
7360,3.000e-04,3.0611,,
7361,3.000e-04,3.0818,,
7362,3.000e-04,3.1646,,
7363,3.000e-04,3.1275,,
7364,3.000e-04,3.1137,,
7365,3.000e-04,3.0630,,
7366,3.000e-04,3.1303,,
7367,3.000e-04,3.1068,,
7368,3.000e-04,3.0988,,
7369,3.000e-04,3.1314,,
7370,3.000e-04,3.1124,,
7371,3.000e-04,3.1098,,
7372,3.000e-04,3.0700,,
7373,3.000e-04,3.1145,,
7374,3.000e-04,3.1298,,
7375,3.000e-04,3.1196,,
7376,3.000e-04,3.1109,,
7377,3.000e-04,3.0763,,
7378,3.000e-04,3.0599,,
7379,3.000e-04,3.0905,,
7380,3.000e-04,3.0978,,
7381,3.000e-04,3.1038,,
7382,3.000e-04,3.0910,,
7383,3.000e-04,3.1127,,
7384,3.000e-04,3.1025,,
7385,3.000e-04,3.1054,,
7386,3.000e-04,3.1087,,
7387,3.000e-04,3.0828,,
7388,3.000e-04,3.1015,,
7389,3.000e-04,3.1141,,
7390,3.000e-04,3.1242,,
7391,3.000e-04,3.1012,,
7392,3.000e-04,3.0958,,
7393,3.000e-04,3.0884,,
7394,3.000e-04,3.1628,,
7395,3.000e-04,3.1141,,
7396,3.000e-04,3.1344,,
7397,3.000e-04,3.1191,,
7398,3.000e-04,3.1203,,
7399,3.000e-04,3.0897,,
7400,3.000e-04,3.1204,3.064582908153534,
7401,3.000e-04,3.0507,,
7402,3.000e-04,3.1257,,
7403,3.000e-04,3.1493,,
7404,3.000e-04,3.1396,,
7405,3.000e-04,3.1117,,
7406,3.000e-04,3.1017,,
7407,3.000e-04,3.1183,,
7408,3.000e-04,3.1224,,
7409,3.000e-04,3.1246,,
7410,3.000e-04,3.0735,,
7411,3.000e-04,3.1309,,
7412,3.000e-04,3.1182,,
7413,3.000e-04,3.0871,,
7414,3.000e-04,3.1329,,
7415,3.000e-04,3.0839,,
7416,3.000e-04,3.1372,,
7417,3.000e-04,3.1094,,
7418,3.000e-04,3.0733,,
7419,3.000e-04,3.1393,,
7420,3.000e-04,3.1259,,
7421,3.000e-04,3.1093,,
7422,3.000e-04,3.1287,,
7423,3.000e-04,3.0987,,
7424,3.000e-04,3.0891,,
7425,3.000e-04,3.0907,,
7426,3.000e-04,3.0992,,
7427,3.000e-04,3.1141,,
7428,3.000e-04,3.1535,,
7429,3.000e-04,3.1198,,
7430,3.000e-04,3.1527,,
7431,3.000e-04,3.0975,,
7432,3.000e-04,3.1261,,
7433,3.000e-04,3.1400,,
7434,3.000e-04,3.1410,,
7435,3.000e-04,3.0837,,
7436,3.000e-04,3.1013,,
7437,3.000e-04,3.1159,,
7438,3.000e-04,3.1072,,
7439,3.000e-04,3.1616,,
7440,3.000e-04,3.1202,,
7441,3.000e-04,3.1091,,
7442,3.000e-04,3.1201,,
7443,3.000e-04,3.1080,,
7444,3.000e-04,3.1286,,
7445,3.000e-04,3.0698,,
7446,3.000e-04,3.1742,,
7447,3.000e-04,3.0983,,
7448,3.000e-04,3.1609,,
7449,3.000e-04,3.1355,,
7450,3.000e-04,3.0690,,
7451,3.000e-04,3.1609,,
7452,3.000e-04,3.1427,,
7453,3.000e-04,3.0920,,
7454,3.000e-04,3.0994,,
7455,3.000e-04,3.1431,,
7456,3.000e-04,3.0895,,
7457,3.000e-04,3.1227,,
7458,3.000e-04,3.0924,,
7459,3.000e-04,3.1190,,
7460,3.000e-04,3.1374,,
7461,3.000e-04,3.0553,,
7462,3.000e-04,3.0897,,
7463,3.000e-04,3.1079,,
7464,3.000e-04,3.1215,,
7465,3.000e-04,3.1491,,
7466,3.000e-04,3.1337,,
7467,3.000e-04,3.1093,,
7468,3.000e-04,3.0891,,
7469,3.000e-04,3.1176,,
7470,3.000e-04,3.1027,,
7471,3.000e-04,3.0785,,
7472,3.000e-04,3.1050,,
7473,3.000e-04,3.1091,,
7474,3.000e-04,3.0889,,
7475,3.000e-04,3.1165,,
7476,3.000e-04,3.1060,,
7477,3.000e-04,3.0737,,
7478,3.000e-04,3.1321,,
7479,3.000e-04,3.1177,,
7480,3.000e-04,3.0875,,
7481,3.000e-04,3.0859,,
7482,3.000e-04,3.0915,,
7483,3.000e-04,3.1004,,
7484,3.000e-04,3.0780,,
7485,3.000e-04,3.1251,,
7486,3.000e-04,3.0986,,
7487,3.000e-04,3.1004,,
7488,3.000e-04,3.0777,,
7489,3.000e-04,3.0950,,
7490,3.000e-04,3.1192,,
7491,3.000e-04,3.1039,,
7492,3.000e-04,3.0957,,
7493,3.000e-04,3.0991,,
7494,3.000e-04,3.1017,,
7495,3.000e-04,3.0944,,
7496,3.000e-04,3.1138,,
7497,3.000e-04,3.1025,,
7498,3.000e-04,3.1042,,
7499,3.000e-04,3.1301,,
7500,3.000e-04,3.1027,3.2209664225578307,
7501,3.000e-04,3.1392,,
7502,3.000e-04,3.0399,,
7503,3.000e-04,3.0710,,
7504,3.000e-04,3.0268,,
7505,3.000e-04,3.0743,,
7506,3.000e-04,3.0715,,
7507,3.000e-04,3.1358,,
7508,3.000e-04,3.0961,,
7509,3.000e-04,3.1195,,
7510,3.000e-04,3.1325,,
7511,3.000e-04,3.0993,,
7512,3.000e-04,3.0881,,
7513,3.000e-04,3.1298,,
7514,3.000e-04,3.0983,,
7515,3.000e-04,3.1240,,
7516,3.000e-04,3.0500,,
7517,3.000e-04,3.0500,,
7518,3.000e-04,3.1037,,
7519,3.000e-04,3.1323,,
7520,3.000e-04,3.0962,,
7521,3.000e-04,3.1357,,
7522,3.000e-04,3.0977,,
7523,3.000e-04,3.1108,,
7524,3.000e-04,3.0775,,
7525,3.000e-04,3.1149,,
7526,3.000e-04,3.0692,,
7527,3.000e-04,3.1444,,
7528,3.000e-04,3.1145,,
7529,3.000e-04,3.1234,,
7530,3.000e-04,3.0906,,
7531,3.000e-04,3.1089,,
7532,3.000e-04,3.1310,,
7533,3.000e-04,3.1104,,
7534,3.000e-04,3.0877,,
7535,3.000e-04,3.0699,,
7536,3.000e-04,3.0625,,
7537,3.000e-04,3.1180,,
7538,3.000e-04,3.0661,,
7539,3.000e-04,3.0799,,
7540,3.000e-04,3.0966,,
7541,3.000e-04,3.0669,,
7542,3.000e-04,3.1145,,
7543,3.000e-04,3.1328,,
7544,3.000e-04,3.1123,,
7545,3.000e-04,3.1168,,
7546,3.000e-04,3.1134,,
7547,3.000e-04,3.1360,,
7548,3.000e-04,3.1054,,
7549,3.000e-04,3.1008,,
7550,3.000e-04,3.1019,,
7551,3.000e-04,3.1034,,
7552,3.000e-04,3.0958,,
7553,3.000e-04,3.1175,,
7554,3.000e-04,3.0831,,
7555,3.000e-04,3.1193,,
7556,3.000e-04,3.1132,,
7557,3.000e-04,3.1350,,
7558,3.000e-04,3.1141,,
7559,3.000e-04,3.0826,,
7560,3.000e-04,3.1204,,
7561,3.000e-04,3.1200,,
7562,3.000e-04,3.1368,,
7563,3.000e-04,3.0949,,
7564,3.000e-04,3.1067,,
7565,3.000e-04,3.1056,,
7566,3.000e-04,3.1134,,
7567,3.000e-04,3.1234,,
7568,3.000e-04,3.1034,,
7569,3.000e-04,3.1212,,
7570,3.000e-04,3.1439,,
7571,3.000e-04,3.1150,,
7572,3.000e-04,3.0816,,
7573,3.000e-04,3.1010,,
7574,3.000e-04,3.1448,,
7575,3.000e-04,3.1399,,
7576,3.000e-04,3.0784,,
7577,3.000e-04,3.1033,,
7578,3.000e-04,3.1357,,
7579,3.000e-04,3.1421,,
7580,3.000e-04,3.0907,,
7581,3.000e-04,3.0963,,
7582,3.000e-04,3.0891,,
7583,3.000e-04,3.0926,,
7584,3.000e-04,3.0924,,
7585,3.000e-04,3.1059,,
7586,3.000e-04,3.0761,,
7587,3.000e-04,3.1159,,
7588,3.000e-04,3.1373,,
7589,3.000e-04,3.0847,,
7590,3.000e-04,3.0862,,
7591,3.000e-04,3.1004,,
7592,3.000e-04,3.1098,,
7593,3.000e-04,3.1206,,
7594,3.000e-04,3.1197,,
7595,3.000e-04,3.0981,,
7596,3.000e-04,3.1187,,
7597,3.000e-04,3.0951,,
7598,3.000e-04,3.0890,,
7599,3.000e-04,3.1246,,
7600,3.000e-04,3.0975,3.003519368171692,
7601,3.000e-04,3.1049,,
7602,3.000e-04,3.0825,,
7603,3.000e-04,3.1184,,
7604,3.000e-04,3.0780,,
7605,3.000e-04,3.1272,,
7606,3.000e-04,3.1227,,
7607,3.000e-04,3.0878,,
7608,3.000e-04,3.1366,,
7609,3.000e-04,3.1023,,
7610,3.000e-04,3.1169,,
7611,3.000e-04,3.1336,,
7612,3.000e-04,3.0810,,
7613,3.000e-04,3.1249,,
7614,3.000e-04,3.0960,,
7615,3.000e-04,3.0682,,
7616,3.000e-04,3.1155,,
7617,3.000e-04,3.0650,,
7618,3.000e-04,3.1110,,
7619,3.000e-04,3.1379,,
7620,3.000e-04,3.1037,,
7621,3.000e-04,3.1213,,
7622,3.000e-04,3.1556,,
7623,3.000e-04,3.1268,,
7624,3.000e-04,3.1184,,
7625,3.000e-04,3.0480,,
7626,3.000e-04,3.1062,,
7627,3.000e-04,3.0958,,
7628,3.000e-04,3.1198,,
7629,3.000e-04,3.1136,,
7630,3.000e-04,3.0983,,
7631,3.000e-04,3.0879,,
7632,3.000e-04,3.1233,,
7633,3.000e-04,3.0329,,
7634,3.000e-04,3.1123,,
7635,3.000e-04,3.1299,,
7636,3.000e-04,3.1304,,
7637,3.000e-04,3.0912,,
7638,3.000e-04,3.1464,,
7639,3.000e-04,3.1416,,
7640,3.000e-04,3.0757,,
7641,3.000e-04,3.1206,,
7642,3.000e-04,3.1116,,
7643,3.000e-04,3.0953,,
7644,3.000e-04,3.1285,,
7645,3.000e-04,3.1159,,
7646,3.000e-04,3.0991,,
7647,3.000e-04,3.1301,,
7648,3.000e-04,3.1239,,
7649,3.000e-04,3.1248,,
7650,3.000e-04,3.0996,,
7651,3.000e-04,3.0857,,
7652,3.000e-04,3.1078,,
7653,3.000e-04,3.1224,,
7654,3.000e-04,3.1133,,
7655,3.000e-04,3.0965,,
7656,3.000e-04,3.1030,,
7657,3.000e-04,3.0971,,
7658,3.000e-04,3.0943,,
7659,3.000e-04,3.0999,,
7660,3.000e-04,3.0869,,
7661,3.000e-04,3.0799,,
7662,3.000e-04,3.1006,,
7663,3.000e-04,3.0959,,
7664,3.000e-04,3.0813,,
7665,3.000e-04,3.0708,,
7666,3.000e-04,3.0960,,
7667,3.000e-04,3.1210,,
7668,3.000e-04,3.0918,,
7669,3.000e-04,3.1121,,
7670,3.000e-04,3.1306,,
7671,3.000e-04,3.1092,,
7672,3.000e-04,3.0919,,
7673,3.000e-04,3.1316,,
7674,3.000e-04,3.0874,,
7675,3.000e-04,3.0866,,
7676,3.000e-04,3.0750,,
7677,3.000e-04,3.1215,,
7678,3.000e-04,3.0763,,
7679,3.000e-04,3.1162,,
7680,3.000e-04,3.0634,,
7681,3.000e-04,3.0914,,
7682,3.000e-04,3.0876,,
7683,3.000e-04,3.1030,,
7684,3.000e-04,3.0974,,
7685,3.000e-04,3.0916,,
7686,3.000e-04,3.1028,,
7687,3.000e-04,3.1272,,
7688,3.000e-04,3.1043,,
7689,3.000e-04,3.1124,,
7690,3.000e-04,3.0987,,
7691,3.000e-04,3.1681,,
7692,3.000e-04,3.1023,,
7693,3.000e-04,3.0858,,
7694,3.000e-04,3.1059,,
7695,3.000e-04,3.0808,,
7696,3.000e-04,3.0866,,
7697,3.000e-04,3.0999,,
7698,3.000e-04,3.0950,,
7699,3.000e-04,3.1118,,
7700,3.000e-04,3.0861,3.0430018424987795,
7701,3.000e-04,3.1190,,
7702,3.000e-04,3.1627,,
7703,3.000e-04,3.1349,,
7704,3.000e-04,3.1364,,
7705,3.000e-04,3.1226,,
7706,3.000e-04,3.0924,,
7707,3.000e-04,3.0907,,
7708,3.000e-04,3.0783,,
7709,3.000e-04,3.1041,,
7710,3.000e-04,3.0913,,
7711,3.000e-04,3.0771,,
7712,3.000e-04,3.1115,,
7713,3.000e-04,3.0987,,
7714,3.000e-04,3.1202,,
7715,3.000e-04,3.1159,,
7716,3.000e-04,3.0861,,
7717,3.000e-04,3.0828,,
7718,3.000e-04,3.1238,,
7719,3.000e-04,3.1190,,
7720,3.000e-04,3.0987,,
7721,3.000e-04,3.1028,,
7722,3.000e-04,3.0798,,
7723,3.000e-04,3.0913,,
7724,3.000e-04,3.1175,,
7725,3.000e-04,3.1104,,
7726,3.000e-04,3.1075,,
7727,3.000e-04,3.0779,,
7728,3.000e-04,3.1269,,
7729,3.000e-04,3.0828,,
7730,3.000e-04,3.1163,,
7731,3.000e-04,3.1181,,
7732,3.000e-04,3.1417,,
7733,3.000e-04,3.1159,,
7734,3.000e-04,3.0838,,
7735,3.000e-04,3.0746,,
7736,3.000e-04,3.0929,,
7737,3.000e-04,3.1086,,
7738,3.000e-04,3.1147,,
7739,3.000e-04,3.1222,,
7740,3.000e-04,3.0726,,
7741,3.000e-04,3.1467,,
7742,3.000e-04,3.1212,,
7743,3.000e-04,3.1404,,
7744,3.000e-04,3.1018,,
7745,3.000e-04,3.1006,,
7746,3.000e-04,3.1125,,
7747,3.000e-04,3.0903,,
7748,3.000e-04,3.1203,,
7749,3.000e-04,3.0680,,
7750,3.000e-04,3.0978,,
7751,3.000e-04,3.0694,,
7752,3.000e-04,3.0787,,
7753,3.000e-04,3.1197,,
7754,3.000e-04,3.0730,,
7755,3.000e-04,3.1046,,
7756,3.000e-04,3.1169,,
7757,3.000e-04,3.0837,,
7758,3.000e-04,3.1273,,
7759,3.000e-04,3.1132,,
7760,3.000e-04,3.1210,,
7761,3.000e-04,3.1308,,
7762,3.000e-04,3.1098,,
7763,3.000e-04,3.0906,,
7764,3.000e-04,3.0941,,
7765,3.000e-04,3.1442,,
7766,3.000e-04,3.1005,,
7767,3.000e-04,3.0770,,
7768,3.000e-04,3.0934,,
7769,3.000e-04,3.0680,,
7770,3.000e-04,3.1167,,
7771,3.000e-04,3.1366,,
7772,3.000e-04,3.1289,,
7773,3.000e-04,3.1138,,
7774,3.000e-04,3.0679,,
7775,3.000e-04,3.1120,,
7776,3.000e-04,3.0808,,
7777,3.000e-04,3.0899,,
7778,3.000e-04,3.1211,,
7779,3.000e-04,3.0913,,
7780,3.000e-04,3.1276,,
7781,3.000e-04,3.1304,,
7782,3.000e-04,3.0754,,
7783,3.000e-04,3.1115,,
7784,3.000e-04,3.1054,,
7785,3.000e-04,3.0947,,
7786,3.000e-04,3.1226,,
7787,3.000e-04,3.1131,,
7788,3.000e-04,3.1350,,
7789,3.000e-04,3.0974,,
7790,3.000e-04,3.1090,,
7791,3.000e-04,3.0739,,
7792,3.000e-04,3.1043,,
7793,3.000e-04,3.0940,,
7794,3.000e-04,3.0978,,
7795,3.000e-04,3.1332,,
7796,3.000e-04,3.1115,,
7797,3.000e-04,3.1403,,
7798,3.000e-04,3.1662,,
7799,3.000e-04,3.1100,,
7800,3.000e-04,3.1013,3.073558712005615,
7801,3.000e-04,3.0637,,
7802,3.000e-04,3.0683,,
7803,3.000e-04,3.0969,,
7804,3.000e-04,3.0788,,
7805,3.000e-04,3.0348,,
7806,3.000e-04,3.0582,,
7807,3.000e-04,3.1007,,
7808,3.000e-04,3.0868,,
7809,3.000e-04,3.0900,,
7810,3.000e-04,3.1409,,
7811,3.000e-04,3.0894,,
7812,3.000e-04,3.1019,,
7813,3.000e-04,3.0896,,
7814,3.000e-04,3.0532,,
7815,3.000e-04,3.0954,,
7816,3.000e-04,3.0798,,
7817,3.000e-04,3.0860,,
7818,3.000e-04,3.0877,,
7819,3.000e-04,3.1124,,
7820,3.000e-04,3.1238,,
7821,3.000e-04,3.0768,,
7822,3.000e-04,3.1043,,
7823,3.000e-04,3.0949,,
7824,3.000e-04,3.1076,,
7825,3.000e-04,3.0512,,
7826,3.000e-04,3.1159,,
7827,3.000e-04,3.1178,,
7828,3.000e-04,3.1209,,
7829,3.000e-04,3.1227,,
7830,3.000e-04,3.0766,,
7831,3.000e-04,3.0803,,
7832,3.000e-04,3.0782,,
7833,3.000e-04,3.0935,,
7834,3.000e-04,3.0959,,
7835,3.000e-04,3.1227,,
7836,3.000e-04,3.0712,,
7837,3.000e-04,3.0726,,
7838,3.000e-04,3.0833,,
7839,3.000e-04,3.0746,,
7840,3.000e-04,3.1110,,
7841,3.000e-04,3.0627,,
7842,3.000e-04,3.0821,,
7843,3.000e-04,3.0826,,
7844,3.000e-04,3.1158,,
7845,3.000e-04,3.0953,,
7846,3.000e-04,3.1334,,
7847,3.000e-04,3.1018,,
7848,3.000e-04,3.1112,,
7849,3.000e-04,3.1124,,
7850,3.000e-04,3.0687,,
7851,3.000e-04,3.1019,,
7852,3.000e-04,3.0782,,
7853,3.000e-04,3.1159,,
7854,3.000e-04,3.0900,,
7855,3.000e-04,3.0763,,
7856,3.000e-04,3.1478,,
7857,3.000e-04,3.0674,,
7858,3.000e-04,3.1167,,
7859,3.000e-04,3.0905,,
7860,3.000e-04,3.0742,,
7861,3.000e-04,3.0898,,
7862,3.000e-04,3.1250,,
7863,3.000e-04,3.1085,,
7864,3.000e-04,3.0651,,
7865,3.000e-04,3.1036,,
7866,3.000e-04,3.1194,,
7867,3.000e-04,3.1202,,
7868,3.000e-04,3.1099,,
7869,3.000e-04,3.1324,,
7870,3.000e-04,3.0673,,
7871,3.000e-04,3.0804,,
7872,3.000e-04,3.0970,,
7873,3.000e-04,3.0640,,
7874,3.000e-04,3.0945,,
7875,3.000e-04,3.1167,,
7876,3.000e-04,3.1038,,
7877,3.000e-04,3.1103,,
7878,3.000e-04,3.1158,,
7879,3.000e-04,3.0945,,
7880,3.000e-04,3.0984,,
7881,3.000e-04,3.0796,,
7882,3.000e-04,3.0613,,
7883,3.000e-04,3.1078,,
7884,3.000e-04,3.0797,,
7885,3.000e-04,3.0824,,
7886,3.000e-04,3.0641,,
7887,3.000e-04,3.0909,,
7888,3.000e-04,3.1035,,
7889,3.000e-04,3.0704,,
7890,3.000e-04,3.0866,,
7891,3.000e-04,3.0716,,
7892,3.000e-04,3.1405,,
7893,3.000e-04,3.1302,,
7894,3.000e-04,3.0852,,
7895,3.000e-04,3.1156,,
7896,3.000e-04,3.0741,,
7897,3.000e-04,3.1130,,
7898,3.000e-04,3.0853,,
7899,3.000e-04,3.0711,,
7900,3.000e-04,3.0713,2.992656946182251,
7901,3.000e-04,3.1412,,
7902,3.000e-04,3.0621,,
7903,3.000e-04,3.1078,,
7904,3.000e-04,3.1027,,
7905,3.000e-04,3.0735,,
7906,3.000e-04,3.1042,,
7907,3.000e-04,3.1119,,
7908,3.000e-04,3.1295,,
7909,3.000e-04,3.1156,,
7910,3.000e-04,3.1195,,
7911,3.000e-04,3.0926,,
7912,3.000e-04,3.0951,,
7913,3.000e-04,3.1126,,
7914,3.000e-04,3.0905,,
7915,3.000e-04,3.1067,,
7916,3.000e-04,3.0943,,
7917,3.000e-04,3.0917,,
7918,3.000e-04,3.0921,,
7919,3.000e-04,3.1060,,
7920,3.000e-04,3.1252,,
7921,3.000e-04,3.0334,,
7922,3.000e-04,3.1147,,
7923,3.000e-04,3.0913,,
7924,3.000e-04,3.0948,,
7925,3.000e-04,3.0953,,
7926,3.000e-04,3.1116,,
7927,3.000e-04,3.0702,,
7928,3.000e-04,3.1222,,
7929,3.000e-04,3.0870,,
7930,3.000e-04,3.1070,,
7931,3.000e-04,3.0792,,
7932,3.000e-04,3.1525,,
7933,3.000e-04,3.1091,,
7934,3.000e-04,3.0664,,
7935,3.000e-04,3.1031,,
7936,3.000e-04,3.1101,,
7937,3.000e-04,3.0626,,
7938,3.000e-04,3.0993,,
7939,3.000e-04,3.0854,,
7940,3.000e-04,3.1328,,
7941,3.000e-04,3.1151,,
7942,3.000e-04,3.0847,,
7943,3.000e-04,3.1093,,
7944,3.000e-04,3.0668,,
7945,3.000e-04,3.0688,,
7946,3.000e-04,3.0718,,
7947,3.000e-04,3.0977,,
7948,3.000e-04,3.0796,,
7949,3.000e-04,3.0595,,
7950,3.000e-04,3.0800,,
7951,3.000e-04,3.1181,,
7952,3.000e-04,3.0990,,
7953,3.000e-04,3.0989,,
7954,3.000e-04,3.0845,,
7955,3.000e-04,3.0953,,
7956,3.000e-04,3.1153,,
7957,3.000e-04,3.0720,,
7958,3.000e-04,3.0892,,
7959,3.000e-04,3.0872,,
7960,3.000e-04,3.1312,,
7961,3.000e-04,3.0881,,
7962,3.000e-04,3.0721,,
7963,3.000e-04,3.0988,,
7964,3.000e-04,3.0775,,
7965,3.000e-04,3.0381,,
7966,3.000e-04,3.0853,,
7967,3.000e-04,3.1086,,
7968,3.000e-04,3.1286,,
7969,3.000e-04,3.0673,,
7970,3.000e-04,3.0644,,
7971,3.000e-04,3.0811,,
7972,3.000e-04,3.0808,,
7973,3.000e-04,3.1254,,
7974,3.000e-04,3.1098,,
7975,3.000e-04,3.1133,,
7976,3.000e-04,3.0944,,
7977,3.000e-04,3.0951,,
7978,3.000e-04,3.0759,,
7979,3.000e-04,3.0975,,
7980,3.000e-04,3.0665,,
7981,3.000e-04,3.0796,,
7982,3.000e-04,3.0910,,
7983,3.000e-04,3.0664,,
7984,3.000e-04,3.0951,,
7985,3.000e-04,3.0751,,
7986,3.000e-04,3.1061,,
7987,3.000e-04,3.0908,,
7988,3.000e-04,3.1034,,
7989,3.000e-04,3.0889,,
7990,3.000e-04,3.0751,,
7991,3.000e-04,3.0815,,
7992,3.000e-04,3.0580,,
7993,3.000e-04,3.0704,,
7994,3.000e-04,3.0271,,
7995,3.000e-04,3.1157,,
7996,3.000e-04,3.0858,,
7997,3.000e-04,3.0483,,
7998,3.000e-04,3.0960,,
7999,3.000e-04,3.0688,,
8000,3.000e-04,3.1528,3.046491289138794,
8001,3.000e-04,3.1068,,
8002,3.000e-04,3.0819,,
8003,3.000e-04,3.0875,,
8004,3.000e-04,3.1058,,
8005,3.000e-04,3.1066,,
8006,3.000e-04,3.0740,,
8007,3.000e-04,3.0708,,
8008,3.000e-04,3.0343,,
8009,3.000e-04,3.0609,,
8010,3.000e-04,3.1159,,
8011,3.000e-04,3.1091,,
8012,3.000e-04,3.0605,,
8013,3.000e-04,3.1228,,
8014,3.000e-04,3.0915,,
8015,3.000e-04,3.0936,,
8016,3.000e-04,3.1154,,
8017,3.000e-04,3.1106,,
8018,3.000e-04,3.0821,,
8019,3.000e-04,3.1174,,
8020,3.000e-04,3.0972,,
8021,3.000e-04,3.0669,,
8022,3.000e-04,3.0950,,
8023,3.000e-04,3.0994,,
8024,3.000e-04,3.1343,,
8025,3.000e-04,3.1089,,
8026,3.000e-04,3.1180,,
8027,3.000e-04,3.0915,,
8028,3.000e-04,3.0735,,
8029,3.000e-04,3.0779,,
8030,3.000e-04,3.0783,,
8031,3.000e-04,3.0472,,
8032,3.000e-04,3.0887,,
8033,3.000e-04,3.0542,,
8034,3.000e-04,3.0883,,
8035,3.000e-04,3.0743,,
8036,3.000e-04,3.1069,,
8037,3.000e-04,3.0842,,
8038,3.000e-04,3.0825,,
8039,3.000e-04,3.0974,,
8040,3.000e-04,3.0828,,
8041,3.000e-04,3.1180,,
8042,3.000e-04,3.0967,,
8043,3.000e-04,3.0961,,
8044,3.000e-04,3.1106,,
8045,3.000e-04,3.0916,,
8046,3.000e-04,3.0828,,
8047,3.000e-04,3.0814,,
8048,3.000e-04,3.0324,,
8049,3.000e-04,3.0577,,
8050,3.000e-04,3.0639,,
8051,3.000e-04,3.0460,,
8052,3.000e-04,3.1176,,
8053,3.000e-04,3.1191,,
8054,3.000e-04,3.1299,,
8055,3.000e-04,3.0592,,
8056,3.000e-04,3.1046,,
8057,3.000e-04,3.1111,,
8058,3.000e-04,3.0703,,
8059,3.000e-04,3.0610,,
8060,3.000e-04,3.0618,,
8061,3.000e-04,3.0660,,
8062,3.000e-04,3.0802,,
8063,3.000e-04,3.0669,,
8064,3.000e-04,3.0861,,
8065,3.000e-04,3.0336,,
8066,3.000e-04,3.0908,,
8067,3.000e-04,3.0887,,
8068,3.000e-04,3.1215,,
8069,3.000e-04,3.1145,,
8070,3.000e-04,3.0696,,
8071,3.000e-04,3.0453,,
8072,3.000e-04,3.0487,,
8073,3.000e-04,3.0868,,
8074,3.000e-04,3.0480,,
8075,3.000e-04,3.0574,,
8076,3.000e-04,3.0995,,
8077,3.000e-04,3.0936,,
8078,3.000e-04,3.0710,,
8079,3.000e-04,3.0680,,
8080,3.000e-04,3.0402,,
8081,3.000e-04,3.0782,,
8082,3.000e-04,3.1101,,
8083,3.000e-04,3.0575,,
8084,3.000e-04,3.0744,,
8085,3.000e-04,3.0895,,
8086,3.000e-04,3.0964,,
8087,3.000e-04,3.0760,,
8088,3.000e-04,3.1186,,
8089,3.000e-04,3.0673,,
8090,3.000e-04,3.1080,,
8091,3.000e-04,3.1021,,
8092,3.000e-04,3.0755,,
8093,3.000e-04,3.0843,,
8094,3.000e-04,3.0785,,
8095,3.000e-04,3.0733,,
8096,3.000e-04,3.0542,,
8097,3.000e-04,3.0604,,
8098,3.000e-04,3.0891,,
8099,3.000e-04,3.0427,,
8100,3.000e-04,3.0802,2.9991000413894655,
8101,3.000e-04,3.0960,,
8102,3.000e-04,3.0579,,
8103,3.000e-04,3.0721,,
8104,3.000e-04,3.0548,,
8105,3.000e-04,3.1117,,
8106,3.000e-04,3.0905,,
8107,3.000e-04,3.0766,,
8108,3.000e-04,3.1070,,
8109,3.000e-04,3.0537,,
8110,3.000e-04,3.0909,,
8111,3.000e-04,3.0411,,
8112,3.000e-04,3.0792,,
8113,3.000e-04,3.0488,,
8114,3.000e-04,3.0808,,
8115,3.000e-04,3.0694,,
8116,3.000e-04,3.0904,,
8117,3.000e-04,3.0810,,
8118,3.000e-04,3.0721,,
8119,3.000e-04,3.1016,,
8120,3.000e-04,3.0921,,
8121,3.000e-04,3.0775,,
8122,3.000e-04,3.1141,,
8123,3.000e-04,3.1110,,
8124,3.000e-04,3.1193,,
8125,3.000e-04,3.1089,,
8126,3.000e-04,3.0840,,
8127,3.000e-04,3.0744,,
8128,3.000e-04,3.1188,,
8129,3.000e-04,3.0746,,
8130,3.000e-04,3.0809,,
8131,3.000e-04,3.0676,,
8132,3.000e-04,3.0669,,
8133,3.000e-04,3.0817,,
8134,3.000e-04,3.0276,,
8135,3.000e-04,3.1266,,
8136,3.000e-04,3.0882,,
8137,3.000e-04,3.0543,,
8138,3.000e-04,3.0939,,
8139,3.000e-04,3.0750,,
8140,3.000e-04,3.1021,,
8141,3.000e-04,3.0541,,
8142,3.000e-04,3.1137,,
8143,3.000e-04,3.1074,,
8144,3.000e-04,3.0751,,
8145,3.000e-04,3.1161,,
8146,3.000e-04,3.1282,,
8147,3.000e-04,3.0877,,
8148,3.000e-04,3.1139,,
8149,3.000e-04,3.0764,,
8150,3.000e-04,3.1055,,
8151,3.000e-04,3.0812,,
8152,3.000e-04,3.0628,,
8153,3.000e-04,3.1012,,
8154,3.000e-04,3.0721,,
8155,3.000e-04,3.0966,,
8156,3.000e-04,3.0840,,
8157,3.000e-04,3.0747,,
8158,3.000e-04,3.0810,,
8159,3.000e-04,3.0774,,
8160,3.000e-04,3.0884,,
8161,3.000e-04,3.0299,,
8162,3.000e-04,3.0848,,
8163,3.000e-04,3.0841,,
8164,3.000e-04,3.0948,,
8165,3.000e-04,3.1001,,
8166,3.000e-04,3.0834,,
8167,3.000e-04,3.0403,,
8168,3.000e-04,3.1257,,
8169,3.000e-04,3.0931,,
8170,3.000e-04,3.1019,,
8171,3.000e-04,3.0847,,
8172,3.000e-04,3.0598,,
8173,3.000e-04,3.0886,,
8174,3.000e-04,3.0291,,
8175,3.000e-04,3.0939,,
8176,3.000e-04,3.0349,,
8177,3.000e-04,3.0755,,
8178,3.000e-04,3.1131,,
8179,3.000e-04,3.0532,,
8180,3.000e-04,3.0953,,
8181,3.000e-04,3.1118,,
8182,3.000e-04,3.0842,,
8183,3.000e-04,3.0908,,
8184,3.000e-04,3.0826,,
8185,3.000e-04,3.0869,,
8186,3.000e-04,3.1010,,
8187,3.000e-04,3.0560,,
8188,3.000e-04,3.0814,,
8189,3.000e-04,3.1021,,
8190,3.000e-04,3.0643,,
8191,3.000e-04,3.0667,,
8192,3.000e-04,3.0456,,
8193,3.000e-04,3.0889,,
8194,3.000e-04,3.0962,,
8195,3.000e-04,3.0653,,
8196,3.000e-04,3.0928,,
8197,3.000e-04,3.0995,,
8198,3.000e-04,3.0877,,
8199,3.000e-04,3.0951,,
8200,3.000e-04,3.0971,2.9835246205329895,
8201,3.000e-04,3.0963,,
8202,3.000e-04,3.0860,,
8203,3.000e-04,3.0614,,
8204,3.000e-04,3.0567,,
8205,3.000e-04,3.0659,,
8206,3.000e-04,3.0420,,
8207,3.000e-04,3.0897,,
8208,3.000e-04,3.1408,,
8209,3.000e-04,3.1157,,
8210,3.000e-04,3.0727,,
8211,3.000e-04,3.0575,,
8212,3.000e-04,3.0575,,
8213,3.000e-04,3.0691,,
8214,3.000e-04,3.0556,,
8215,3.000e-04,3.0649,,
8216,3.000e-04,3.0538,,
8217,3.000e-04,3.0769,,
8218,3.000e-04,3.0930,,
8219,3.000e-04,3.0514,,
8220,3.000e-04,3.0899,,
8221,3.000e-04,3.0714,,
8222,3.000e-04,3.0514,,
8223,3.000e-04,3.0779,,
8224,3.000e-04,3.0530,,
8225,3.000e-04,3.1078,,
8226,3.000e-04,3.0733,,
8227,3.000e-04,3.0583,,
8228,3.000e-04,3.0855,,
8229,3.000e-04,3.0902,,
8230,3.000e-04,3.0367,,
8231,3.000e-04,3.0895,,
8232,3.000e-04,3.0350,,
8233,3.000e-04,3.1000,,
8234,3.000e-04,3.0967,,
8235,3.000e-04,3.1183,,
8236,3.000e-04,3.0403,,
8237,3.000e-04,3.0469,,
8238,3.000e-04,3.0459,,
8239,3.000e-04,3.0423,,
8240,3.000e-04,3.0927,,
8241,3.000e-04,3.0766,,
8242,3.000e-04,3.0992,,
8243,3.000e-04,3.1130,,
8244,3.000e-04,3.0854,,
8245,3.000e-04,3.1099,,
8246,3.000e-04,3.0795,,
8247,3.000e-04,3.1131,,
8248,3.000e-04,3.0503,,
8249,3.000e-04,3.1130,,
8250,3.000e-04,3.0711,,
8251,3.000e-04,3.0605,,
8252,3.000e-04,3.1237,,
8253,3.000e-04,3.0636,,
8254,3.000e-04,3.0878,,
8255,3.000e-04,3.0979,,
8256,3.000e-04,3.0628,,
8257,3.000e-04,3.1044,,
8258,3.000e-04,3.0846,,
8259,3.000e-04,3.1356,,
8260,3.000e-04,3.1061,,
8261,3.000e-04,3.0950,,
8262,3.000e-04,3.0612,,
8263,3.000e-04,3.0955,,
8264,3.000e-04,3.0796,,
8265,3.000e-04,3.0414,,
8266,3.000e-04,3.0562,,
8267,3.000e-04,3.0832,,
8268,3.000e-04,3.0869,,
8269,3.000e-04,3.1092,,
8270,3.000e-04,3.1017,,
8271,3.000e-04,3.1155,,
8272,3.000e-04,3.0632,,
8273,3.000e-04,3.1388,,
8274,3.000e-04,3.0484,,
8275,3.000e-04,3.0729,,
8276,3.000e-04,3.1104,,
8277,3.000e-04,3.1150,,
8278,3.000e-04,3.0937,,
8279,3.000e-04,3.0689,,
8280,3.000e-04,3.1214,,
8281,3.000e-04,3.0693,,
8282,3.000e-04,3.0891,,
8283,3.000e-04,3.1035,,
8284,3.000e-04,3.0496,,
8285,3.000e-04,3.0426,,
8286,3.000e-04,3.1002,,
8287,3.000e-04,3.0465,,
8288,3.000e-04,3.0244,,
8289,3.000e-04,3.0341,,
8290,3.000e-04,3.1086,,
8291,3.000e-04,3.0842,,
8292,3.000e-04,3.0664,,
8293,3.000e-04,3.0276,,
8294,3.000e-04,3.1123,,
8295,3.000e-04,3.0476,,
8296,3.000e-04,3.0609,,
8297,3.000e-04,3.0367,,
8298,3.000e-04,3.0589,,
8299,3.000e-04,3.0682,,
8300,3.000e-04,3.0416,3.1166680812835694,
8301,3.000e-04,3.0758,,
8302,3.000e-04,3.0896,,
8303,3.000e-04,3.0845,,
8304,3.000e-04,3.0648,,
8305,3.000e-04,3.0747,,
8306,3.000e-04,3.0330,,
8307,3.000e-04,3.0663,,
8308,3.000e-04,3.0667,,
8309,3.000e-04,3.1102,,
8310,3.000e-04,3.0613,,
8311,3.000e-04,3.0424,,
8312,3.000e-04,3.0941,,
8313,3.000e-04,3.0829,,
8314,3.000e-04,3.0644,,
8315,3.000e-04,3.0665,,
8316,3.000e-04,3.0273,,
8317,3.000e-04,3.0590,,
8318,3.000e-04,3.0169,,
8319,3.000e-04,3.0429,,
8320,3.000e-04,3.0838,,
8321,3.000e-04,3.0804,,
8322,3.000e-04,3.0857,,
8323,3.000e-04,3.1034,,
8324,3.000e-04,3.0717,,
8325,3.000e-04,3.0932,,
8326,3.000e-04,3.0602,,
8327,3.000e-04,3.1090,,
8328,3.000e-04,3.0314,,
8329,3.000e-04,3.0799,,
8330,3.000e-04,3.1078,,
8331,3.000e-04,3.1167,,
8332,3.000e-04,3.0651,,
8333,3.000e-04,3.0602,,
8334,3.000e-04,3.0422,,
8335,3.000e-04,3.0972,,
8336,3.000e-04,3.0752,,
8337,3.000e-04,3.0487,,
8338,3.000e-04,3.0847,,
8339,3.000e-04,3.0493,,
8340,3.000e-04,3.0341,,
8341,3.000e-04,3.0966,,
8342,3.000e-04,3.0955,,
8343,3.000e-04,3.1402,,
8344,3.000e-04,3.0113,,
8345,3.000e-04,3.1168,,
8346,3.000e-04,3.0744,,
8347,3.000e-04,3.1324,,
8348,3.000e-04,3.0428,,
8349,3.000e-04,3.0816,,
8350,3.000e-04,3.0562,,
8351,3.000e-04,3.0810,,
8352,3.000e-04,3.0735,,
8353,3.000e-04,3.0745,,
8354,3.000e-04,3.0952,,
8355,3.000e-04,3.0412,,
8356,3.000e-04,3.0611,,
8357,3.000e-04,3.0880,,
8358,3.000e-04,3.1030,,
8359,3.000e-04,3.0537,,
8360,3.000e-04,3.0633,,
8361,3.000e-04,3.0880,,
8362,3.000e-04,3.0903,,
8363,3.000e-04,3.1129,,
8364,3.000e-04,3.0934,,
8365,3.000e-04,3.0393,,
8366,3.000e-04,3.1083,,
8367,3.000e-04,3.0921,,
8368,3.000e-04,3.0634,,
8369,3.000e-04,3.0894,,
8370,3.000e-04,3.1001,,
8371,3.000e-04,3.0888,,
8372,3.000e-04,3.0604,,
8373,3.000e-04,3.0776,,
8374,3.000e-04,3.0894,,
8375,3.000e-04,3.0911,,
8376,3.000e-04,3.0957,,
8377,3.000e-04,3.0785,,
8378,3.000e-04,3.0598,,
8379,3.000e-04,3.0780,,
8380,3.000e-04,3.0790,,
8381,3.000e-04,3.0669,,
8382,3.000e-04,3.0682,,
8383,3.000e-04,3.0941,,
8384,3.000e-04,3.0973,,
8385,3.000e-04,3.1373,,
8386,3.000e-04,3.0407,,
8387,3.000e-04,3.0734,,
8388,3.000e-04,3.0430,,
8389,3.000e-04,3.0901,,
8390,3.000e-04,3.0602,,
8391,3.000e-04,3.0808,,
8392,3.000e-04,3.0662,,
8393,3.000e-04,3.0812,,
8394,3.000e-04,3.0393,,
8395,3.000e-04,3.0259,,
8396,3.000e-04,3.0727,,
8397,3.000e-04,3.0795,,
8398,3.000e-04,3.0753,,
8399,3.000e-04,3.0884,,
8400,3.000e-04,3.0966,3.0593313455581663,
8401,3.000e-04,3.0477,,
8402,3.000e-04,3.0595,,
8403,3.000e-04,3.0761,,
8404,3.000e-04,3.0958,,
8405,3.000e-04,3.0332,,
8406,3.000e-04,3.1221,,
8407,3.000e-04,3.0804,,
8408,3.000e-04,3.0428,,
8409,3.000e-04,3.0893,,
8410,3.000e-04,3.0884,,
8411,3.000e-04,3.1210,,
8412,3.000e-04,3.0846,,
8413,3.000e-04,3.0822,,
8414,3.000e-04,3.0700,,
8415,3.000e-04,3.0730,,
8416,3.000e-04,3.0212,,
8417,3.000e-04,3.0669,,
8418,3.000e-04,3.0752,,
8419,3.000e-04,3.1103,,
8420,3.000e-04,3.0596,,
8421,3.000e-04,3.0640,,
8422,3.000e-04,3.0462,,
8423,3.000e-04,3.0596,,
8424,3.000e-04,3.0880,,
8425,3.000e-04,3.0626,,
8426,3.000e-04,3.0828,,
8427,3.000e-04,3.0865,,
8428,3.000e-04,3.1128,,
8429,3.000e-04,3.0893,,
8430,3.000e-04,3.0890,,
8431,3.000e-04,3.1162,,
8432,3.000e-04,3.0839,,
8433,3.000e-04,3.0741,,
8434,3.000e-04,3.0710,,
8435,3.000e-04,3.0771,,
8436,3.000e-04,3.0810,,
8437,3.000e-04,3.0607,,
8438,3.000e-04,3.1046,,
8439,3.000e-04,3.0667,,
8440,3.000e-04,3.0619,,
8441,3.000e-04,3.0700,,
8442,3.000e-04,3.0240,,
8443,3.000e-04,3.0409,,
8444,3.000e-04,3.0707,,
8445,3.000e-04,3.0979,,
8446,3.000e-04,3.0642,,
8447,3.000e-04,3.0921,,
8448,3.000e-04,3.0879,,
8449,3.000e-04,3.0595,,
8450,3.000e-04,3.0824,,
8451,3.000e-04,3.0762,,
8452,3.000e-04,3.0624,,
8453,3.000e-04,3.1010,,
8454,3.000e-04,3.0726,,
8455,3.000e-04,3.0642,,
8456,3.000e-04,3.0327,,
8457,3.000e-04,3.0860,,
8458,3.000e-04,3.0645,,
8459,3.000e-04,3.0627,,
8460,3.000e-04,3.1160,,
8461,3.000e-04,3.0340,,
8462,3.000e-04,3.0571,,
8463,3.000e-04,3.1029,,
8464,3.000e-04,3.0744,,
8465,3.000e-04,3.0831,,
8466,3.000e-04,3.0528,,
8467,3.000e-04,3.0680,,
8468,3.000e-04,3.0840,,
8469,3.000e-04,3.0553,,
8470,3.000e-04,3.0967,,
8471,3.000e-04,3.0648,,
8472,3.000e-04,3.1092,,
8473,3.000e-04,3.0509,,
8474,3.000e-04,3.0816,,
8475,3.000e-04,3.0546,,
8476,3.000e-04,3.0527,,
8477,3.000e-04,3.0599,,
8478,3.000e-04,3.0489,,
8479,3.000e-04,3.0676,,
8480,3.000e-04,3.0697,,
8481,3.000e-04,3.1090,,
8482,3.000e-04,3.0324,,
8483,3.000e-04,3.0882,,
8484,3.000e-04,3.0616,,
8485,3.000e-04,3.0408,,
8486,3.000e-04,3.0770,,
8487,3.000e-04,3.0901,,
8488,3.000e-04,3.0915,,
8489,3.000e-04,3.0964,,
8490,3.000e-04,3.0874,,
8491,3.000e-04,3.1165,,
8492,3.000e-04,3.0932,,
8493,3.000e-04,3.0614,,
8494,3.000e-04,3.0991,,
8495,3.000e-04,3.0283,,
8496,3.000e-04,3.0849,,
8497,3.000e-04,3.0719,,
8498,3.000e-04,3.1057,,
8499,3.000e-04,3.0618,,
8500,3.000e-04,3.1027,3.130375564098358,
8501,3.000e-04,3.0752,,
8502,3.000e-04,3.0695,,
8503,3.000e-04,3.0743,,
8504,3.000e-04,3.0808,,
8505,3.000e-04,3.0658,,
8506,3.000e-04,3.0699,,
8507,3.000e-04,3.0967,,
8508,3.000e-04,3.0978,,
8509,3.000e-04,3.0556,,
8510,3.000e-04,3.0792,,
8511,3.000e-04,3.0891,,
8512,3.000e-04,3.0863,,
8513,3.000e-04,3.0626,,
8514,3.000e-04,3.0625,,
8515,3.000e-04,3.0556,,
8516,3.000e-04,3.0672,,
8517,3.000e-04,3.1132,,
8518,3.000e-04,3.0208,,
8519,3.000e-04,3.0910,,
8520,3.000e-04,3.0934,,
8521,3.000e-04,3.0488,,
8522,3.000e-04,3.0864,,
8523,3.000e-04,3.0889,,
8524,3.000e-04,3.0994,,
8525,3.000e-04,3.0529,,
8526,3.000e-04,3.1106,,
8527,3.000e-04,3.0820,,
8528,3.000e-04,3.0458,,
8529,3.000e-04,3.0829,,
8530,3.000e-04,3.0700,,
8531,3.000e-04,3.1101,,
8532,3.000e-04,3.1009,,
8533,3.000e-04,3.0681,,
8534,3.000e-04,3.0527,,
8535,3.000e-04,3.0813,,
8536,3.000e-04,3.0435,,
8537,3.000e-04,3.0819,,
8538,3.000e-04,3.0647,,
8539,3.000e-04,3.1054,,
8540,3.000e-04,3.0344,,
8541,3.000e-04,3.1002,,
8542,3.000e-04,3.0892,,
8543,3.000e-04,3.0341,,
8544,3.000e-04,3.0840,,
8545,3.000e-04,3.0412,,
8546,3.000e-04,3.0795,,
8547,3.000e-04,3.0899,,
8548,3.000e-04,3.0745,,
8549,3.000e-04,3.0958,,
8550,3.000e-04,3.0642,,
8551,3.000e-04,3.0669,,
8552,3.000e-04,3.0566,,
8553,3.000e-04,3.0278,,
8554,3.000e-04,3.0904,,
8555,3.000e-04,3.0687,,
8556,3.000e-04,3.0798,,
8557,3.000e-04,3.0818,,
8558,3.000e-04,3.0691,,
8559,3.000e-04,3.0673,,
8560,3.000e-04,3.0785,,
8561,3.000e-04,3.0509,,
8562,3.000e-04,3.0635,,
8563,3.000e-04,3.0709,,
8564,3.000e-04,3.0553,,
8565,3.000e-04,3.0382,,
8566,3.000e-04,3.1146,,
8567,3.000e-04,3.0973,,
8568,3.000e-04,3.0829,,
8569,3.000e-04,3.0713,,
8570,3.000e-04,3.0835,,
8571,3.000e-04,3.0661,,
8572,3.000e-04,3.1029,,
8573,3.000e-04,3.0659,,
8574,3.000e-04,3.0649,,
8575,3.000e-04,3.0502,,
8576,3.000e-04,3.0393,,
8577,3.000e-04,3.0320,,
8578,3.000e-04,3.0613,,
8579,3.000e-04,3.1287,,
8580,3.000e-04,3.1049,,
8581,3.000e-04,3.0814,,
8582,3.000e-04,3.0947,,
8583,3.000e-04,3.1105,,
8584,3.000e-04,3.1068,,
8585,3.000e-04,3.0565,,
8586,3.000e-04,3.0921,,
8587,3.000e-04,3.0808,,
8588,3.000e-04,3.0773,,
8589,3.000e-04,3.0404,,
8590,3.000e-04,3.0872,,
8591,3.000e-04,3.0927,,
8592,3.000e-04,3.1004,,
8593,3.000e-04,3.0333,,
8594,3.000e-04,3.0819,,
8595,3.000e-04,3.0740,,
8596,3.000e-04,3.0978,,
8597,3.000e-04,3.0412,,
8598,3.000e-04,3.0547,,
8599,3.000e-04,3.0673,,
8600,3.000e-04,3.0556,3.0044345021247865,
8601,3.000e-04,3.0582,,
8602,3.000e-04,3.0391,,
8603,3.000e-04,3.0603,,
8604,3.000e-04,3.0348,,
8605,3.000e-04,3.0943,,
8606,3.000e-04,3.0693,,
8607,3.000e-04,3.0761,,
8608,3.000e-04,3.0960,,
8609,3.000e-04,3.0516,,
8610,3.000e-04,3.0489,,
8611,3.000e-04,3.0411,,
8612,3.000e-04,3.0848,,
8613,3.000e-04,3.0186,,
8614,3.000e-04,3.0766,,
8615,3.000e-04,3.0724,,
8616,3.000e-04,3.0509,,
8617,3.000e-04,3.0519,,
8618,3.000e-04,3.0323,,
8619,3.000e-04,3.0645,,
8620,3.000e-04,3.0924,,
8621,3.000e-04,3.0697,,
8622,3.000e-04,3.0775,,
8623,3.000e-04,3.0788,,
8624,3.000e-04,3.0845,,
8625,3.000e-04,3.0345,,
8626,3.000e-04,3.1159,,
8627,3.000e-04,3.0822,,
8628,3.000e-04,3.0903,,
8629,3.000e-04,3.0921,,
8630,3.000e-04,3.0735,,
8631,3.000e-04,3.0606,,
8632,3.000e-04,3.0746,,
8633,3.000e-04,3.0705,,
8634,3.000e-04,3.0296,,
8635,3.000e-04,3.0579,,
8636,3.000e-04,3.1013,,
8637,3.000e-04,3.0582,,
8638,3.000e-04,3.0955,,
8639,3.000e-04,3.0484,,
8640,3.000e-04,3.1220,,
8641,3.000e-04,3.0666,,
8642,3.000e-04,3.0526,,
8643,3.000e-04,3.0740,,
8644,3.000e-04,3.1125,,
8645,3.000e-04,3.0993,,
8646,3.000e-04,3.1041,,
8647,3.000e-04,3.0821,,
8648,3.000e-04,3.1187,,
8649,3.000e-04,3.0780,,
8650,3.000e-04,3.0964,,
8651,3.000e-04,3.0421,,
8652,3.000e-04,3.0739,,
8653,3.000e-04,3.1039,,
8654,3.000e-04,3.0554,,
8655,3.000e-04,3.0585,,
8656,3.000e-04,3.0675,,
8657,3.000e-04,3.0490,,
8658,3.000e-04,3.0861,,
8659,3.000e-04,3.0375,,
8660,3.000e-04,3.0633,,
8661,3.000e-04,3.0830,,
8662,3.000e-04,3.0485,,
8663,3.000e-04,3.0650,,
8664,3.000e-04,3.0830,,
8665,3.000e-04,3.0689,,
8666,3.000e-04,3.0547,,
8667,3.000e-04,3.0766,,
8668,3.000e-04,3.0729,,
8669,3.000e-04,3.1067,,
8670,3.000e-04,3.0327,,
8671,3.000e-04,3.0512,,
8672,3.000e-04,3.0984,,
8673,3.000e-04,3.0583,,
8674,3.000e-04,3.0943,,
8675,3.000e-04,3.0705,,
8676,3.000e-04,3.0897,,
8677,3.000e-04,3.1327,,
8678,3.000e-04,3.0667,,
8679,3.000e-04,3.0602,,
8680,3.000e-04,3.0307,,
8681,3.000e-04,3.0655,,
8682,3.000e-04,3.0737,,
8683,3.000e-04,3.0320,,
8684,3.000e-04,3.0605,,
8685,3.000e-04,3.0602,,
8686,3.000e-04,3.0474,,
8687,3.000e-04,3.0462,,
8688,3.000e-04,3.0419,,
8689,3.000e-04,3.0288,,
8690,3.000e-04,3.0605,,
8691,3.000e-04,3.0695,,
8692,3.000e-04,3.0855,,
8693,3.000e-04,3.0920,,
8694,3.000e-04,3.0313,,
8695,3.000e-04,3.1030,,
8696,3.000e-04,3.0642,,
8697,3.000e-04,3.0923,,
8698,3.000e-04,3.0672,,
8699,3.000e-04,3.0526,,
8700,3.000e-04,3.0731,3.1010671615600587,
8701,3.000e-04,3.0394,,
8702,3.000e-04,3.0594,,
8703,3.000e-04,3.0585,,
8704,3.000e-04,3.0571,,
8705,3.000e-04,3.0357,,
8706,3.000e-04,3.0838,,
8707,3.000e-04,3.0914,,
8708,3.000e-04,3.0912,,
8709,3.000e-04,3.0418,,
8710,3.000e-04,3.0565,,
8711,3.000e-04,3.0939,,
8712,3.000e-04,3.0747,,
8713,3.000e-04,3.0323,,
8714,3.000e-04,3.0691,,
8715,3.000e-04,3.0710,,
8716,3.000e-04,3.0958,,
8717,3.000e-04,3.0663,,
8718,3.000e-04,3.0574,,
8719,3.000e-04,3.0458,,
8720,3.000e-04,3.0013,,
8721,3.000e-04,3.0732,,
8722,3.000e-04,3.0186,,
8723,3.000e-04,3.1318,,
8724,3.000e-04,3.0778,,
8725,3.000e-04,3.0477,,
8726,3.000e-04,3.0449,,
8727,3.000e-04,3.0883,,
8728,3.000e-04,3.0544,,
8729,3.000e-04,3.0548,,
8730,3.000e-04,3.0880,,
8731,3.000e-04,3.0659,,
8732,3.000e-04,3.0262,,
8733,3.000e-04,3.0518,,
8734,3.000e-04,3.0895,,
8735,3.000e-04,3.0544,,
8736,3.000e-04,3.0435,,
8737,3.000e-04,3.1062,,
8738,3.000e-04,3.0292,,
8739,3.000e-04,3.0634,,
8740,3.000e-04,3.0694,,
8741,3.000e-04,3.1176,,
8742,3.000e-04,3.1057,,
8743,3.000e-04,3.0716,,
8744,3.000e-04,3.0657,,
8745,3.000e-04,3.0919,,
8746,3.000e-04,3.0797,,
8747,3.000e-04,3.0978,,
8748,3.000e-04,3.0136,,
8749,3.000e-04,3.1089,,
8750,3.000e-04,3.0798,,
8751,3.000e-04,3.0567,,
8752,3.000e-04,3.0166,,
8753,3.000e-04,3.0811,,
8754,3.000e-04,3.1037,,
8755,3.000e-04,3.1172,,
8756,3.000e-04,3.0853,,
8757,3.000e-04,3.0408,,
8758,3.000e-04,3.0656,,
8759,3.000e-04,3.0585,,
8760,3.000e-04,3.0657,,
8761,3.000e-04,3.0299,,
8762,3.000e-04,3.0657,,
8763,3.000e-04,3.0406,,
8764,3.000e-04,3.0523,,
8765,3.000e-04,3.0638,,
8766,3.000e-04,3.0580,,
8767,3.000e-04,3.0466,,
8768,3.000e-04,3.0287,,
8769,3.000e-04,3.1077,,
8770,3.000e-04,3.0640,,
8771,3.000e-04,3.0881,,
8772,3.000e-04,3.0588,,
8773,3.000e-04,3.1073,,
8774,3.000e-04,3.0643,,
8775,3.000e-04,3.0533,,
8776,3.000e-04,3.1139,,
8777,3.000e-04,3.0573,,
8778,3.000e-04,3.0482,,
8779,3.000e-04,3.0743,,
8780,3.000e-04,3.0781,,
8781,3.000e-04,3.0458,,
8782,3.000e-04,3.0835,,
8783,3.000e-04,3.0625,,
8784,3.000e-04,3.0035,,
8785,3.000e-04,3.0850,,
8786,3.000e-04,3.0480,,
8787,3.000e-04,3.0920,,
8788,3.000e-04,3.0970,,
8789,3.000e-04,3.0958,,
8790,3.000e-04,3.0276,,
8791,3.000e-04,3.0380,,
8792,3.000e-04,3.0919,,
8793,3.000e-04,3.0005,,
8794,3.000e-04,3.0934,,
8795,3.000e-04,3.0692,,
8796,3.000e-04,3.1103,,
8797,3.000e-04,3.1142,,
8798,3.000e-04,3.0846,,
8799,3.000e-04,3.0991,,
8800,3.000e-04,3.0444,3.019849193096161,
8801,3.000e-04,3.0672,,
8802,3.000e-04,3.0394,,
8803,3.000e-04,3.0844,,
8804,3.000e-04,3.0270,,
8805,3.000e-04,3.0426,,
8806,3.000e-04,3.0622,,
8807,3.000e-04,3.0906,,
8808,3.000e-04,3.0134,,
8809,3.000e-04,3.0568,,
8810,3.000e-04,3.0097,,
8811,3.000e-04,3.0738,,
8812,3.000e-04,3.0990,,
8813,3.000e-04,3.0190,,
8814,3.000e-04,3.0538,,
8815,3.000e-04,3.0677,,
8816,3.000e-04,3.0651,,
8817,3.000e-04,3.0763,,
8818,3.000e-04,3.0448,,
8819,3.000e-04,3.0392,,
8820,3.000e-04,3.0584,,
8821,3.000e-04,3.0454,,
8822,3.000e-04,3.0946,,
8823,3.000e-04,3.0963,,
8824,3.000e-04,3.0476,,
8825,3.000e-04,3.0615,,
8826,3.000e-04,3.0646,,
8827,3.000e-04,3.0390,,
8828,3.000e-04,3.0823,,
8829,3.000e-04,3.0384,,
8830,3.000e-04,3.0517,,
8831,3.000e-04,3.0211,,
8832,3.000e-04,3.0430,,
8833,3.000e-04,3.0603,,
8834,3.000e-04,3.0927,,
8835,3.000e-04,3.0581,,
8836,3.000e-04,3.0248,,
8837,3.000e-04,3.0821,,
8838,3.000e-04,3.0535,,
8839,3.000e-04,3.0720,,
8840,3.000e-04,3.0549,,
8841,3.000e-04,3.0921,,
8842,3.000e-04,3.0347,,
8843,3.000e-04,3.0804,,
8844,3.000e-04,3.0150,,
8845,3.000e-04,3.0657,,
8846,3.000e-04,3.0745,,
8847,3.000e-04,3.0400,,
8848,3.000e-04,3.1047,,
8849,3.000e-04,3.0975,,
8850,3.000e-04,3.0633,,
8851,3.000e-04,3.0796,,
8852,3.000e-04,3.0809,,
8853,3.000e-04,3.0876,,
8854,3.000e-04,3.0872,,
8855,3.000e-04,3.0747,,
8856,3.000e-04,3.0471,,
8857,3.000e-04,3.0995,,
8858,3.000e-04,3.0910,,
8859,3.000e-04,3.0415,,
8860,3.000e-04,3.0281,,
8861,3.000e-04,3.0594,,
8862,3.000e-04,3.0495,,
8863,3.000e-04,3.0606,,
8864,3.000e-04,3.0503,,
8865,3.000e-04,3.0662,,
8866,3.000e-04,3.0609,,
8867,3.000e-04,3.0766,,
8868,3.000e-04,3.0653,,
8869,3.000e-04,3.0747,,
8870,3.000e-04,3.0688,,
8871,3.000e-04,3.0226,,
8872,3.000e-04,3.0423,,
8873,3.000e-04,3.0491,,
8874,3.000e-04,3.0906,,
8875,3.000e-04,3.0758,,
8876,3.000e-04,3.1186,,
8877,3.000e-04,3.0799,,
8878,3.000e-04,3.0643,,
8879,3.000e-04,3.0691,,
8880,3.000e-04,3.0195,,
8881,3.000e-04,3.0816,,
8882,3.000e-04,3.0446,,
8883,3.000e-04,3.0801,,
8884,3.000e-04,3.0573,,
8885,3.000e-04,3.0373,,
8886,3.000e-04,2.9838,,
8887,3.000e-04,3.0466,,
8888,3.000e-04,3.0727,,
8889,3.000e-04,3.1024,,
8890,3.000e-04,3.0792,,
8891,3.000e-04,3.0956,,
8892,3.000e-04,3.0528,,
8893,3.000e-04,3.1090,,
8894,3.000e-04,3.0745,,
8895,3.000e-04,3.0904,,
8896,3.000e-04,3.0561,,
8897,3.000e-04,3.0929,,
8898,3.000e-04,3.0406,,
8899,3.000e-04,3.0521,,
8900,3.000e-04,3.0653,3.0054664731025698,
8901,3.000e-04,3.0029,,
8902,3.000e-04,3.0771,,
8903,3.000e-04,3.1046,,
8904,3.000e-04,3.0770,,
8905,3.000e-04,3.0675,,
8906,3.000e-04,3.0863,,
8907,3.000e-04,3.0648,,
8908,3.000e-04,3.0707,,
8909,3.000e-04,3.0519,,
8910,3.000e-04,3.0824,,
8911,3.000e-04,3.0884,,
8912,3.000e-04,3.0650,,
8913,3.000e-04,3.0566,,
8914,3.000e-04,3.0679,,
8915,3.000e-04,3.0370,,
8916,3.000e-04,3.1127,,
8917,3.000e-04,3.0900,,
8918,3.000e-04,3.0426,,
8919,3.000e-04,3.0768,,
8920,3.000e-04,3.0700,,
8921,3.000e-04,3.0728,,
8922,3.000e-04,3.0625,,
8923,3.000e-04,3.0536,,
8924,3.000e-04,3.0620,,
8925,3.000e-04,3.1345,,
8926,3.000e-04,3.0345,,
8927,3.000e-04,3.0865,,
8928,3.000e-04,3.0392,,
8929,3.000e-04,3.0315,,
8930,3.000e-04,3.1082,,
8931,3.000e-04,3.0258,,
8932,3.000e-04,3.0704,,
8933,3.000e-04,3.0404,,
8934,3.000e-04,3.0796,,
8935,3.000e-04,3.0989,,
8936,3.000e-04,3.0376,,
8937,3.000e-04,3.0525,,
8938,3.000e-04,3.0843,,
8939,3.000e-04,3.0378,,
8940,3.000e-04,3.0455,,
8941,3.000e-04,3.0429,,
8942,3.000e-04,3.0902,,
8943,3.000e-04,3.0295,,
8944,3.000e-04,3.0578,,
8945,3.000e-04,3.0557,,
8946,3.000e-04,3.0027,,
8947,3.000e-04,3.0679,,
8948,3.000e-04,3.0608,,
8949,3.000e-04,3.0515,,
8950,3.000e-04,3.0554,,
8951,3.000e-04,3.0526,,
8952,3.000e-04,3.0679,,
8953,3.000e-04,3.0581,,
8954,3.000e-04,3.1190,,
8955,3.000e-04,3.0111,,
8956,3.000e-04,3.0747,,
8957,3.000e-04,3.0501,,
8958,3.000e-04,3.0557,,
8959,3.000e-04,3.0692,,
8960,3.000e-04,3.0990,,
8961,3.000e-04,3.0820,,
8962,3.000e-04,3.0264,,
8963,3.000e-04,3.0890,,
8964,3.000e-04,3.0779,,
8965,3.000e-04,3.0777,,
8966,3.000e-04,3.0273,,
8967,3.000e-04,3.0461,,
8968,3.000e-04,3.0675,,
8969,3.000e-04,3.0294,,
8970,3.000e-04,2.9796,,
8971,3.000e-04,3.0721,,
8972,3.000e-04,3.0344,,
8973,3.000e-04,3.0284,,
8974,3.000e-04,3.0237,,
8975,3.000e-04,3.0719,,
8976,3.000e-04,3.0955,,
8977,3.000e-04,3.0453,,
8978,3.000e-04,3.0422,,
8979,3.000e-04,3.0601,,
8980,3.000e-04,3.0486,,
8981,3.000e-04,3.0694,,
8982,3.000e-04,3.0625,,
8983,3.000e-04,3.0529,,
8984,3.000e-04,3.0296,,
8985,3.000e-04,3.0303,,
8986,3.000e-04,3.1105,,
8987,3.000e-04,3.0775,,
8988,3.000e-04,3.0783,,
8989,3.000e-04,3.0685,,
8990,3.000e-04,3.0771,,
8991,3.000e-04,3.0509,,
8992,3.000e-04,3.0069,,
8993,3.000e-04,3.0974,,
8994,3.000e-04,3.1033,,
8995,3.000e-04,3.0096,,
8996,3.000e-04,3.0591,,
8997,3.000e-04,3.0877,,
8998,3.000e-04,3.0080,,
8999,3.000e-04,3.0485,,
9000,3.000e-04,3.0428,2.993889129161835,
9001,3.000e-04,3.0506,,
9002,3.000e-04,3.0472,,
9003,3.000e-04,3.1027,,
9004,3.000e-04,3.0922,,
9005,3.000e-04,3.0711,,
9006,3.000e-04,3.0581,,
9007,3.000e-04,3.0391,,
9008,3.000e-04,3.0764,,
9009,3.000e-04,3.0634,,
9010,3.000e-04,3.0634,,
9011,3.000e-04,3.0625,,
9012,3.000e-04,3.0498,,
9013,3.000e-04,3.0859,,
9014,3.000e-04,3.0405,,
9015,3.000e-04,3.0413,,
9016,3.000e-04,3.0145,,
9017,3.000e-04,3.0423,,
9018,3.000e-04,3.0481,,
9019,3.000e-04,3.0886,,
9020,3.000e-04,3.0726,,
9021,3.000e-04,3.0402,,
9022,3.000e-04,3.0471,,
9023,3.000e-04,3.0324,,
9024,3.000e-04,3.0118,,
9025,3.000e-04,3.0564,,
9026,3.000e-04,3.0780,,
9027,3.000e-04,3.0677,,
9028,3.000e-04,3.0908,,
9029,3.000e-04,3.0572,,
9030,3.000e-04,3.1033,,
9031,3.000e-04,3.1020,,
9032,3.000e-04,3.0533,,
9033,3.000e-04,3.0519,,
9034,3.000e-04,3.1022,,
9035,3.000e-04,3.0167,,
9036,3.000e-04,3.0634,,
9037,3.000e-04,3.0595,,
9038,3.000e-04,3.0685,,
9039,3.000e-04,3.0902,,
9040,3.000e-04,3.0660,,
9041,3.000e-04,3.0690,,
9042,3.000e-04,3.0513,,
9043,3.000e-04,3.0586,,
9044,3.000e-04,3.0641,,
9045,3.000e-04,3.0400,,
9046,3.000e-04,3.1013,,
9047,3.000e-04,3.0495,,
9048,3.000e-04,3.0747,,
9049,3.000e-04,3.0444,,
9050,3.000e-04,3.0566,,
9051,3.000e-04,3.0426,,
9052,3.000e-04,3.0585,,
9053,3.000e-04,3.0406,,
9054,3.000e-04,3.0398,,
9055,3.000e-04,3.0182,,
9056,3.000e-04,3.0597,,
9057,3.000e-04,3.0357,,
9058,3.000e-04,3.0634,,
9059,3.000e-04,3.0753,,
9060,3.000e-04,3.0554,,
9061,3.000e-04,3.1081,,
9062,3.000e-04,3.0160,,
9063,3.000e-04,3.0456,,
9064,3.000e-04,3.0687,,
9065,3.000e-04,3.0386,,
9066,3.000e-04,3.0875,,
9067,3.000e-04,3.0764,,
9068,3.000e-04,3.0500,,
9069,3.000e-04,3.0512,,
9070,3.000e-04,3.0587,,
9071,3.000e-04,3.0955,,
9072,3.000e-04,3.0321,,
9073,3.000e-04,3.0794,,
9074,3.000e-04,3.0765,,
9075,3.000e-04,3.0484,,
9076,3.000e-04,3.0567,,
9077,3.000e-04,3.0493,,
9078,3.000e-04,3.0208,,
9079,3.000e-04,3.0361,,
9080,3.000e-04,3.0378,,
9081,3.000e-04,3.0686,,
9082,3.000e-04,3.0196,,
9083,3.000e-04,3.0431,,
9084,3.000e-04,3.0742,,
9085,3.000e-04,3.0509,,
9086,3.000e-04,3.0732,,
9087,3.000e-04,3.0315,,
9088,3.000e-04,3.0626,,
9089,3.000e-04,3.0463,,
9090,3.000e-04,3.0791,,
9091,3.000e-04,3.0437,,
9092,3.000e-04,3.0432,,
9093,3.000e-04,3.0140,,
9094,3.000e-04,3.1006,,
9095,3.000e-04,3.0532,,
9096,3.000e-04,3.0602,,
9097,3.000e-04,3.1273,,
9098,3.000e-04,3.0513,,
9099,3.000e-04,3.0543,,
9100,3.000e-04,3.0314,2.9915392100811005,
9101,3.000e-04,3.0689,,
9102,3.000e-04,2.9919,,
9103,3.000e-04,3.0479,,
9104,3.000e-04,3.0412,,
9105,3.000e-04,3.0477,,
9106,3.000e-04,3.0660,,
9107,3.000e-04,3.0851,,
9108,3.000e-04,3.0469,,
9109,3.000e-04,3.0520,,
9110,3.000e-04,3.0239,,
9111,3.000e-04,3.0903,,
9112,3.000e-04,3.0738,,
9113,3.000e-04,3.0375,,
9114,3.000e-04,3.0459,,
9115,3.000e-04,3.1154,,
9116,3.000e-04,3.0458,,
9117,3.000e-04,3.0806,,
9118,3.000e-04,3.0588,,
9119,3.000e-04,3.0701,,
9120,3.000e-04,3.0402,,
9121,3.000e-04,3.0615,,
9122,3.000e-04,3.0592,,
9123,3.000e-04,3.1046,,
9124,3.000e-04,3.1084,,
9125,3.000e-04,3.0742,,
9126,3.000e-04,3.0969,,
9127,3.000e-04,3.0859,,
9128,3.000e-04,3.0341,,
9129,3.000e-04,3.0518,,
9130,3.000e-04,3.0978,,
9131,3.000e-04,3.0642,,
9132,3.000e-04,3.0780,,
9133,3.000e-04,3.0427,,
9134,3.000e-04,3.0921,,
9135,3.000e-04,3.0545,,
9136,3.000e-04,3.0784,,
9137,3.000e-04,3.0103,,
9138,3.000e-04,3.0794,,
9139,3.000e-04,3.0247,,
9140,3.000e-04,3.0536,,
9141,3.000e-04,3.0451,,
9142,3.000e-04,3.0474,,
9143,3.000e-04,3.0670,,
9144,3.000e-04,3.0670,,
9145,3.000e-04,3.0505,,
9146,3.000e-04,3.0772,,
9147,3.000e-04,2.9913,,
9148,3.000e-04,3.0191,,
9149,3.000e-04,3.0277,,
9150,3.000e-04,3.0497,,
9151,3.000e-04,3.0808,,
9152,3.000e-04,3.0365,,
9153,3.000e-04,3.0434,,
9154,3.000e-04,3.0672,,
9155,3.000e-04,3.0116,,
9156,3.000e-04,3.0737,,
9157,3.000e-04,3.0655,,
9158,3.000e-04,3.0453,,
9159,3.000e-04,3.0164,,
9160,3.000e-04,3.0157,,
9161,3.000e-04,3.0538,,
9162,3.000e-04,3.0698,,
9163,3.000e-04,3.0234,,
9164,3.000e-04,3.0414,,
9165,3.000e-04,3.0699,,
9166,3.000e-04,3.0124,,
9167,3.000e-04,3.0848,,
9168,3.000e-04,3.0653,,
9169,3.000e-04,3.0429,,
9170,3.000e-04,3.0438,,
9171,3.000e-04,3.0248,,
9172,3.000e-04,3.0526,,
9173,3.000e-04,3.0299,,
9174,3.000e-04,3.0568,,
9175,3.000e-04,3.0754,,
9176,3.000e-04,3.0661,,
9177,3.000e-04,3.0537,,
9178,3.000e-04,3.0513,,
9179,3.000e-04,3.0323,,
9180,3.000e-04,3.1057,,
9181,3.000e-04,3.0791,,
9182,3.000e-04,3.0938,,
9183,3.000e-04,3.0865,,
9184,3.000e-04,3.0560,,
9185,3.000e-04,3.0420,,
9186,3.000e-04,3.0948,,
9187,3.000e-04,3.0302,,
9188,3.000e-04,3.0662,,
9189,3.000e-04,3.0949,,
9190,3.000e-04,3.0605,,
9191,3.000e-04,3.0666,,
9192,3.000e-04,3.0509,,
9193,3.000e-04,3.0613,,
9194,3.000e-04,3.0280,,
9195,3.000e-04,3.0521,,
9196,3.000e-04,3.0052,,
9197,3.000e-04,3.0706,,
9198,3.000e-04,3.0821,,
9199,3.000e-04,3.0437,,
9200,3.000e-04,3.0337,3.0814438700675963,
9201,3.000e-04,3.1007,,
9202,3.000e-04,3.0667,,
9203,3.000e-04,3.0821,,
9204,3.000e-04,3.0307,,
9205,3.000e-04,3.0482,,
9206,3.000e-04,3.0870,,
9207,3.000e-04,3.0471,,
9208,3.000e-04,3.0807,,
9209,3.000e-04,3.0374,,
9210,3.000e-04,3.0671,,
9211,3.000e-04,3.0710,,
9212,3.000e-04,3.0231,,
9213,3.000e-04,3.0390,,
9214,3.000e-04,3.0474,,
9215,3.000e-04,3.0015,,
9216,3.000e-04,3.0657,,
9217,3.000e-04,3.0425,,
9218,3.000e-04,3.0668,,
9219,3.000e-04,3.0050,,
9220,3.000e-04,3.0466,,
9221,3.000e-04,3.0353,,
9222,3.000e-04,3.0518,,
9223,3.000e-04,3.0636,,
9224,3.000e-04,3.0085,,
9225,3.000e-04,3.0654,,
9226,3.000e-04,3.0115,,
9227,3.000e-04,3.0497,,
9228,3.000e-04,3.0462,,
9229,3.000e-04,3.0925,,
9230,3.000e-04,3.0490,,
9231,3.000e-04,3.0390,,
9232,3.000e-04,3.0534,,
9233,3.000e-04,3.0359,,
9234,3.000e-04,3.0432,,
9235,3.000e-04,3.0640,,
9236,3.000e-04,3.0810,,
9237,3.000e-04,3.0388,,
9238,3.000e-04,3.0491,,
9239,3.000e-04,3.0541,,
9240,3.000e-04,3.0709,,
9241,3.000e-04,3.0552,,
9242,3.000e-04,3.0373,,
9243,3.000e-04,3.0755,,
9244,3.000e-04,3.0230,,
9245,3.000e-04,3.0422,,
9246,3.000e-04,3.0624,,
9247,3.000e-04,3.0470,,
9248,3.000e-04,3.0682,,
9249,3.000e-04,3.0207,,
9250,3.000e-04,3.0253,,
9251,3.000e-04,3.0642,,
9252,3.000e-04,3.0316,,
9253,3.000e-04,3.0838,,
9254,3.000e-04,3.0335,,
9255,3.000e-04,3.0058,,
9256,3.000e-04,3.0605,,
9257,3.000e-04,3.0567,,
9258,3.000e-04,3.0601,,
9259,3.000e-04,3.0601,,
9260,3.000e-04,3.0270,,
9261,3.000e-04,3.0597,,
9262,3.000e-04,3.0768,,
9263,3.000e-04,3.0529,,
9264,3.000e-04,3.0633,,
9265,3.000e-04,3.0407,,
9266,3.000e-04,3.0702,,
9267,3.000e-04,3.0768,,
9268,3.000e-04,3.0642,,
9269,3.000e-04,3.0748,,
9270,3.000e-04,3.0684,,
9271,3.000e-04,3.0386,,
9272,3.000e-04,3.0646,,
9273,3.000e-04,3.0319,,
9274,3.000e-04,3.0392,,
9275,3.000e-04,3.0894,,
9276,3.000e-04,3.0982,,
9277,3.000e-04,3.0684,,
9278,3.000e-04,3.0666,,
9279,3.000e-04,3.0780,,
9280,3.000e-04,3.0488,,
9281,3.000e-04,3.0390,,
9282,3.000e-04,3.0665,,
9283,3.000e-04,3.0551,,
9284,3.000e-04,3.0443,,
9285,3.000e-04,3.0511,,
9286,3.000e-04,3.0558,,
9287,3.000e-04,3.0762,,
9288,3.000e-04,3.0570,,
9289,3.000e-04,3.0492,,
9290,3.000e-04,3.0349,,
9291,3.000e-04,3.0703,,
9292,3.000e-04,3.0215,,
9293,3.000e-04,3.0822,,
9294,3.000e-04,3.0297,,
9295,3.000e-04,2.9995,,
9296,3.000e-04,3.0492,,
9297,3.000e-04,3.0375,,
9298,3.000e-04,3.0529,,
9299,3.000e-04,3.0579,,
9300,3.000e-04,3.0172,3.0291489601135253,
9301,3.000e-04,3.0401,,
9302,3.000e-04,3.0525,,
9303,3.000e-04,3.0400,,
9304,3.000e-04,3.0748,,
9305,3.000e-04,3.0557,,
9306,3.000e-04,3.0586,,
9307,3.000e-04,3.0627,,
9308,3.000e-04,3.0156,,
9309,3.000e-04,3.0183,,
9310,3.000e-04,3.0615,,
9311,3.000e-04,3.0684,,
9312,3.000e-04,3.0609,,
9313,3.000e-04,3.0744,,
9314,3.000e-04,3.0988,,
9315,3.000e-04,3.0544,,
9316,3.000e-04,3.0758,,
9317,3.000e-04,3.0379,,
9318,3.000e-04,3.0429,,
9319,3.000e-04,3.0433,,
9320,3.000e-04,3.0481,,
9321,3.000e-04,3.0532,,
9322,3.000e-04,3.0142,,
9323,3.000e-04,3.1055,,
9324,3.000e-04,3.0458,,
9325,3.000e-04,3.0584,,
9326,3.000e-04,3.0688,,
9327,3.000e-04,3.0517,,
9328,3.000e-04,3.0415,,
9329,3.000e-04,3.0489,,
9330,3.000e-04,3.0534,,
9331,3.000e-04,3.0304,,
9332,3.000e-04,3.0427,,
9333,3.000e-04,3.0529,,
9334,3.000e-04,3.0079,,
9335,3.000e-04,3.0339,,
9336,3.000e-04,3.0464,,
9337,3.000e-04,3.0412,,
9338,3.000e-04,3.0371,,
9339,3.000e-04,3.0659,,
9340,3.000e-04,3.0617,,
9341,3.000e-04,3.0639,,
9342,3.000e-04,3.0688,,
9343,3.000e-04,3.0762,,
9344,3.000e-04,3.0696,,
9345,3.000e-04,3.0203,,
9346,3.000e-04,3.0400,,
9347,3.000e-04,3.0542,,
9348,3.000e-04,3.1073,,
9349,3.000e-04,3.0387,,
9350,3.000e-04,3.0374,,
9351,3.000e-04,3.0503,,
9352,3.000e-04,3.0868,,
9353,3.000e-04,3.0335,,
9354,3.000e-04,3.0466,,
9355,3.000e-04,3.0477,,
9356,3.000e-04,3.0980,,
9357,3.000e-04,3.0045,,
9358,3.000e-04,3.0769,,
9359,3.000e-04,3.0799,,
9360,3.000e-04,3.0273,,
9361,3.000e-04,3.0341,,
9362,3.000e-04,3.0609,,
9363,3.000e-04,3.0283,,
9364,3.000e-04,3.0633,,
9365,3.000e-04,3.0863,,
9366,3.000e-04,3.0738,,
9367,3.000e-04,3.0620,,
9368,3.000e-04,3.0465,,
9369,3.000e-04,3.0275,,
9370,3.000e-04,3.0165,,
9371,3.000e-04,3.0466,,
9372,3.000e-04,3.0230,,
9373,3.000e-04,2.9999,,
9374,3.000e-04,3.0306,,
9375,3.000e-04,2.9629,,
9376,3.000e-04,3.0636,,
9377,3.000e-04,3.0706,,
9378,3.000e-04,3.0798,,
9379,3.000e-04,3.0608,,
9380,3.000e-04,3.0404,,
9381,3.000e-04,3.0588,,
9382,3.000e-04,3.0348,,
9383,3.000e-04,3.0403,,
9384,3.000e-04,3.0707,,
9385,3.000e-04,3.0362,,
9386,3.000e-04,3.0300,,
9387,3.000e-04,3.0549,,
9388,3.000e-04,3.0791,,
9389,3.000e-04,3.0492,,
9390,3.000e-04,3.0290,,
9391,3.000e-04,3.0567,,
9392,3.000e-04,3.0338,,
9393,3.000e-04,3.0849,,
9394,3.000e-04,3.0334,,
9395,3.000e-04,3.0826,,
9396,3.000e-04,3.0405,,
9397,3.000e-04,3.0186,,
9398,3.000e-04,3.0751,,
9399,3.000e-04,3.0762,,
9400,3.000e-04,3.0120,2.9683120608329774,
9401,3.000e-04,3.0233,,
9402,3.000e-04,3.0643,,
9403,3.000e-04,3.0256,,
9404,3.000e-04,3.0180,,
9405,3.000e-04,3.0590,,
9406,3.000e-04,3.0498,,
9407,3.000e-04,3.0416,,
9408,3.000e-04,3.0650,,
9409,3.000e-04,3.0587,,
9410,3.000e-04,3.0456,,
9411,3.000e-04,3.0695,,
9412,3.000e-04,3.0737,,
9413,3.000e-04,3.0128,,
9414,3.000e-04,3.0384,,
9415,3.000e-04,3.0636,,
9416,3.000e-04,3.0281,,
9417,3.000e-04,3.1011,,
9418,3.000e-04,3.0165,,
9419,3.000e-04,3.0715,,
9420,3.000e-04,3.0066,,
9421,3.000e-04,3.0414,,
9422,3.000e-04,3.0820,,
9423,3.000e-04,3.0388,,
9424,3.000e-04,3.0291,,
9425,3.000e-04,3.0786,,
9426,3.000e-04,3.0349,,
9427,3.000e-04,3.0528,,
9428,3.000e-04,3.0384,,
9429,3.000e-04,3.0285,,
9430,3.000e-04,3.1105,,
9431,3.000e-04,3.0562,,
9432,3.000e-04,3.0420,,
9433,3.000e-04,3.0542,,
9434,3.000e-04,3.0524,,
9435,3.000e-04,3.0327,,
9436,3.000e-04,3.0307,,
9437,3.000e-04,3.0539,,
9438,3.000e-04,3.0330,,
9439,3.000e-04,3.0313,,
9440,3.000e-04,2.9905,,
9441,3.000e-04,3.0735,,
9442,3.000e-04,3.0444,,
9443,3.000e-04,3.0418,,
9444,3.000e-04,3.0843,,
9445,3.000e-04,3.0547,,
9446,3.000e-04,3.0378,,
9447,3.000e-04,3.0592,,
9448,3.000e-04,3.0379,,
9449,3.000e-04,3.0332,,
9450,3.000e-04,3.0467,,
9451,3.000e-04,3.0429,,
9452,3.000e-04,3.0423,,
9453,3.000e-04,3.0418,,
9454,3.000e-04,3.0391,,
9455,3.000e-04,3.0071,,
9456,3.000e-04,3.0490,,
9457,3.000e-04,3.0119,,
9458,3.000e-04,3.0020,,
9459,3.000e-04,3.0604,,
9460,3.000e-04,3.0551,,
9461,3.000e-04,3.0580,,
9462,3.000e-04,3.0442,,
9463,3.000e-04,3.0412,,
9464,3.000e-04,3.0392,,
9465,3.000e-04,3.0769,,
9466,3.000e-04,3.0552,,
9467,3.000e-04,3.0537,,
9468,3.000e-04,3.0512,,
9469,3.000e-04,3.0487,,
9470,3.000e-04,3.0531,,
9471,3.000e-04,3.0273,,
9472,3.000e-04,3.0406,,
9473,3.000e-04,3.0643,,
9474,3.000e-04,3.0209,,
9475,3.000e-04,3.1008,,
9476,3.000e-04,3.0487,,
9477,3.000e-04,3.0349,,
9478,3.000e-04,3.0488,,
9479,3.000e-04,3.0761,,
9480,3.000e-04,2.9974,,
9481,3.000e-04,3.0237,,
9482,3.000e-04,3.0515,,
9483,3.000e-04,3.0405,,
9484,3.000e-04,3.0914,,
9485,3.000e-04,3.1295,,
9486,3.000e-04,3.0065,,
9487,3.000e-04,3.0382,,
9488,3.000e-04,3.0427,,
9489,3.000e-04,3.0861,,
9490,3.000e-04,3.0491,,
9491,3.000e-04,3.0672,,
9492,3.000e-04,3.0391,,
9493,3.000e-04,3.0462,,
9494,3.000e-04,3.0617,,
9495,3.000e-04,3.0451,,
9496,3.000e-04,3.1021,,
9497,3.000e-04,3.0565,,
9498,3.000e-04,3.0158,,
9499,3.000e-04,3.0643,,
9500,3.000e-04,3.0317,3.041538494825363,
9501,3.000e-04,3.0376,,
9502,3.000e-04,3.0454,,
9503,3.000e-04,3.0951,,
9504,3.000e-04,3.0738,,
9505,3.000e-04,3.0571,,
9506,3.000e-04,3.0109,,
9507,3.000e-04,3.0799,,
9508,3.000e-04,3.0455,,
9509,3.000e-04,3.0708,,
9510,3.000e-04,3.0590,,
9511,3.000e-04,3.0273,,
9512,3.000e-04,3.0399,,
9513,3.000e-04,3.0590,,
9514,3.000e-04,3.0395,,
9515,3.000e-04,3.0437,,
9516,3.000e-04,3.0852,,
9517,3.000e-04,3.0742,,
9518,3.000e-04,3.0658,,
9519,3.000e-04,3.0274,,
9520,3.000e-04,3.0119,,
9521,3.000e-04,3.0377,,
9522,3.000e-04,3.0728,,
9523,3.000e-04,3.0825,,
9524,3.000e-04,3.0840,,
9525,3.000e-04,3.0169,,
9526,3.000e-04,3.0167,,
9527,3.000e-04,3.0184,,
9528,3.000e-04,3.0801,,
9529,3.000e-04,3.0578,,
9530,3.000e-04,3.0456,,
9531,3.000e-04,3.0335,,
9532,3.000e-04,3.0213,,
9533,3.000e-04,2.9841,,
9534,3.000e-04,3.0141,,
9535,3.000e-04,3.0299,,
9536,3.000e-04,3.0200,,
9537,3.000e-04,3.0372,,
9538,3.000e-04,3.0261,,
9539,3.000e-04,3.0222,,
9540,3.000e-04,3.0225,,
9541,3.000e-04,3.0499,,
9542,3.000e-04,3.0523,,
9543,3.000e-04,3.0529,,
9544,3.000e-04,3.0698,,
9545,3.000e-04,3.0684,,
9546,3.000e-04,3.0593,,
9547,3.000e-04,3.0292,,
9548,3.000e-04,2.9928,,
9549,3.000e-04,3.0316,,
9550,3.000e-04,3.0338,,
9551,3.000e-04,3.0297,,
9552,3.000e-04,3.0194,,
9553,3.000e-04,3.0192,,
9554,3.000e-04,3.0324,,
9555,3.000e-04,3.0525,,
9556,3.000e-04,3.0539,,
9557,3.000e-04,3.0091,,
9558,3.000e-04,3.0420,,
9559,3.000e-04,3.0718,,
9560,3.000e-04,3.0405,,
9561,3.000e-04,3.0929,,
9562,3.000e-04,3.0313,,
9563,3.000e-04,3.0271,,
9564,3.000e-04,3.0770,,
9565,3.000e-04,3.1019,,
9566,3.000e-04,3.0313,,
9567,3.000e-04,3.0916,,
9568,3.000e-04,3.0673,,
9569,3.000e-04,3.0220,,
9570,3.000e-04,3.0053,,
9571,3.000e-04,3.0310,,
9572,3.000e-04,3.0666,,
9573,3.000e-04,3.0459,,
9574,3.000e-04,3.0716,,
9575,3.000e-04,3.0698,,
9576,3.000e-04,3.0579,,
9577,3.000e-04,3.0256,,
9578,3.000e-04,3.0461,,
9579,3.000e-04,3.0873,,
9580,3.000e-04,3.0806,,
9581,3.000e-04,2.9993,,
9582,3.000e-04,3.0469,,
9583,3.000e-04,3.0370,,
9584,3.000e-04,3.0213,,
9585,3.000e-04,3.0535,,
9586,3.000e-04,3.0493,,
9587,3.000e-04,3.0550,,
9588,3.000e-04,3.0825,,
9589,3.000e-04,3.0480,,
9590,3.000e-04,3.0640,,
9591,3.000e-04,3.0532,,
9592,3.000e-04,3.0758,,
9593,3.000e-04,3.0432,,
9594,3.000e-04,3.0242,,
9595,3.000e-04,3.0320,,
9596,3.000e-04,3.0497,,
9597,3.000e-04,3.0510,,
9598,3.000e-04,3.0347,,
9599,3.000e-04,3.0243,,
9600,3.000e-04,3.0247,3.050152051448822,
9601,3.000e-04,3.0532,,
9602,3.000e-04,3.0768,,
9603,3.000e-04,3.0488,,
9604,3.000e-04,3.0492,,
9605,3.000e-04,3.0326,,
9606,3.000e-04,2.9682,,
9607,3.000e-04,3.0455,,
9608,3.000e-04,3.0131,,
9609,3.000e-04,3.0396,,
9610,3.000e-04,3.0184,,
9611,3.000e-04,3.0648,,
9612,3.000e-04,3.0579,,
9613,3.000e-04,3.0437,,
9614,3.000e-04,3.0729,,
9615,3.000e-04,3.0219,,
9616,3.000e-04,3.0522,,
9617,3.000e-04,3.0318,,
9618,3.000e-04,3.0135,,
9619,3.000e-04,3.0416,,
9620,3.000e-04,3.0332,,
9621,3.000e-04,3.0802,,
9622,3.000e-04,3.0363,,
9623,3.000e-04,3.0475,,
9624,3.000e-04,3.0020,,
9625,3.000e-04,3.0583,,
9626,3.000e-04,3.0107,,
9627,3.000e-04,3.0297,,
9628,3.000e-04,3.0520,,
9629,3.000e-04,3.0069,,
9630,3.000e-04,3.0219,,
9631,3.000e-04,3.0502,,
9632,3.000e-04,3.0830,,
9633,3.000e-04,3.0548,,
9634,3.000e-04,3.0760,,
9635,3.000e-04,3.0782,,
9636,3.000e-04,3.0630,,
9637,3.000e-04,3.0567,,
9638,3.000e-04,3.0502,,
9639,3.000e-04,3.0479,,
9640,3.000e-04,3.0142,,
9641,3.000e-04,3.0575,,
9642,3.000e-04,3.0190,,
9643,3.000e-04,3.0711,,
9644,3.000e-04,3.0284,,
9645,3.000e-04,3.0840,,
9646,3.000e-04,3.0164,,
9647,3.000e-04,3.0388,,
9648,3.000e-04,3.0821,,
9649,3.000e-04,3.0148,,
9650,3.000e-04,3.0389,,
9651,3.000e-04,3.0864,,
9652,3.000e-04,3.0381,,
9653,3.000e-04,3.0479,,
9654,3.000e-04,3.0264,,
9655,3.000e-04,3.0913,,
9656,3.000e-04,3.0491,,
9657,3.000e-04,3.0443,,
9658,3.000e-04,3.0392,,
9659,3.000e-04,3.0574,,
9660,3.000e-04,3.0720,,
9661,3.000e-04,3.0124,,
9662,3.000e-04,3.0558,,
9663,3.000e-04,3.0959,,
9664,3.000e-04,3.0242,,
9665,3.000e-04,3.0186,,
9666,3.000e-04,3.0302,,
9667,3.000e-04,3.0684,,
9668,3.000e-04,3.0109,,
9669,3.000e-04,3.0043,,
9670,3.000e-04,3.0206,,
9671,3.000e-04,3.0450,,
9672,3.000e-04,3.0424,,
9673,3.000e-04,3.0342,,
9674,3.000e-04,3.0404,,
9675,3.000e-04,3.0656,,
9676,3.000e-04,3.0523,,
9677,3.000e-04,3.0181,,
9678,3.000e-04,3.0510,,
9679,3.000e-04,3.0415,,
9680,3.000e-04,3.0689,,
9681,3.000e-04,3.0681,,
9682,3.000e-04,3.0456,,
9683,3.000e-04,3.0421,,
9684,3.000e-04,3.0670,,
9685,3.000e-04,3.0225,,
9686,3.000e-04,3.0581,,
9687,3.000e-04,3.0323,,
9688,3.000e-04,3.0412,,
9689,3.000e-04,3.0348,,
9690,3.000e-04,3.0223,,
9691,3.000e-04,3.0721,,
9692,3.000e-04,3.0489,,
9693,3.000e-04,3.0721,,
9694,3.000e-04,3.0156,,
9695,3.000e-04,3.0590,,
9696,3.000e-04,3.0627,,
9697,3.000e-04,3.0615,,
9698,3.000e-04,3.0357,,
9699,3.000e-04,3.0243,,
9700,3.000e-04,3.0253,3.0022125363349916,
9701,3.000e-04,3.0593,,
9702,3.000e-04,3.0550,,
9703,3.000e-04,3.0456,,
9704,3.000e-04,3.0569,,
9705,3.000e-04,3.0720,,
9706,3.000e-04,3.0356,,
9707,3.000e-04,3.0104,,
9708,3.000e-04,3.0487,,
9709,3.000e-04,3.0321,,
9710,3.000e-04,3.0537,,
9711,3.000e-04,3.0283,,
9712,3.000e-04,3.0228,,
9713,3.000e-04,3.0196,,
9714,3.000e-04,3.0469,,
9715,3.000e-04,3.0303,,
9716,3.000e-04,3.0163,,
9717,3.000e-04,3.0425,,
9718,3.000e-04,3.0457,,
9719,3.000e-04,3.0451,,
9720,3.000e-04,2.9895,,
9721,3.000e-04,3.0512,,
9722,3.000e-04,3.0741,,
9723,3.000e-04,3.0514,,
9724,3.000e-04,2.9996,,
9725,3.000e-04,3.0256,,
9726,3.000e-04,3.0080,,
9727,3.000e-04,3.0365,,
9728,3.000e-04,3.0574,,
9729,3.000e-04,2.9909,,
9730,3.000e-04,3.0462,,
9731,3.000e-04,3.0736,,
9732,3.000e-04,3.0393,,
9733,3.000e-04,3.0268,,
9734,3.000e-04,3.0463,,
9735,3.000e-04,3.0543,,
9736,3.000e-04,3.0175,,
9737,3.000e-04,3.0225,,
9738,3.000e-04,3.0149,,
9739,3.000e-04,3.0013,,
9740,3.000e-04,3.0132,,
9741,3.000e-04,3.0352,,
9742,3.000e-04,3.0471,,
9743,3.000e-04,3.0194,,
9744,3.000e-04,3.0423,,
9745,3.000e-04,3.0314,,
9746,3.000e-04,3.0497,,
9747,3.000e-04,3.0006,,
9748,3.000e-04,3.0262,,
9749,3.000e-04,3.0764,,
9750,3.000e-04,3.0211,,
9751,3.000e-04,3.0840,,
9752,3.000e-04,3.0496,,
9753,3.000e-04,3.0532,,
9754,3.000e-04,3.0400,,
9755,3.000e-04,3.0362,,
9756,3.000e-04,3.0945,,
9757,3.000e-04,3.0526,,
9758,3.000e-04,3.0411,,
9759,3.000e-04,3.0382,,
9760,3.000e-04,3.0591,,
9761,3.000e-04,3.0129,,
9762,3.000e-04,3.0266,,
9763,3.000e-04,3.0595,,
9764,3.000e-04,3.0360,,
9765,3.000e-04,3.0624,,
9766,3.000e-04,3.0385,,
9767,3.000e-04,3.0425,,
9768,3.000e-04,3.0415,,
9769,3.000e-04,3.0560,,
9770,3.000e-04,3.0078,,
9771,3.000e-04,3.0309,,
9772,3.000e-04,3.0626,,
9773,3.000e-04,2.9993,,
9774,3.000e-04,3.0110,,
9775,3.000e-04,3.0570,,
9776,3.000e-04,3.0112,,
9777,3.000e-04,3.0497,,
9778,3.000e-04,3.1039,,
9779,3.000e-04,3.0349,,
9780,3.000e-04,3.0430,,
9781,3.000e-04,3.0371,,
9782,3.000e-04,3.0309,,
9783,3.000e-04,3.0353,,
9784,3.000e-04,3.0180,,
9785,3.000e-04,3.0791,,
9786,3.000e-04,3.0168,,
9787,3.000e-04,2.9995,,
9788,3.000e-04,3.0565,,
9789,3.000e-04,3.0377,,
9790,3.000e-04,3.0517,,
9791,3.000e-04,3.0373,,
9792,3.000e-04,3.0650,,
9793,3.000e-04,3.0410,,
9794,3.000e-04,3.0277,,
9795,3.000e-04,3.0422,,
9796,3.000e-04,3.0760,,
9797,3.000e-04,3.0184,,
9798,3.000e-04,3.0287,,
9799,3.000e-04,3.0556,,
9800,3.000e-04,3.0629,2.9002181768417357,
9801,3.000e-04,3.0139,,
9802,3.000e-04,3.0263,,
9803,3.000e-04,3.0455,,
9804,3.000e-04,3.0473,,
9805,3.000e-04,3.0171,,
9806,3.000e-04,3.0167,,
9807,3.000e-04,3.0481,,
9808,3.000e-04,3.0117,,
9809,3.000e-04,3.0385,,
9810,3.000e-04,3.0648,,
9811,3.000e-04,3.0352,,
9812,3.000e-04,3.0626,,
9813,3.000e-04,3.0336,,
9814,3.000e-04,3.0302,,
9815,3.000e-04,3.0172,,
9816,3.000e-04,3.0194,,
9817,3.000e-04,3.0567,,
9818,3.000e-04,3.0548,,
9819,3.000e-04,3.0275,,
9820,3.000e-04,3.0262,,
9821,3.000e-04,3.0203,,
9822,3.000e-04,3.0147,,
9823,3.000e-04,3.0204,,
9824,3.000e-04,3.0344,,
9825,3.000e-04,3.0325,,
9826,3.000e-04,3.0625,,
9827,3.000e-04,3.0261,,
9828,3.000e-04,3.0518,,
9829,3.000e-04,3.0556,,
9830,3.000e-04,3.0440,,
9831,3.000e-04,3.0785,,
9832,3.000e-04,3.0405,,
9833,3.000e-04,3.0327,,
9834,3.000e-04,3.0496,,
9835,3.000e-04,3.0474,,
9836,3.000e-04,3.0306,,
9837,3.000e-04,2.9950,,
9838,3.000e-04,3.0150,,
9839,3.000e-04,3.0601,,
9840,3.000e-04,3.0469,,
9841,3.000e-04,2.9964,,
9842,3.000e-04,2.9958,,
9843,3.000e-04,3.0915,,
9844,3.000e-04,3.0412,,
9845,3.000e-04,3.0575,,
9846,3.000e-04,3.0480,,
9847,3.000e-04,3.0723,,
9848,3.000e-04,3.0502,,
9849,3.000e-04,2.9925,,
9850,3.000e-04,3.0779,,
9851,3.000e-04,3.0336,,
9852,3.000e-04,3.0503,,
9853,3.000e-04,3.0644,,
9854,3.000e-04,3.0097,,
9855,3.000e-04,3.0429,,
9856,3.000e-04,3.0127,,
9857,3.000e-04,3.0048,,
9858,3.000e-04,3.0756,,
9859,3.000e-04,3.0457,,
9860,3.000e-04,3.0008,,
9861,3.000e-04,2.9981,,
9862,3.000e-04,3.0335,,
9863,3.000e-04,3.0682,,
9864,3.000e-04,3.0676,,
9865,3.000e-04,3.0153,,
9866,3.000e-04,3.0138,,
9867,3.000e-04,3.0679,,
9868,3.000e-04,3.0497,,
9869,3.000e-04,3.0524,,
9870,3.000e-04,2.9957,,
9871,3.000e-04,3.0446,,
9872,3.000e-04,3.0609,,
9873,3.000e-04,3.0259,,
9874,3.000e-04,3.0112,,
9875,3.000e-04,3.0485,,
9876,3.000e-04,3.0439,,
9877,3.000e-04,3.0554,,
9878,3.000e-04,3.0322,,
9879,3.000e-04,2.9971,,
9880,3.000e-04,3.0136,,
9881,3.000e-04,3.0310,,
9882,3.000e-04,3.0062,,
9883,3.000e-04,3.0411,,
9884,3.000e-04,3.0414,,
9885,3.000e-04,3.0482,,
9886,3.000e-04,2.9639,,
9887,3.000e-04,3.0586,,
9888,3.000e-04,3.0069,,
9889,3.000e-04,3.0725,,
9890,3.000e-04,3.0174,,
9891,3.000e-04,3.0401,,
9892,3.000e-04,3.0301,,
9893,3.000e-04,3.0565,,
9894,3.000e-04,3.0031,,
9895,3.000e-04,3.0472,,
9896,3.000e-04,3.0537,,
9897,3.000e-04,3.0599,,
9898,3.000e-04,2.9655,,
9899,3.000e-04,3.0360,,
9900,3.000e-04,3.0250,2.9525687456130982,
9901,3.000e-04,3.0658,,
9902,3.000e-04,2.9991,,
9903,3.000e-04,3.0165,,
9904,3.000e-04,3.0007,,
9905,3.000e-04,3.0599,,
9906,3.000e-04,3.0544,,
9907,3.000e-04,3.0517,,
9908,3.000e-04,3.0472,,
9909,3.000e-04,3.0291,,
9910,3.000e-04,3.0629,,
9911,3.000e-04,3.0150,,
9912,3.000e-04,3.0999,,
9913,3.000e-04,3.0354,,
9914,3.000e-04,3.0345,,
9915,3.000e-04,3.0759,,
9916,3.000e-04,3.0263,,
9917,3.000e-04,3.0124,,
9918,3.000e-04,3.0828,,
9919,3.000e-04,3.0134,,
9920,3.000e-04,3.0430,,
9921,3.000e-04,3.0771,,
9922,3.000e-04,3.0489,,
9923,3.000e-04,3.0348,,
9924,3.000e-04,3.0261,,
9925,3.000e-04,3.0415,,
9926,3.000e-04,2.9496,,
9927,3.000e-04,3.0330,,
9928,3.000e-04,3.0526,,
9929,3.000e-04,3.0330,,
9930,3.000e-04,3.0713,,
9931,3.000e-04,3.0574,,
9932,3.000e-04,3.0643,,
9933,3.000e-04,3.0217,,
9934,3.000e-04,3.0418,,
9935,3.000e-04,3.0615,,
9936,3.000e-04,3.0381,,
9937,3.000e-04,3.0589,,
9938,3.000e-04,3.0659,,
9939,3.000e-04,3.0488,,
9940,3.000e-04,3.0604,,
9941,3.000e-04,3.0442,,
9942,3.000e-04,2.9970,,
9943,3.000e-04,3.0046,,
9944,3.000e-04,3.0322,,
9945,3.000e-04,3.0441,,
9946,3.000e-04,2.9956,,
9947,3.000e-04,3.0296,,
9948,3.000e-04,3.0105,,
9949,3.000e-04,3.0059,,
9950,3.000e-04,3.0427,,
9951,3.000e-04,3.0839,,
9952,3.000e-04,3.0610,,
9953,3.000e-04,3.0294,,
9954,3.000e-04,3.0574,,
9955,3.000e-04,3.0369,,
9956,3.000e-04,3.0062,,
9957,3.000e-04,3.0416,,
9958,3.000e-04,3.0202,,
9959,3.000e-04,3.0308,,
9960,3.000e-04,3.0356,,
9961,3.000e-04,2.9765,,
9962,3.000e-04,3.0334,,
9963,3.000e-04,3.0678,,
9964,3.000e-04,3.0470,,
9965,3.000e-04,3.0320,,
9966,3.000e-04,3.0524,,
9967,3.000e-04,3.0582,,
9968,3.000e-04,3.0618,,
9969,3.000e-04,3.0454,,
9970,3.000e-04,3.0282,,
9971,3.000e-04,3.0292,,
9972,3.000e-04,3.0410,,
9973,3.000e-04,3.0432,,
9974,3.000e-04,3.0398,,
9975,3.000e-04,3.0235,,
9976,3.000e-04,3.0608,,
9977,3.000e-04,2.9911,,
9978,3.000e-04,3.0371,,
9979,3.000e-04,3.0588,,
9980,3.000e-04,3.0527,,
9981,3.000e-04,3.0268,,
9982,3.000e-04,3.0473,,
9983,3.000e-04,3.0626,,
9984,3.000e-04,3.0458,,
9985,3.000e-04,3.0556,,
9986,3.000e-04,3.0212,,
9987,3.000e-04,2.9841,,
9988,3.000e-04,3.0353,,
9989,3.000e-04,3.0374,,
9990,3.000e-04,3.0380,,
9991,3.000e-04,3.0609,,
9992,3.000e-04,3.0502,,
9993,3.000e-04,3.0544,,
9994,3.000e-04,3.0361,,
9995,3.000e-04,3.0501,,
9996,3.000e-04,3.0300,,
9997,3.000e-04,3.0349,,
9998,3.000e-04,3.0346,,
9999,3.000e-04,3.0027,,
10000,3.000e-04,3.0327,3.0378408551216127,
10001,3.000e-04,3.0558,,
10002,3.000e-04,3.0419,,
10003,3.000e-04,3.0476,,
10004,3.000e-04,3.0071,,
10005,3.000e-04,3.0630,,
10006,3.000e-04,2.9916,,
10007,3.000e-04,3.0134,,
10008,3.000e-04,3.0754,,
10009,3.000e-04,3.0258,,
10010,3.000e-04,3.0443,,
10011,3.000e-04,3.0616,,
10012,3.000e-04,3.0525,,
10013,3.000e-04,3.0009,,
10014,3.000e-04,2.9606,,
10015,3.000e-04,3.0391,,
10016,3.000e-04,3.0361,,
10017,3.000e-04,2.9915,,
10018,3.000e-04,3.0095,,
10019,3.000e-04,3.0512,,
10020,3.000e-04,3.0521,,
10021,3.000e-04,2.9990,,
10022,3.000e-04,3.0346,,
10023,3.000e-04,3.0424,,
10024,3.000e-04,2.9988,,
10025,3.000e-04,3.0417,,
10026,3.000e-04,3.0471,,
10027,3.000e-04,3.0334,,
10028,3.000e-04,3.0574,,
10029,3.000e-04,2.9800,,
10030,3.000e-04,3.0290,,
10031,3.000e-04,3.0313,,
10032,3.000e-04,2.9874,,
10033,3.000e-04,3.0203,,
10034,3.000e-04,3.0489,,
10035,3.000e-04,3.0015,,
10036,3.000e-04,3.0442,,
10037,3.000e-04,3.0278,,
10038,3.000e-04,3.0241,,
10039,3.000e-04,3.0010,,
10040,3.000e-04,3.0417,,
10041,3.000e-04,2.9996,,
10042,3.000e-04,3.0152,,
10043,3.000e-04,3.0248,,
10044,3.000e-04,3.0083,,
10045,3.000e-04,3.0377,,
10046,3.000e-04,3.0821,,
10047,3.000e-04,3.0760,,
10048,3.000e-04,2.9740,,
10049,3.000e-04,2.9961,,
10050,3.000e-04,3.0354,,
10051,3.000e-04,3.0275,,
10052,3.000e-04,2.9914,,
10053,3.000e-04,3.0421,,
10054,3.000e-04,3.0373,,
10055,3.000e-04,3.0723,,
10056,3.000e-04,3.0185,,
10057,3.000e-04,3.0014,,
10058,3.000e-04,3.0240,,
10059,3.000e-04,3.0541,,
10060,3.000e-04,3.0526,,
10061,3.000e-04,3.0424,,
10062,3.000e-04,3.0596,,
10063,3.000e-04,2.9707,,
10064,3.000e-04,2.9969,,
10065,3.000e-04,3.0366,,
10066,3.000e-04,3.0372,,
10067,3.000e-04,3.0322,,
10068,3.000e-04,3.0609,,
10069,3.000e-04,3.0430,,
10070,3.000e-04,3.0459,,
10071,3.000e-04,3.0128,,
10072,3.000e-04,3.0685,,
10073,3.000e-04,3.0604,,
10074,3.000e-04,3.0613,,
10075,3.000e-04,3.0298,,
10076,3.000e-04,3.0005,,
10077,3.000e-04,3.0459,,
10078,3.000e-04,3.0049,,
10079,3.000e-04,3.0380,,
10080,3.000e-04,3.0420,,
10081,3.000e-04,3.0388,,
10082,3.000e-04,3.0026,,
10083,3.000e-04,2.9981,,
10084,3.000e-04,2.9772,,
10085,3.000e-04,3.0254,,
10086,3.000e-04,3.0078,,
10087,3.000e-04,3.0247,,
10088,3.000e-04,3.0235,,
10089,3.000e-04,3.0487,,
10090,3.000e-04,3.0045,,
10091,3.000e-04,3.1149,,
10092,3.000e-04,3.0295,,
10093,3.000e-04,3.0062,,
10094,3.000e-04,3.0327,,
10095,3.000e-04,3.0147,,
10096,3.000e-04,3.0342,,
10097,3.000e-04,3.0773,,
10098,3.000e-04,3.0342,,
10099,3.000e-04,3.0627,,
10100,3.000e-04,3.0339,2.9262786984443663,
10101,3.000e-04,3.0346,,
10102,3.000e-04,3.0614,,
10103,3.000e-04,3.0266,,
10104,3.000e-04,3.0271,,
10105,3.000e-04,3.0003,,
10106,3.000e-04,3.0568,,
10107,3.000e-04,3.0472,,
10108,3.000e-04,3.0211,,
10109,3.000e-04,3.0511,,
10110,3.000e-04,3.0834,,
10111,3.000e-04,3.0455,,
10112,3.000e-04,3.0384,,
10113,3.000e-04,3.0145,,
10114,3.000e-04,3.0455,,
10115,3.000e-04,3.0289,,
10116,3.000e-04,3.0292,,
10117,3.000e-04,3.0298,,
10118,3.000e-04,3.0778,,
10119,3.000e-04,3.0398,,
10120,3.000e-04,3.0333,,
10121,3.000e-04,3.0570,,
10122,3.000e-04,3.0158,,
10123,3.000e-04,3.0152,,
10124,3.000e-04,3.0316,,
10125,3.000e-04,2.9922,,
10126,3.000e-04,3.0136,,
10127,3.000e-04,3.0838,,
10128,3.000e-04,3.0246,,
10129,3.000e-04,3.0547,,
10130,3.000e-04,3.0369,,
10131,3.000e-04,3.0778,,
10132,3.000e-04,3.0366,,
10133,3.000e-04,3.0220,,
10134,3.000e-04,3.0733,,
10135,3.000e-04,3.0172,,
10136,3.000e-04,3.0340,,
10137,3.000e-04,3.0108,,
10138,3.000e-04,3.0744,,
10139,3.000e-04,2.9980,,
10140,3.000e-04,3.0251,,
10141,3.000e-04,3.0647,,
10142,3.000e-04,3.0998,,
10143,3.000e-04,3.0090,,
10144,3.000e-04,2.9927,,
10145,3.000e-04,2.9775,,
10146,3.000e-04,3.0115,,
10147,3.000e-04,3.0238,,
10148,3.000e-04,3.0100,,
10149,3.000e-04,3.0007,,
10150,3.000e-04,3.0486,,
10151,3.000e-04,3.0823,,
10152,3.000e-04,3.0244,,
10153,3.000e-04,3.0092,,
10154,3.000e-04,2.9988,,
10155,3.000e-04,3.0500,,
10156,3.000e-04,2.9877,,
10157,3.000e-04,3.0340,,
10158,3.000e-04,2.9916,,
10159,3.000e-04,3.0303,,
10160,3.000e-04,3.0150,,
10161,3.000e-04,3.0291,,
10162,3.000e-04,3.0268,,
10163,3.000e-04,3.0360,,
10164,3.000e-04,3.0516,,
10165,3.000e-04,3.0707,,
10166,3.000e-04,3.0489,,
10167,3.000e-04,3.0608,,
10168,3.000e-04,3.0157,,
10169,3.000e-04,3.0073,,
10170,3.000e-04,3.0323,,
10171,3.000e-04,3.0263,,
10172,3.000e-04,3.0253,,
10173,3.000e-04,3.0198,,
10174,3.000e-04,3.0462,,
10175,3.000e-04,3.0153,,
10176,3.000e-04,3.0198,,
10177,3.000e-04,3.0210,,
10178,3.000e-04,3.0564,,
10179,3.000e-04,3.0699,,
10180,3.000e-04,3.0607,,
10181,3.000e-04,3.0678,,
10182,3.000e-04,3.0017,,
10183,3.000e-04,3.0648,,
10184,3.000e-04,3.0257,,
10185,3.000e-04,3.0746,,
10186,3.000e-04,3.0578,,
10187,3.000e-04,3.0483,,
10188,3.000e-04,3.0550,,
10189,3.000e-04,3.0500,,
10190,3.000e-04,3.0082,,
10191,3.000e-04,3.0258,,
10192,3.000e-04,3.0281,,
10193,3.000e-04,3.0680,,
10194,3.000e-04,3.0142,,
10195,3.000e-04,3.0847,,
10196,3.000e-04,3.0486,,
10197,3.000e-04,3.0020,,
10198,3.000e-04,3.0500,,
10199,3.000e-04,2.9904,,
10200,3.000e-04,3.0412,2.9581378579139708,
10201,3.000e-04,3.0146,,
10202,3.000e-04,3.0388,,
10203,3.000e-04,3.0685,,
10204,3.000e-04,3.0272,,
10205,3.000e-04,3.0296,,
10206,3.000e-04,3.0222,,
10207,3.000e-04,3.0137,,
10208,3.000e-04,3.0202,,
10209,3.000e-04,3.0538,,
10210,3.000e-04,3.0299,,
10211,3.000e-04,3.0236,,
10212,3.000e-04,3.0320,,
10213,3.000e-04,3.0376,,
10214,3.000e-04,3.0104,,
10215,3.000e-04,3.0186,,
10216,3.000e-04,3.0889,,
10217,3.000e-04,3.0439,,
10218,3.000e-04,3.0153,,
10219,3.000e-04,3.0454,,
10220,3.000e-04,3.0312,,
10221,3.000e-04,2.9621,,
10222,3.000e-04,3.0406,,
10223,3.000e-04,3.0178,,
10224,3.000e-04,3.0247,,
10225,3.000e-04,2.9845,,
10226,3.000e-04,3.0064,,
10227,3.000e-04,3.0627,,
10228,3.000e-04,3.0442,,
10229,3.000e-04,3.0659,,
10230,3.000e-04,3.0458,,
10231,3.000e-04,3.0861,,
10232,3.000e-04,3.0114,,
10233,3.000e-04,3.0249,,
10234,3.000e-04,3.0230,,
10235,3.000e-04,3.0542,,
10236,3.000e-04,3.0381,,
10237,3.000e-04,3.0190,,
10238,3.000e-04,3.0577,,
10239,3.000e-04,3.0259,,
10240,3.000e-04,2.9840,,
10241,3.000e-04,3.0746,,
10242,3.000e-04,3.0132,,
10243,3.000e-04,2.9882,,
10244,3.000e-04,3.0584,,
10245,3.000e-04,3.0768,,
10246,3.000e-04,3.0200,,
10247,3.000e-04,3.0557,,
10248,3.000e-04,3.0350,,
10249,3.000e-04,3.0318,,
10250,3.000e-04,3.0551,,
10251,3.000e-04,3.0040,,
10252,3.000e-04,3.0387,,
10253,3.000e-04,3.0464,,
10254,3.000e-04,3.0508,,
10255,3.000e-04,3.0210,,
10256,3.000e-04,3.0284,,
10257,3.000e-04,3.0116,,
10258,3.000e-04,3.0182,,
10259,3.000e-04,2.9865,,
10260,3.000e-04,2.9867,,
10261,3.000e-04,3.0525,,
10262,3.000e-04,3.0251,,
10263,3.000e-04,3.0562,,
10264,3.000e-04,3.0201,,
10265,3.000e-04,3.0120,,
10266,3.000e-04,3.0131,,
10267,3.000e-04,3.0173,,
10268,3.000e-04,3.0429,,
10269,3.000e-04,3.0402,,
10270,3.000e-04,3.0554,,
10271,3.000e-04,3.0452,,
10272,3.000e-04,3.0263,,
10273,3.000e-04,3.0322,,
10274,3.000e-04,3.0276,,
10275,3.000e-04,3.0278,,
10276,3.000e-04,3.0385,,
10277,3.000e-04,3.0430,,
10278,3.000e-04,3.0014,,
10279,3.000e-04,3.0479,,
10280,3.000e-04,3.0330,,
10281,3.000e-04,3.0413,,
10282,3.000e-04,3.0114,,
10283,3.000e-04,3.0562,,
10284,3.000e-04,3.0043,,
10285,3.000e-04,3.0549,,
10286,3.000e-04,3.0191,,
10287,3.000e-04,2.9846,,
10288,3.000e-04,3.0079,,
10289,3.000e-04,3.0416,,
10290,3.000e-04,3.0449,,
10291,3.000e-04,3.0224,,
10292,3.000e-04,3.0479,,
10293,3.000e-04,3.0598,,
10294,3.000e-04,3.0250,,
10295,3.000e-04,3.0493,,
10296,3.000e-04,3.0128,,
10297,3.000e-04,3.0271,,
10298,3.000e-04,3.0751,,
10299,3.000e-04,3.0284,,
10300,3.000e-04,2.9841,3.102759599685669,
10301,3.000e-04,3.0111,,
10302,3.000e-04,2.9945,,
10303,3.000e-04,3.0577,,
10304,3.000e-04,3.0483,,
10305,3.000e-04,3.0333,,
10306,3.000e-04,3.0624,,
10307,3.000e-04,3.0301,,
10308,3.000e-04,3.0300,,
10309,3.000e-04,3.0509,,
10310,3.000e-04,3.0234,,
10311,3.000e-04,3.0282,,
10312,3.000e-04,3.0197,,
10313,3.000e-04,2.9688,,
10314,3.000e-04,3.0088,,
10315,3.000e-04,3.0722,,
10316,3.000e-04,3.0105,,
10317,3.000e-04,3.0545,,
10318,3.000e-04,3.0333,,
10319,3.000e-04,3.0433,,
10320,3.000e-04,3.0444,,
10321,3.000e-04,3.0491,,
10322,3.000e-04,3.0259,,
10323,3.000e-04,2.9994,,
10324,3.000e-04,3.0549,,
10325,3.000e-04,3.0521,,
10326,3.000e-04,3.0548,,
10327,3.000e-04,3.0592,,
10328,3.000e-04,2.9944,,
10329,3.000e-04,2.9823,,
10330,3.000e-04,3.0474,,
10331,3.000e-04,3.0658,,
10332,3.000e-04,3.0241,,
10333,3.000e-04,3.0439,,
10334,3.000e-04,3.0264,,
10335,3.000e-04,3.0124,,
10336,3.000e-04,3.0208,,
10337,3.000e-04,3.0362,,
10338,3.000e-04,3.0912,,
10339,3.000e-04,3.0013,,
10340,3.000e-04,3.0372,,
10341,3.000e-04,3.0290,,
10342,3.000e-04,3.0259,,
10343,3.000e-04,3.0049,,
10344,3.000e-04,3.0067,,
10345,3.000e-04,3.0230,,
10346,3.000e-04,3.0516,,
10347,3.000e-04,3.0235,,
10348,3.000e-04,3.0178,,
10349,3.000e-04,3.0283,,
10350,3.000e-04,3.0251,,
10351,3.000e-04,3.0436,,
10352,3.000e-04,3.0252,,
10353,3.000e-04,3.0451,,
10354,3.000e-04,3.0258,,
10355,3.000e-04,3.0264,,
10356,3.000e-04,3.0443,,
10357,3.000e-04,3.0541,,
10358,3.000e-04,3.0380,,
10359,3.000e-04,2.9996,,
10360,3.000e-04,3.0133,,
10361,3.000e-04,2.9891,,
10362,3.000e-04,3.0326,,
10363,3.000e-04,3.0140,,
10364,3.000e-04,3.0396,,
10365,3.000e-04,3.0222,,
10366,3.000e-04,3.0279,,
10367,3.000e-04,3.0630,,
10368,3.000e-04,3.0413,,
10369,3.000e-04,3.0407,,
10370,3.000e-04,3.0643,,
10371,3.000e-04,3.0411,,
10372,3.000e-04,2.9956,,
10373,3.000e-04,3.0290,,
10374,3.000e-04,3.0813,,
10375,3.000e-04,3.0469,,
10376,3.000e-04,2.9937,,
10377,3.000e-04,3.0112,,
10378,3.000e-04,3.0400,,
10379,3.000e-04,2.9962,,
10380,3.000e-04,3.0250,,
10381,3.000e-04,2.9920,,
10382,3.000e-04,3.0336,,
10383,3.000e-04,2.9992,,
10384,3.000e-04,3.0429,,
10385,3.000e-04,3.0138,,
10386,3.000e-04,2.9928,,
10387,3.000e-04,3.0491,,
10388,3.000e-04,3.0215,,
10389,3.000e-04,3.0560,,
10390,3.000e-04,3.0400,,
10391,3.000e-04,2.9959,,
10392,3.000e-04,3.0383,,
10393,3.000e-04,3.0420,,
10394,3.000e-04,2.9655,,
10395,3.000e-04,3.0259,,
10396,3.000e-04,3.0252,,
10397,3.000e-04,3.0103,,
10398,3.000e-04,3.0554,,
10399,3.000e-04,3.0500,,
10400,3.000e-04,3.0218,2.8178446888923645,
10401,3.000e-04,3.0143,,
10402,3.000e-04,2.9818,,
10403,3.000e-04,3.0115,,
10404,3.000e-04,3.0217,,
10405,3.000e-04,3.0033,,
10406,3.000e-04,3.0926,,
10407,3.000e-04,3.0337,,
10408,3.000e-04,3.0402,,
10409,3.000e-04,3.0609,,
10410,3.000e-04,3.0265,,
10411,3.000e-04,3.0375,,
10412,3.000e-04,3.0240,,
10413,3.000e-04,3.0137,,
10414,3.000e-04,3.0680,,
10415,3.000e-04,3.0524,,
10416,3.000e-04,3.0267,,
10417,3.000e-04,3.0186,,
10418,3.000e-04,2.9657,,
10419,3.000e-04,3.0139,,
10420,3.000e-04,3.0031,,
10421,3.000e-04,3.0504,,
10422,3.000e-04,3.0349,,
10423,3.000e-04,3.0527,,
10424,3.000e-04,3.0605,,
10425,3.000e-04,3.0148,,
10426,3.000e-04,3.0424,,
10427,3.000e-04,3.0460,,
10428,3.000e-04,2.9723,,
10429,3.000e-04,3.0762,,
10430,3.000e-04,3.0680,,
10431,3.000e-04,3.0298,,
10432,3.000e-04,3.0212,,
10433,3.000e-04,2.9901,,
10434,3.000e-04,3.0403,,
10435,3.000e-04,3.0314,,
10436,3.000e-04,3.0176,,
10437,3.000e-04,3.0086,,
10438,3.000e-04,3.0544,,
10439,3.000e-04,3.0260,,
10440,3.000e-04,3.0302,,
10441,3.000e-04,2.9993,,
10442,3.000e-04,3.0221,,
10443,3.000e-04,3.0431,,
10444,3.000e-04,3.0264,,
10445,3.000e-04,3.0512,,
10446,3.000e-04,3.0317,,
10447,3.000e-04,3.0429,,
10448,3.000e-04,3.0154,,
10449,3.000e-04,3.0348,,
10450,3.000e-04,3.0329,,
10451,3.000e-04,3.0435,,
10452,3.000e-04,2.9931,,
10453,3.000e-04,2.9805,,
10454,3.000e-04,3.0124,,
10455,3.000e-04,3.0423,,
10456,3.000e-04,2.9964,,
10457,3.000e-04,3.0520,,
10458,3.000e-04,3.0448,,
10459,3.000e-04,3.0151,,
10460,3.000e-04,2.9927,,
10461,3.000e-04,3.0102,,
10462,3.000e-04,3.0534,,
10463,3.000e-04,3.0586,,
10464,3.000e-04,3.0278,,
10465,3.000e-04,3.0308,,
10466,3.000e-04,3.0087,,
10467,3.000e-04,2.9900,,
10468,3.000e-04,2.9910,,
10469,3.000e-04,3.0575,,
10470,3.000e-04,3.0645,,
10471,3.000e-04,3.0050,,
10472,3.000e-04,3.0299,,
10473,3.000e-04,2.9816,,
10474,3.000e-04,3.0220,,
10475,3.000e-04,2.9912,,
10476,3.000e-04,3.0489,,
10477,3.000e-04,3.0576,,
10478,3.000e-04,3.0166,,
10479,3.000e-04,3.0931,,
10480,3.000e-04,3.0424,,
10481,3.000e-04,3.0141,,
10482,3.000e-04,3.0206,,
10483,3.000e-04,3.0325,,
10484,3.000e-04,3.0210,,
10485,3.000e-04,3.0337,,
10486,3.000e-04,3.0292,,
10487,3.000e-04,3.0389,,
10488,3.000e-04,3.0671,,
10489,3.000e-04,2.9833,,
10490,3.000e-04,2.9888,,
10491,3.000e-04,2.9970,,
10492,3.000e-04,3.0705,,
10493,3.000e-04,2.9782,,
10494,3.000e-04,3.0368,,
10495,3.000e-04,2.9754,,
10496,3.000e-04,3.0315,,
10497,3.000e-04,3.0029,,
10498,3.000e-04,3.0130,,
10499,3.000e-04,3.0058,,
10500,3.000e-04,3.0259,3.0340359091758726,
10501,3.000e-04,3.0572,,
10502,3.000e-04,2.9870,,
10503,3.000e-04,3.0555,,
10504,3.000e-04,3.0188,,
10505,3.000e-04,3.0020,,
10506,3.000e-04,3.0166,,
10507,3.000e-04,3.0273,,
10508,3.000e-04,3.0133,,
10509,3.000e-04,3.0487,,
10510,3.000e-04,3.0601,,
10511,3.000e-04,3.0092,,
10512,3.000e-04,3.0631,,
10513,3.000e-04,3.0123,,
10514,3.000e-04,3.0675,,
10515,3.000e-04,3.0103,,
10516,3.000e-04,3.0429,,
10517,3.000e-04,3.0578,,
10518,3.000e-04,2.9678,,
10519,3.000e-04,3.0054,,
10520,3.000e-04,3.0232,,
10521,3.000e-04,3.0146,,
10522,3.000e-04,3.0083,,
10523,3.000e-04,3.0459,,
10524,3.000e-04,3.0072,,
10525,3.000e-04,2.9989,,
10526,3.000e-04,3.0408,,
10527,3.000e-04,3.0100,,
10528,3.000e-04,3.0290,,
10529,3.000e-04,2.9955,,
10530,3.000e-04,2.9644,,
10531,3.000e-04,3.0256,,
10532,3.000e-04,3.0375,,
10533,3.000e-04,3.0426,,
10534,3.000e-04,2.9564,,
10535,3.000e-04,2.9763,,
10536,3.000e-04,3.0307,,
10537,3.000e-04,3.0638,,
10538,3.000e-04,3.0225,,
10539,3.000e-04,3.0247,,
10540,3.000e-04,3.0352,,
10541,3.000e-04,3.0179,,
10542,3.000e-04,3.0346,,
10543,3.000e-04,3.0194,,
10544,3.000e-04,3.0315,,
10545,3.000e-04,3.0229,,
10546,3.000e-04,3.0393,,
10547,3.000e-04,3.0075,,
10548,3.000e-04,2.9892,,
10549,3.000e-04,3.0280,,
10550,3.000e-04,3.0668,,
10551,3.000e-04,3.0494,,
10552,3.000e-04,3.0310,,
10553,3.000e-04,2.9865,,
10554,3.000e-04,3.0286,,
10555,3.000e-04,3.0104,,
10556,3.000e-04,3.0533,,
10557,3.000e-04,3.0167,,
10558,3.000e-04,3.0521,,
10559,3.000e-04,3.0446,,
10560,3.000e-04,3.0126,,
10561,3.000e-04,2.9712,,
10562,3.000e-04,3.0327,,
10563,3.000e-04,2.9992,,
10564,3.000e-04,3.0507,,
10565,3.000e-04,3.0581,,
10566,3.000e-04,3.0049,,
10567,3.000e-04,3.0248,,
10568,3.000e-04,3.0220,,
10569,3.000e-04,2.9658,,
10570,3.000e-04,2.9942,,
10571,3.000e-04,3.0193,,
10572,3.000e-04,3.0387,,
10573,3.000e-04,3.0171,,
10574,3.000e-04,3.0409,,
10575,3.000e-04,3.0283,,
10576,3.000e-04,3.0635,,
10577,3.000e-04,2.9874,,
10578,3.000e-04,2.9865,,
10579,3.000e-04,3.0345,,
10580,3.000e-04,3.0339,,
10581,3.000e-04,3.0596,,
10582,3.000e-04,2.9913,,
10583,3.000e-04,3.0074,,
10584,3.000e-04,3.0068,,
10585,3.000e-04,3.0489,,
10586,3.000e-04,3.0234,,
10587,3.000e-04,2.9541,,
10588,3.000e-04,3.0076,,
10589,3.000e-04,3.0523,,
10590,3.000e-04,3.0040,,
10591,3.000e-04,3.0448,,
10592,3.000e-04,2.9827,,
10593,3.000e-04,3.0250,,
10594,3.000e-04,3.0217,,
10595,3.000e-04,3.0038,,
10596,3.000e-04,3.0032,,
10597,3.000e-04,3.0118,,
10598,3.000e-04,3.0163,,
10599,3.000e-04,3.0424,,
10600,3.000e-04,3.0488,3.0289795756340028,
10601,3.000e-04,3.0142,,
10602,3.000e-04,3.0250,,
10603,3.000e-04,3.0297,,
10604,3.000e-04,3.0578,,
10605,3.000e-04,3.0211,,
10606,3.000e-04,2.9967,,
10607,3.000e-04,3.0056,,
10608,3.000e-04,3.0069,,
10609,3.000e-04,3.0354,,
10610,3.000e-04,3.0016,,
10611,3.000e-04,3.0027,,
10612,3.000e-04,3.0255,,
10613,3.000e-04,3.0273,,
10614,3.000e-04,3.0051,,
10615,3.000e-04,3.0005,,
10616,3.000e-04,3.0297,,
10617,3.000e-04,3.0135,,
10618,3.000e-04,3.0076,,
10619,3.000e-04,3.0140,,
10620,3.000e-04,3.0686,,
10621,3.000e-04,3.0609,,
10622,3.000e-04,3.0080,,
10623,3.000e-04,3.0578,,
10624,3.000e-04,2.9866,,
10625,3.000e-04,3.0175,,
10626,3.000e-04,2.9965,,
10627,3.000e-04,3.0344,,
10628,3.000e-04,3.0160,,
10629,3.000e-04,2.9795,,
10630,3.000e-04,3.0654,,
10631,3.000e-04,3.0321,,
10632,3.000e-04,3.0510,,
10633,3.000e-04,3.0325,,
10634,3.000e-04,3.0276,,
10635,3.000e-04,3.0679,,
10636,3.000e-04,2.9988,,
10637,3.000e-04,2.9769,,
10638,3.000e-04,3.0321,,
10639,3.000e-04,3.0120,,
10640,3.000e-04,2.9875,,
10641,3.000e-04,3.0114,,
10642,3.000e-04,3.0412,,
10643,3.000e-04,3.0166,,
10644,3.000e-04,3.0067,,
10645,3.000e-04,3.0103,,
10646,3.000e-04,3.0119,,
10647,3.000e-04,3.0162,,
10648,3.000e-04,3.0285,,
10649,3.000e-04,3.0375,,
10650,3.000e-04,3.0373,,
10651,3.000e-04,2.9772,,
10652,3.000e-04,3.0540,,
10653,3.000e-04,3.0319,,
10654,3.000e-04,3.0278,,
10655,3.000e-04,3.0390,,
10656,3.000e-04,3.0096,,
10657,3.000e-04,3.0023,,
10658,3.000e-04,3.0489,,
10659,3.000e-04,3.0305,,
10660,3.000e-04,3.0246,,
10661,3.000e-04,3.0435,,
10662,3.000e-04,3.0296,,
10663,3.000e-04,3.0113,,
10664,3.000e-04,3.0497,,
10665,3.000e-04,3.0157,,
10666,3.000e-04,3.0093,,
10667,3.000e-04,3.0529,,
10668,3.000e-04,3.0313,,
10669,3.000e-04,3.0023,,
10670,3.000e-04,3.0359,,
10671,3.000e-04,2.9901,,
10672,3.000e-04,3.0627,,
10673,3.000e-04,3.0507,,
10674,3.000e-04,2.9781,,
10675,3.000e-04,2.9818,,
10676,3.000e-04,3.0065,,
10677,3.000e-04,3.0505,,
10678,3.000e-04,3.0231,,
10679,3.000e-04,3.0226,,
10680,3.000e-04,3.0670,,
10681,3.000e-04,3.0390,,
10682,3.000e-04,3.0263,,
10683,3.000e-04,3.0418,,
10684,3.000e-04,2.9989,,
10685,3.000e-04,2.9936,,
10686,3.000e-04,3.0203,,
10687,3.000e-04,3.0134,,
10688,3.000e-04,3.0680,,
10689,3.000e-04,3.0381,,
10690,3.000e-04,3.0159,,
10691,3.000e-04,3.0571,,
10692,3.000e-04,3.0370,,
10693,3.000e-04,3.0196,,
10694,3.000e-04,3.0432,,
10695,3.000e-04,3.0127,,
10696,3.000e-04,2.9887,,
10697,3.000e-04,3.0450,,
10698,3.000e-04,3.0143,,
10699,3.000e-04,2.9889,,
10700,3.000e-04,3.0052,2.968544125556946,
10701,3.000e-04,2.9887,,
10702,3.000e-04,3.0343,,
10703,3.000e-04,3.0375,,
10704,3.000e-04,2.9466,,
10705,3.000e-04,3.0446,,
10706,3.000e-04,2.9874,,
10707,3.000e-04,2.9924,,
10708,3.000e-04,3.0041,,
10709,3.000e-04,3.0045,,
10710,3.000e-04,3.0239,,
10711,3.000e-04,3.0210,,
10712,3.000e-04,3.0426,,
10713,3.000e-04,3.0028,,
10714,3.000e-04,2.9981,,
10715,3.000e-04,3.0468,,
10716,3.000e-04,3.0247,,
10717,3.000e-04,3.0127,,
10718,3.000e-04,3.0061,,
10719,3.000e-04,2.9945,,
10720,3.000e-04,3.0449,,
10721,3.000e-04,2.9943,,
10722,3.000e-04,2.9888,,
10723,3.000e-04,3.0059,,
10724,3.000e-04,2.9891,,
10725,3.000e-04,3.0365,,
10726,3.000e-04,3.0026,,
10727,3.000e-04,3.0155,,
10728,3.000e-04,2.9855,,
10729,3.000e-04,3.0451,,
10730,3.000e-04,3.0200,,
10731,3.000e-04,2.9834,,
10732,3.000e-04,3.0016,,
10733,3.000e-04,3.0779,,
10734,3.000e-04,3.0253,,
10735,3.000e-04,3.0166,,
10736,3.000e-04,2.9904,,
10737,3.000e-04,3.0146,,
10738,3.000e-04,2.9970,,
10739,3.000e-04,3.0239,,
10740,3.000e-04,3.0627,,
10741,3.000e-04,3.0125,,
10742,3.000e-04,3.0125,,
10743,3.000e-04,3.0449,,
10744,3.000e-04,2.9695,,
10745,3.000e-04,3.0189,,
10746,3.000e-04,3.0446,,
10747,3.000e-04,3.0167,,
10748,3.000e-04,2.9842,,
10749,3.000e-04,3.0120,,
10750,3.000e-04,3.0214,,
10751,3.000e-04,3.0349,,
10752,3.000e-04,3.0076,,
10753,3.000e-04,3.0187,,
10754,3.000e-04,3.0102,,
10755,3.000e-04,3.0012,,
10756,3.000e-04,3.0144,,
10757,3.000e-04,3.0203,,
10758,3.000e-04,3.0054,,
10759,3.000e-04,3.0181,,
10760,3.000e-04,3.0035,,
10761,3.000e-04,2.9475,,
10762,3.000e-04,3.0026,,
10763,3.000e-04,3.0016,,
10764,3.000e-04,2.9722,,
10765,3.000e-04,3.0255,,
10766,3.000e-04,2.9873,,
10767,3.000e-04,3.0373,,
10768,3.000e-04,2.9982,,
10769,3.000e-04,3.0432,,
10770,3.000e-04,3.0362,,
10771,3.000e-04,3.0054,,
10772,3.000e-04,3.0328,,
10773,3.000e-04,3.0416,,
10774,3.000e-04,3.0400,,
10775,3.000e-04,2.9904,,
10776,3.000e-04,3.0232,,
10777,3.000e-04,3.0712,,
10778,3.000e-04,3.0415,,
10779,3.000e-04,3.0235,,
10780,3.000e-04,2.9847,,
10781,3.000e-04,3.0376,,
10782,3.000e-04,3.0230,,
10783,3.000e-04,2.9922,,
10784,3.000e-04,3.0202,,
10785,3.000e-04,3.0708,,
10786,3.000e-04,3.0097,,
10787,3.000e-04,3.0632,,
10788,3.000e-04,3.0276,,
10789,3.000e-04,3.0166,,
10790,3.000e-04,3.0393,,
10791,3.000e-04,3.0520,,
10792,3.000e-04,3.0729,,
10793,3.000e-04,2.9947,,
10794,3.000e-04,2.9994,,
10795,3.000e-04,3.0261,,
10796,3.000e-04,3.0120,,
10797,3.000e-04,3.0159,,
10798,3.000e-04,3.0627,,
10799,3.000e-04,3.0506,,
10800,3.000e-04,2.9958,2.9856152296066285,
10801,3.000e-04,2.9750,,
10802,3.000e-04,3.0389,,
10803,3.000e-04,3.0180,,
10804,3.000e-04,2.9994,,
10805,3.000e-04,3.0326,,
10806,3.000e-04,2.9761,,
10807,3.000e-04,3.0225,,
10808,3.000e-04,3.0161,,
10809,3.000e-04,3.0118,,
10810,3.000e-04,3.0443,,
10811,3.000e-04,3.0229,,
10812,3.000e-04,3.0422,,
10813,3.000e-04,3.0259,,
10814,3.000e-04,3.0096,,
10815,3.000e-04,3.0195,,
10816,3.000e-04,3.0447,,
10817,3.000e-04,3.0417,,
10818,3.000e-04,3.0073,,
10819,3.000e-04,2.9806,,
10820,3.000e-04,2.9887,,
10821,3.000e-04,3.0435,,
10822,3.000e-04,2.9864,,
10823,3.000e-04,3.0027,,
10824,3.000e-04,3.0439,,
10825,3.000e-04,2.9991,,
10826,3.000e-04,2.9927,,
10827,3.000e-04,2.9883,,
10828,3.000e-04,3.0387,,
10829,3.000e-04,3.0472,,
10830,3.000e-04,3.0092,,
10831,3.000e-04,3.0353,,
10832,3.000e-04,3.0074,,
10833,3.000e-04,3.0140,,
10834,3.000e-04,3.0450,,
10835,3.000e-04,3.0297,,
10836,3.000e-04,2.9982,,
10837,3.000e-04,3.0149,,
10838,3.000e-04,3.0078,,
10839,3.000e-04,3.0139,,
10840,3.000e-04,3.0030,,
10841,3.000e-04,2.9625,,
10842,3.000e-04,3.0789,,
10843,3.000e-04,3.0097,,
10844,3.000e-04,2.9994,,
10845,3.000e-04,2.9892,,
10846,3.000e-04,3.0276,,
10847,3.000e-04,3.0049,,
10848,3.000e-04,3.0167,,
10849,3.000e-04,3.0365,,
10850,3.000e-04,2.9923,,
10851,3.000e-04,2.9907,,
10852,3.000e-04,3.0083,,
10853,3.000e-04,2.9980,,
10854,3.000e-04,3.0486,,
10855,3.000e-04,3.0304,,
10856,3.000e-04,3.0217,,
10857,3.000e-04,3.0196,,
10858,3.000e-04,3.0377,,
10859,3.000e-04,3.0426,,
10860,3.000e-04,3.0441,,
10861,3.000e-04,2.9826,,
10862,3.000e-04,3.0249,,
10863,3.000e-04,3.0098,,
10864,3.000e-04,3.0191,,
10865,3.000e-04,3.0067,,
10866,3.000e-04,3.0327,,
10867,3.000e-04,3.0268,,
10868,3.000e-04,2.9806,,
10869,3.000e-04,3.0520,,
10870,3.000e-04,3.0107,,
10871,3.000e-04,3.0104,,
10872,3.000e-04,3.0181,,
10873,3.000e-04,3.0016,,
10874,3.000e-04,3.0282,,
10875,3.000e-04,3.0375,,
10876,3.000e-04,2.9885,,
10877,3.000e-04,2.9862,,
10878,3.000e-04,3.0089,,
10879,3.000e-04,2.9799,,
10880,3.000e-04,3.0454,,
10881,3.000e-04,3.0521,,
10882,3.000e-04,2.9466,,
10883,3.000e-04,3.0352,,
10884,3.000e-04,3.0032,,
10885,3.000e-04,3.0084,,
10886,3.000e-04,3.0384,,
10887,3.000e-04,3.0505,,
10888,3.000e-04,3.0258,,
10889,3.000e-04,3.0317,,
10890,3.000e-04,3.0401,,
10891,3.000e-04,3.0411,,
10892,3.000e-04,3.0387,,
10893,3.000e-04,3.0248,,
10894,3.000e-04,3.0043,,
10895,3.000e-04,3.0196,,
10896,3.000e-04,2.9909,,
10897,3.000e-04,2.9783,,
10898,3.000e-04,3.0268,,
10899,3.000e-04,2.9964,,
10900,3.000e-04,3.0320,2.996022355556488,
10901,3.000e-04,3.0339,,
10902,3.000e-04,3.0288,,
10903,3.000e-04,3.0424,,
10904,3.000e-04,3.0150,,
10905,3.000e-04,3.0027,,
10906,3.000e-04,2.9838,,
10907,3.000e-04,2.9980,,
10908,3.000e-04,3.0451,,
10909,3.000e-04,3.0384,,
10910,3.000e-04,3.0526,,
10911,3.000e-04,2.9984,,
10912,3.000e-04,2.9769,,
10913,3.000e-04,2.9990,,
10914,3.000e-04,2.9973,,
10915,3.000e-04,3.0035,,
10916,3.000e-04,3.0412,,
10917,3.000e-04,2.9848,,
10918,3.000e-04,3.0296,,
10919,3.000e-04,2.9896,,
10920,3.000e-04,3.0264,,
10921,3.000e-04,3.0135,,
10922,3.000e-04,3.0285,,
10923,3.000e-04,3.0203,,
10924,3.000e-04,3.0104,,
10925,3.000e-04,3.0525,,
10926,3.000e-04,3.0293,,
10927,3.000e-04,3.0397,,
10928,3.000e-04,3.0248,,
10929,3.000e-04,3.0178,,
10930,3.000e-04,3.0520,,
10931,3.000e-04,3.0132,,
10932,3.000e-04,2.9896,,
10933,3.000e-04,3.0262,,
10934,3.000e-04,3.0035,,
10935,3.000e-04,3.0380,,
10936,3.000e-04,3.0042,,
10937,3.000e-04,2.9996,,
10938,3.000e-04,3.0082,,
10939,3.000e-04,3.0252,,
10940,3.000e-04,3.0348,,
10941,3.000e-04,3.0154,,
10942,3.000e-04,3.0386,,
10943,3.000e-04,3.0044,,
10944,3.000e-04,2.9981,,
10945,3.000e-04,2.9619,,
10946,3.000e-04,3.0258,,
10947,3.000e-04,2.9998,,
10948,3.000e-04,3.0144,,
10949,3.000e-04,3.0693,,
10950,3.000e-04,3.0355,,
10951,3.000e-04,2.9857,,
10952,3.000e-04,3.0232,,
10953,3.000e-04,2.9841,,
10954,3.000e-04,3.0227,,
10955,3.000e-04,3.0383,,
10956,3.000e-04,3.0436,,
10957,3.000e-04,3.0351,,
10958,3.000e-04,3.0452,,
10959,3.000e-04,3.0358,,
10960,3.000e-04,2.9872,,
10961,3.000e-04,3.0358,,
10962,3.000e-04,3.0300,,
10963,3.000e-04,2.9634,,
10964,3.000e-04,2.9843,,
10965,3.000e-04,2.9855,,
10966,3.000e-04,2.9917,,
10967,3.000e-04,3.0114,,
10968,3.000e-04,2.9820,,
10969,3.000e-04,3.0131,,
10970,3.000e-04,3.0099,,
10971,3.000e-04,2.9844,,
10972,3.000e-04,3.0179,,
10973,3.000e-04,3.0317,,
10974,3.000e-04,3.0378,,
10975,3.000e-04,3.0220,,
10976,3.000e-04,3.0426,,
10977,3.000e-04,2.9982,,
10978,3.000e-04,3.0222,,
10979,3.000e-04,3.0020,,
10980,3.000e-04,3.0044,,
10981,3.000e-04,2.9897,,
10982,3.000e-04,3.0188,,
10983,3.000e-04,3.0122,,
10984,3.000e-04,2.9768,,
10985,3.000e-04,2.9871,,
10986,3.000e-04,3.0570,,
10987,3.000e-04,3.0176,,
10988,3.000e-04,3.0021,,
10989,3.000e-04,3.0199,,
10990,3.000e-04,3.0011,,
10991,3.000e-04,3.0064,,
10992,3.000e-04,3.0394,,
10993,3.000e-04,2.9633,,
10994,3.000e-04,3.0118,,
10995,3.000e-04,2.9693,,
10996,3.000e-04,3.0094,,
10997,3.000e-04,2.9903,,
10998,3.000e-04,2.9671,,
10999,3.000e-04,3.0160,,
11000,3.000e-04,3.0195,2.9802059054374697,
11001,3.000e-04,3.0008,,
11002,3.000e-04,2.9887,,
11003,3.000e-04,2.9729,,
11004,3.000e-04,3.0140,,
11005,3.000e-04,3.0360,,
11006,3.000e-04,3.0162,,
11007,3.000e-04,2.9868,,
11008,3.000e-04,2.9938,,
11009,3.000e-04,3.0056,,
11010,3.000e-04,3.0246,,
11011,3.000e-04,3.0189,,
11012,3.000e-04,3.0149,,
11013,3.000e-04,3.0299,,
11014,3.000e-04,3.0254,,
11015,3.000e-04,2.9945,,
11016,3.000e-04,3.0660,,
11017,3.000e-04,2.9712,,
11018,3.000e-04,2.9831,,
11019,3.000e-04,3.0407,,
11020,3.000e-04,3.0200,,
11021,3.000e-04,3.0045,,
11022,3.000e-04,3.0204,,
11023,3.000e-04,2.9787,,
11024,3.000e-04,3.0099,,
11025,3.000e-04,3.0285,,
11026,3.000e-04,3.0302,,
11027,3.000e-04,3.0091,,
11028,3.000e-04,3.0185,,
11029,3.000e-04,3.0534,,
11030,3.000e-04,3.0379,,
11031,3.000e-04,3.0069,,
11032,3.000e-04,3.0030,,
11033,3.000e-04,2.9856,,
11034,3.000e-04,3.0143,,
11035,3.000e-04,3.0388,,
11036,3.000e-04,3.0594,,
11037,3.000e-04,2.9892,,
11038,3.000e-04,3.0249,,
11039,3.000e-04,3.0007,,
11040,3.000e-04,3.0229,,
11041,3.000e-04,3.0345,,
11042,3.000e-04,3.0097,,
11043,3.000e-04,3.0506,,
11044,3.000e-04,2.9988,,
11045,3.000e-04,3.0322,,
11046,3.000e-04,3.0111,,
11047,3.000e-04,3.0116,,
11048,3.000e-04,3.0157,,
11049,3.000e-04,3.0255,,
11050,3.000e-04,2.9787,,
11051,3.000e-04,2.9976,,
11052,3.000e-04,3.0680,,
11053,3.000e-04,2.9702,,
11054,3.000e-04,3.0166,,
11055,3.000e-04,3.0083,,
11056,3.000e-04,3.0579,,
11057,3.000e-04,3.0280,,
11058,3.000e-04,3.0040,,
11059,3.000e-04,3.0358,,
11060,3.000e-04,2.9961,,
11061,3.000e-04,3.0391,,
11062,3.000e-04,2.9941,,
11063,3.000e-04,3.0103,,
11064,3.000e-04,3.0255,,
11065,3.000e-04,2.9912,,
11066,3.000e-04,3.0199,,
11067,3.000e-04,2.9971,,
11068,3.000e-04,3.0281,,
11069,3.000e-04,3.0285,,
11070,3.000e-04,3.0087,,
11071,3.000e-04,3.0187,,
11072,3.000e-04,3.0270,,
11073,3.000e-04,2.9915,,
11074,3.000e-04,2.9996,,
11075,3.000e-04,2.9782,,
11076,3.000e-04,3.0264,,
11077,3.000e-04,3.0167,,
11078,3.000e-04,2.9853,,
11079,3.000e-04,3.0228,,
11080,3.000e-04,2.9873,,
11081,3.000e-04,3.0148,,
11082,3.000e-04,3.0142,,
11083,3.000e-04,3.0269,,
11084,3.000e-04,3.0706,,
11085,3.000e-04,2.9893,,
11086,3.000e-04,2.9659,,
11087,3.000e-04,2.9896,,
11088,3.000e-04,3.0073,,
11089,3.000e-04,3.0195,,
11090,3.000e-04,3.0181,,
11091,3.000e-04,2.9897,,
11092,3.000e-04,2.9927,,
11093,3.000e-04,3.0395,,
11094,3.000e-04,2.9921,,
11095,3.000e-04,3.0107,,
11096,3.000e-04,3.0411,,
11097,3.000e-04,3.0091,,
11098,3.000e-04,3.0181,,
11099,3.000e-04,3.0003,,
11100,3.000e-04,3.0281,2.8530091047286987,
11101,3.000e-04,3.0450,,
11102,3.000e-04,3.0050,,
11103,3.000e-04,2.9936,,
11104,3.000e-04,3.0576,,
11105,3.000e-04,2.9849,,
11106,3.000e-04,2.9814,,
11107,3.000e-04,3.0730,,
11108,3.000e-04,2.9802,,
11109,3.000e-04,3.0153,,
11110,3.000e-04,3.0573,,
11111,3.000e-04,3.0050,,
11112,3.000e-04,3.0155,,
11113,3.000e-04,3.0098,,
11114,3.000e-04,3.0090,,
11115,3.000e-04,2.9906,,
11116,3.000e-04,2.9730,,
11117,3.000e-04,3.0180,,
11118,3.000e-04,3.0490,,
11119,3.000e-04,3.0106,,
11120,3.000e-04,3.0017,,
11121,3.000e-04,2.9860,,
11122,3.000e-04,3.0247,,
11123,3.000e-04,2.9962,,
11124,3.000e-04,2.9931,,
11125,3.000e-04,3.0516,,
11126,3.000e-04,2.9967,,
11127,3.000e-04,3.0539,,
11128,3.000e-04,3.0354,,
11129,3.000e-04,3.0410,,
11130,3.000e-04,2.9892,,
11131,3.000e-04,3.0079,,
11132,3.000e-04,3.0128,,
11133,3.000e-04,3.0449,,
11134,3.000e-04,3.0021,,
11135,3.000e-04,2.9894,,
11136,3.000e-04,2.9890,,
11137,3.000e-04,3.0304,,
11138,3.000e-04,2.9978,,
11139,3.000e-04,3.0340,,
11140,3.000e-04,2.9828,,
11141,3.000e-04,3.0096,,
11142,3.000e-04,3.0041,,
11143,3.000e-04,3.0511,,
11144,3.000e-04,2.9785,,
11145,3.000e-04,2.9814,,
11146,3.000e-04,3.0528,,
11147,3.000e-04,3.0275,,
11148,3.000e-04,2.9874,,
11149,3.000e-04,3.0021,,
11150,3.000e-04,2.9819,,
11151,3.000e-04,2.9828,,
11152,3.000e-04,3.0255,,
11153,3.000e-04,3.0649,,
11154,3.000e-04,3.0811,,
11155,3.000e-04,3.0151,,
11156,3.000e-04,3.0046,,
11157,3.000e-04,3.0071,,
11158,3.000e-04,3.0106,,
11159,3.000e-04,3.0021,,
11160,3.000e-04,3.0136,,
11161,3.000e-04,3.0224,,
11162,3.000e-04,3.0000,,
11163,3.000e-04,3.0206,,
11164,3.000e-04,3.0372,,
11165,3.000e-04,2.9716,,
11166,3.000e-04,3.0098,,
11167,3.000e-04,3.0049,,
11168,3.000e-04,3.0414,,
11169,3.000e-04,3.0317,,
11170,3.000e-04,3.0000,,
11171,3.000e-04,2.9752,,
11172,3.000e-04,3.0081,,
11173,3.000e-04,3.0175,,
11174,3.000e-04,2.9953,,
11175,3.000e-04,3.0197,,
11176,3.000e-04,2.9918,,
11177,3.000e-04,3.0166,,
11178,3.000e-04,3.0134,,
11179,3.000e-04,3.0310,,
11180,3.000e-04,3.0080,,
11181,3.000e-04,3.0210,,
11182,3.000e-04,3.0106,,
11183,3.000e-04,3.0330,,
11184,3.000e-04,3.0397,,
11185,3.000e-04,2.9795,,
11186,3.000e-04,3.0212,,
11187,3.000e-04,3.0178,,
11188,3.000e-04,3.0241,,
11189,3.000e-04,3.0108,,
11190,3.000e-04,3.0092,,
11191,3.000e-04,2.9930,,
11192,3.000e-04,3.0089,,
11193,3.000e-04,3.0058,,
11194,3.000e-04,3.0034,,
11195,3.000e-04,2.9665,,
11196,3.000e-04,3.0095,,
11197,3.000e-04,3.0327,,
11198,3.000e-04,3.0188,,
11199,3.000e-04,3.0393,,
11200,3.000e-04,2.9876,2.9652308344841005,
11201,3.000e-04,3.0341,,
11202,3.000e-04,3.0075,,
11203,3.000e-04,2.9809,,
11204,3.000e-04,2.9884,,
11205,3.000e-04,2.9886,,
11206,3.000e-04,3.0087,,
11207,3.000e-04,3.0045,,
11208,3.000e-04,3.0230,,
11209,3.000e-04,3.0242,,
11210,3.000e-04,2.9822,,
11211,3.000e-04,2.9927,,
11212,3.000e-04,3.0242,,
11213,3.000e-04,2.9918,,
11214,3.000e-04,3.0092,,
11215,3.000e-04,3.0294,,
11216,3.000e-04,3.0206,,
11217,3.000e-04,3.0105,,
11218,3.000e-04,3.0363,,
11219,3.000e-04,3.0144,,
11220,3.000e-04,2.9897,,
11221,3.000e-04,3.0589,,
11222,3.000e-04,2.9918,,
11223,3.000e-04,2.9541,,
11224,3.000e-04,3.0081,,
11225,3.000e-04,2.9666,,
11226,3.000e-04,2.9951,,
11227,3.000e-04,3.0368,,
11228,3.000e-04,3.0087,,
11229,3.000e-04,3.0009,,
11230,3.000e-04,3.0195,,
11231,3.000e-04,3.0544,,
11232,3.000e-04,3.0310,,
11233,3.000e-04,2.9952,,
11234,3.000e-04,3.0422,,
11235,3.000e-04,3.0158,,
11236,3.000e-04,3.0217,,
11237,3.000e-04,3.0312,,
11238,3.000e-04,3.0105,,
11239,3.000e-04,3.0319,,
11240,3.000e-04,2.9996,,
11241,3.000e-04,3.0163,,
11242,3.000e-04,3.0042,,
11243,3.000e-04,3.0193,,
11244,3.000e-04,3.0072,,
11245,3.000e-04,2.9920,,
11246,3.000e-04,3.0120,,
11247,3.000e-04,3.0028,,
11248,3.000e-04,3.0012,,
11249,3.000e-04,2.9914,,
11250,3.000e-04,2.9934,,
11251,3.000e-04,3.0297,,
11252,3.000e-04,2.9640,,
11253,3.000e-04,3.0176,,
11254,3.000e-04,3.0618,,
11255,3.000e-04,3.0152,,
11256,3.000e-04,3.0322,,
11257,3.000e-04,2.9871,,
11258,3.000e-04,3.0386,,
11259,3.000e-04,2.9958,,
11260,3.000e-04,2.9565,,
11261,3.000e-04,3.0195,,
11262,3.000e-04,2.9881,,
11263,3.000e-04,3.0254,,
11264,3.000e-04,2.9993,,
11265,3.000e-04,3.0026,,
11266,3.000e-04,3.0079,,
11267,3.000e-04,2.9737,,
11268,3.000e-04,2.9762,,
11269,3.000e-04,3.0012,,
11270,3.000e-04,3.0013,,
11271,3.000e-04,2.9589,,
11272,3.000e-04,2.9882,,
11273,3.000e-04,2.9847,,
11274,3.000e-04,3.0329,,
11275,3.000e-04,2.9858,,
11276,3.000e-04,2.9952,,
11277,3.000e-04,3.0279,,
11278,3.000e-04,3.0529,,
11279,3.000e-04,3.0222,,
11280,3.000e-04,3.0068,,
11281,3.000e-04,3.0252,,
11282,3.000e-04,3.0137,,
11283,3.000e-04,3.0078,,
11284,3.000e-04,2.9933,,
11285,3.000e-04,3.0286,,
11286,3.000e-04,3.0566,,
11287,3.000e-04,3.0167,,
11288,3.000e-04,3.0003,,
11289,3.000e-04,3.0360,,
11290,3.000e-04,2.9765,,
11291,3.000e-04,3.0295,,
11292,3.000e-04,2.9848,,
11293,3.000e-04,2.9984,,
11294,3.000e-04,2.9883,,
11295,3.000e-04,3.0259,,
11296,3.000e-04,3.0219,,
11297,3.000e-04,3.0160,,
11298,3.000e-04,2.9598,,
11299,3.000e-04,3.0098,,
11300,3.000e-04,3.0129,3.134028899669647,
11301,3.000e-04,2.9918,,
11302,3.000e-04,3.0289,,
11303,3.000e-04,2.9962,,
11304,3.000e-04,2.9519,,
11305,3.000e-04,3.0202,,
11306,3.000e-04,2.9701,,
11307,3.000e-04,2.9782,,
11308,3.000e-04,3.0391,,
11309,3.000e-04,2.9776,,
11310,3.000e-04,2.9886,,
11311,3.000e-04,3.0045,,
11312,3.000e-04,2.9989,,
11313,3.000e-04,2.9964,,
11314,3.000e-04,3.0281,,
11315,3.000e-04,3.0037,,
11316,3.000e-04,3.0233,,
11317,3.000e-04,2.9675,,
11318,3.000e-04,3.0295,,
11319,3.000e-04,2.9986,,
11320,3.000e-04,3.0199,,
11321,3.000e-04,2.9859,,
11322,3.000e-04,2.9671,,
11323,3.000e-04,2.9885,,
11324,3.000e-04,3.0248,,
11325,3.000e-04,3.0318,,
11326,3.000e-04,3.0081,,
11327,3.000e-04,2.9844,,
11328,3.000e-04,2.9936,,
11329,3.000e-04,2.9551,,
11330,3.000e-04,3.0327,,
11331,3.000e-04,2.9552,,
11332,3.000e-04,3.0222,,
11333,3.000e-04,3.0017,,
11334,3.000e-04,3.0394,,
11335,3.000e-04,3.0310,,
11336,3.000e-04,3.0367,,
11337,3.000e-04,2.9873,,
11338,3.000e-04,2.9852,,
11339,3.000e-04,3.0102,,
11340,3.000e-04,3.0320,,
11341,3.000e-04,3.0290,,
11342,3.000e-04,2.9731,,
11343,3.000e-04,3.0260,,
11344,3.000e-04,3.0493,,
11345,3.000e-04,2.9886,,
11346,3.000e-04,3.0046,,
11347,3.000e-04,3.0295,,
11348,3.000e-04,3.0001,,
11349,3.000e-04,3.0062,,
11350,3.000e-04,3.0014,,
11351,3.000e-04,2.9851,,
11352,3.000e-04,3.0220,,
11353,3.000e-04,3.0203,,
11354,3.000e-04,3.0169,,
11355,3.000e-04,3.0374,,
11356,3.000e-04,3.0431,,
11357,3.000e-04,3.0072,,
11358,3.000e-04,3.0232,,
11359,3.000e-04,3.0350,,
11360,3.000e-04,3.0111,,
11361,3.000e-04,3.0160,,
11362,3.000e-04,3.0216,,
11363,3.000e-04,3.0033,,
11364,3.000e-04,3.0040,,
11365,3.000e-04,2.9689,,
11366,3.000e-04,3.0022,,
11367,3.000e-04,2.9957,,
11368,3.000e-04,2.9805,,
11369,3.000e-04,2.9939,,
11370,3.000e-04,3.0225,,
11371,3.000e-04,2.9643,,
11372,3.000e-04,2.9886,,
11373,3.000e-04,3.0011,,
11374,3.000e-04,3.0415,,
11375,3.000e-04,3.0086,,
11376,3.000e-04,2.9823,,
11377,3.000e-04,2.9886,,
11378,3.000e-04,3.0020,,
11379,3.000e-04,3.0211,,
11380,3.000e-04,2.9822,,
11381,3.000e-04,3.0041,,
11382,3.000e-04,2.9662,,
11383,3.000e-04,2.9952,,
11384,3.000e-04,2.9715,,
11385,3.000e-04,3.0257,,
11386,3.000e-04,3.0113,,
11387,3.000e-04,3.0283,,
11388,3.000e-04,3.0365,,
11389,3.000e-04,3.0201,,
11390,3.000e-04,2.9575,,
11391,3.000e-04,2.9967,,
11392,3.000e-04,3.0484,,
11393,3.000e-04,2.9789,,
11394,3.000e-04,3.0024,,
11395,3.000e-04,3.0132,,
11396,3.000e-04,3.0276,,
11397,3.000e-04,3.0006,,
11398,3.000e-04,3.0009,,
11399,3.000e-04,3.0014,,
11400,3.000e-04,2.9974,2.906169068813324,
11401,3.000e-04,2.9924,,
11402,3.000e-04,3.0376,,
11403,3.000e-04,3.0030,,
11404,3.000e-04,3.0324,,
11405,3.000e-04,3.0264,,
11406,3.000e-04,2.9691,,
11407,3.000e-04,3.0150,,
11408,3.000e-04,2.9587,,
11409,3.000e-04,2.9498,,
11410,3.000e-04,3.0209,,
11411,3.000e-04,3.0246,,
11412,3.000e-04,3.0387,,
11413,3.000e-04,3.0314,,
11414,3.000e-04,2.9901,,
11415,3.000e-04,3.0051,,
11416,3.000e-04,3.0168,,
11417,3.000e-04,3.0437,,
11418,3.000e-04,2.9984,,
11419,3.000e-04,3.0158,,
11420,3.000e-04,3.0201,,
11421,3.000e-04,3.0211,,
11422,3.000e-04,3.0450,,
11423,3.000e-04,3.0077,,
11424,3.000e-04,2.9876,,
11425,3.000e-04,3.0010,,
11426,3.000e-04,2.9718,,
11427,3.000e-04,3.0211,,
11428,3.000e-04,3.0128,,
11429,3.000e-04,3.0089,,
11430,3.000e-04,3.0135,,
11431,3.000e-04,2.9486,,
11432,3.000e-04,3.0242,,
11433,3.000e-04,3.0169,,
11434,3.000e-04,3.0187,,
11435,3.000e-04,2.9912,,
11436,3.000e-04,3.0003,,
11437,3.000e-04,3.0342,,
11438,3.000e-04,3.0296,,
11439,3.000e-04,2.9582,,
11440,3.000e-04,3.0152,,
11441,3.000e-04,2.9553,,
11442,3.000e-04,3.0184,,
11443,3.000e-04,2.9712,,
11444,3.000e-04,2.9999,,
11445,3.000e-04,3.0114,,
11446,3.000e-04,3.0040,,
11447,3.000e-04,3.0327,,
11448,3.000e-04,3.0280,,
11449,3.000e-04,3.0280,,
11450,3.000e-04,2.9889,,
11451,3.000e-04,2.9980,,
11452,3.000e-04,2.9840,,
11453,3.000e-04,3.0401,,
11454,3.000e-04,3.0085,,
11455,3.000e-04,3.0091,,
11456,3.000e-04,3.0020,,
11457,3.000e-04,3.0091,,
11458,3.000e-04,3.0084,,
11459,3.000e-04,3.0371,,
11460,3.000e-04,2.9985,,
11461,3.000e-04,3.0181,,
11462,3.000e-04,3.0133,,
11463,3.000e-04,2.9810,,
11464,3.000e-04,3.0183,,
11465,3.000e-04,2.9470,,
11466,3.000e-04,3.0013,,
11467,3.000e-04,3.0211,,
11468,3.000e-04,3.0072,,
11469,3.000e-04,3.0225,,
11470,3.000e-04,3.0394,,
11471,3.000e-04,2.9793,,
11472,3.000e-04,2.9970,,
11473,3.000e-04,2.9706,,
11474,3.000e-04,2.9814,,
11475,3.000e-04,3.0307,,
11476,3.000e-04,2.9806,,
11477,3.000e-04,3.0435,,
11478,3.000e-04,3.0423,,
11479,3.000e-04,2.9726,,
11480,3.000e-04,3.0350,,
11481,3.000e-04,2.9953,,
11482,3.000e-04,3.0228,,
11483,3.000e-04,3.0312,,
11484,3.000e-04,3.0167,,
11485,3.000e-04,3.0049,,
11486,3.000e-04,2.9869,,
11487,3.000e-04,3.0323,,
11488,3.000e-04,3.0385,,
11489,3.000e-04,2.9997,,
11490,3.000e-04,2.9861,,
11491,3.000e-04,3.0188,,
11492,3.000e-04,2.9942,,
11493,3.000e-04,3.0321,,
11494,3.000e-04,2.9763,,
11495,3.000e-04,2.9820,,
11496,3.000e-04,3.0300,,
11497,3.000e-04,3.0244,,
11498,3.000e-04,2.9754,,
11499,3.000e-04,3.0296,,
11500,3.000e-04,3.0203,2.9520859479904176,
11501,3.000e-04,3.0258,,
11502,3.000e-04,3.0073,,
11503,3.000e-04,3.0078,,
11504,3.000e-04,2.9819,,
11505,3.000e-04,3.0121,,
11506,3.000e-04,2.9827,,
11507,3.000e-04,3.0406,,
11508,3.000e-04,2.9828,,
11509,3.000e-04,3.0339,,
11510,3.000e-04,3.0194,,
11511,3.000e-04,3.0290,,
11512,3.000e-04,2.9948,,
11513,3.000e-04,3.0139,,
11514,3.000e-04,2.9895,,
11515,3.000e-04,3.0359,,
11516,3.000e-04,2.9941,,
11517,3.000e-04,2.9949,,
11518,3.000e-04,3.0017,,
11519,3.000e-04,3.0057,,
11520,3.000e-04,3.0342,,
11521,3.000e-04,3.0438,,
11522,3.000e-04,2.9695,,
11523,3.000e-04,3.0185,,
11524,3.000e-04,2.9547,,
11525,3.000e-04,3.0150,,
11526,3.000e-04,2.9902,,
11527,3.000e-04,2.9819,,
11528,3.000e-04,3.0316,,
11529,3.000e-04,3.0277,,
11530,3.000e-04,3.0107,,
11531,3.000e-04,2.9838,,
11532,3.000e-04,2.9981,,
11533,3.000e-04,3.0012,,
11534,3.000e-04,3.0143,,
11535,3.000e-04,3.0007,,
11536,3.000e-04,2.9760,,
11537,3.000e-04,3.0379,,
11538,3.000e-04,3.0116,,
11539,3.000e-04,3.0468,,
11540,3.000e-04,3.0311,,
11541,3.000e-04,3.0184,,
11542,3.000e-04,3.0180,,
11543,3.000e-04,2.9692,,
11544,3.000e-04,3.0597,,
11545,3.000e-04,2.9886,,
11546,3.000e-04,3.0154,,
11547,3.000e-04,3.0106,,
11548,3.000e-04,3.0061,,
11549,3.000e-04,3.0176,,
11550,3.000e-04,2.9927,,
11551,3.000e-04,2.9793,,
11552,3.000e-04,2.9796,,
11553,3.000e-04,3.0130,,
11554,3.000e-04,3.0579,,
11555,3.000e-04,3.0272,,
11556,3.000e-04,2.9808,,
11557,3.000e-04,3.0238,,
11558,3.000e-04,3.0326,,
11559,3.000e-04,2.9837,,
11560,3.000e-04,3.0033,,
11561,3.000e-04,3.0372,,
11562,3.000e-04,3.0385,,
11563,3.000e-04,3.0363,,
11564,3.000e-04,3.0078,,
11565,3.000e-04,2.9855,,
11566,3.000e-04,3.0051,,
11567,3.000e-04,2.9931,,
11568,3.000e-04,2.9531,,
11569,3.000e-04,3.0045,,
11570,3.000e-04,2.9792,,
11571,3.000e-04,3.0443,,
11572,3.000e-04,2.9841,,
11573,3.000e-04,2.9720,,
11574,3.000e-04,2.9578,,
11575,3.000e-04,2.9849,,
11576,3.000e-04,3.0550,,
11577,3.000e-04,3.0240,,
11578,3.000e-04,3.0337,,
11579,3.000e-04,2.9816,,
11580,3.000e-04,2.9959,,
11581,3.000e-04,2.9843,,
11582,3.000e-04,2.9871,,
11583,3.000e-04,2.9883,,
11584,3.000e-04,3.0203,,
11585,3.000e-04,2.9337,,
11586,3.000e-04,3.0330,,
11587,3.000e-04,3.0258,,
11588,3.000e-04,2.9953,,
11589,3.000e-04,2.9968,,
11590,3.000e-04,3.0210,,
11591,3.000e-04,3.0227,,
11592,3.000e-04,3.0141,,
11593,3.000e-04,2.9928,,
11594,3.000e-04,3.0358,,
11595,3.000e-04,3.0059,,
11596,3.000e-04,3.0251,,
11597,3.000e-04,3.0216,,
11598,3.000e-04,3.0345,,
11599,3.000e-04,3.0259,,
11600,3.000e-04,3.0072,2.985957086086273,
11601,3.000e-04,2.9715,,
11602,3.000e-04,2.9651,,
11603,3.000e-04,2.9762,,
11604,3.000e-04,2.9811,,
11605,3.000e-04,3.0266,,
11606,3.000e-04,3.0153,,
11607,3.000e-04,3.0423,,
11608,3.000e-04,3.0115,,
11609,3.000e-04,3.0326,,
11610,3.000e-04,2.9958,,
11611,3.000e-04,3.0449,,
11612,3.000e-04,2.9713,,
11613,3.000e-04,3.0076,,
11614,3.000e-04,2.9685,,
11615,3.000e-04,3.0081,,
11616,3.000e-04,3.0282,,
11617,3.000e-04,2.9838,,
11618,3.000e-04,3.0397,,
11619,3.000e-04,2.9511,,
11620,3.000e-04,3.0403,,
11621,3.000e-04,2.9895,,
11622,3.000e-04,2.9821,,
11623,3.000e-04,3.0259,,
11624,3.000e-04,2.9694,,
11625,3.000e-04,3.0205,,
11626,3.000e-04,3.0164,,
11627,3.000e-04,2.9641,,
11628,3.000e-04,2.9872,,
11629,3.000e-04,2.9597,,
11630,3.000e-04,2.9679,,
11631,3.000e-04,3.0434,,
11632,3.000e-04,3.0026,,
11633,3.000e-04,3.0093,,
11634,3.000e-04,3.0545,,
11635,3.000e-04,2.9920,,
11636,3.000e-04,3.0119,,
11637,3.000e-04,3.0064,,
11638,3.000e-04,3.0240,,
11639,3.000e-04,3.0093,,
11640,3.000e-04,3.0064,,
11641,3.000e-04,2.9722,,
11642,3.000e-04,2.9924,,
11643,3.000e-04,3.0227,,
11644,3.000e-04,3.0141,,
11645,3.000e-04,2.9868,,
11646,3.000e-04,3.0199,,
11647,3.000e-04,2.9701,,
11648,3.000e-04,2.9990,,
11649,3.000e-04,3.0161,,
11650,3.000e-04,2.9851,,
11651,3.000e-04,3.0086,,
11652,3.000e-04,2.9504,,
11653,3.000e-04,2.9669,,
11654,3.000e-04,3.0065,,
11655,3.000e-04,2.9954,,
11656,3.000e-04,2.9989,,
11657,3.000e-04,3.0201,,
11658,3.000e-04,3.0193,,
11659,3.000e-04,2.9901,,
11660,3.000e-04,3.0185,,
11661,3.000e-04,3.0129,,
11662,3.000e-04,3.0099,,
11663,3.000e-04,3.0323,,
11664,3.000e-04,2.9908,,
11665,3.000e-04,2.9986,,
11666,3.000e-04,2.9843,,
11667,3.000e-04,3.0070,,
11668,3.000e-04,2.9902,,
11669,3.000e-04,3.0382,,
11670,3.000e-04,2.9830,,
11671,3.000e-04,3.0055,,
11672,3.000e-04,3.0141,,
11673,3.000e-04,3.0154,,
11674,3.000e-04,2.9962,,
11675,3.000e-04,3.0359,,
11676,3.000e-04,2.9643,,
11677,3.000e-04,3.0009,,
11678,3.000e-04,2.9540,,
11679,3.000e-04,2.9584,,
11680,3.000e-04,2.9835,,
11681,3.000e-04,2.9953,,
11682,3.000e-04,3.0157,,
11683,3.000e-04,3.0360,,
11684,3.000e-04,3.0117,,
11685,3.000e-04,3.0072,,
11686,3.000e-04,3.0143,,
11687,3.000e-04,3.0179,,
11688,3.000e-04,2.9924,,
11689,3.000e-04,3.0101,,
11690,3.000e-04,2.9766,,
11691,3.000e-04,2.9974,,
11692,3.000e-04,2.9636,,
11693,3.000e-04,2.9934,,
11694,3.000e-04,3.0167,,
11695,3.000e-04,3.0034,,
11696,3.000e-04,2.9777,,
11697,3.000e-04,3.0123,,
11698,3.000e-04,3.0592,,
11699,3.000e-04,2.9837,,
11700,3.000e-04,3.0169,2.9177922129631044,
11701,3.000e-04,3.0169,,
11702,3.000e-04,3.0162,,
11703,3.000e-04,2.9955,,
11704,3.000e-04,2.9971,,
11705,3.000e-04,2.9517,,
11706,3.000e-04,3.0065,,
11707,3.000e-04,2.9925,,
11708,3.000e-04,2.9899,,
11709,3.000e-04,2.9961,,
11710,3.000e-04,2.9943,,
11711,3.000e-04,2.9923,,
11712,3.000e-04,2.9735,,
11713,3.000e-04,3.0222,,
11714,3.000e-04,3.0161,,
11715,3.000e-04,3.0411,,
11716,3.000e-04,2.9914,,
11717,3.000e-04,2.9599,,
11718,3.000e-04,2.9857,,
11719,3.000e-04,3.0389,,
11720,3.000e-04,2.9683,,
11721,3.000e-04,3.0075,,
11722,3.000e-04,3.0015,,
11723,3.000e-04,3.0103,,
11724,3.000e-04,3.0021,,
11725,3.000e-04,3.0067,,
11726,3.000e-04,3.0307,,
11727,3.000e-04,3.0126,,
11728,3.000e-04,2.9619,,
11729,3.000e-04,2.9994,,
11730,3.000e-04,2.9682,,
11731,3.000e-04,3.0191,,
11732,3.000e-04,3.0315,,
11733,3.000e-04,3.0005,,
11734,3.000e-04,3.0330,,
11735,3.000e-04,2.9730,,
11736,3.000e-04,3.0296,,
11737,3.000e-04,3.0178,,
11738,3.000e-04,3.0202,,
11739,3.000e-04,2.9540,,
11740,3.000e-04,3.0161,,
11741,3.000e-04,3.0007,,
11742,3.000e-04,2.9891,,
11743,3.000e-04,3.0235,,
11744,3.000e-04,3.0139,,
11745,3.000e-04,3.0222,,
11746,3.000e-04,3.0093,,
11747,3.000e-04,3.0021,,
11748,3.000e-04,3.0460,,
11749,3.000e-04,2.9920,,
11750,3.000e-04,2.9974,,
11751,3.000e-04,2.9499,,
11752,3.000e-04,2.9797,,
11753,3.000e-04,2.9975,,
11754,3.000e-04,3.0301,,
11755,3.000e-04,3.0007,,
11756,3.000e-04,2.9692,,
11757,3.000e-04,3.0265,,
11758,3.000e-04,3.0151,,
11759,3.000e-04,3.0041,,
11760,3.000e-04,2.9975,,
11761,3.000e-04,3.0236,,
11762,3.000e-04,3.0245,,
11763,3.000e-04,3.0017,,
11764,3.000e-04,3.0292,,
11765,3.000e-04,3.0035,,
11766,3.000e-04,2.9775,,
11767,3.000e-04,2.9686,,
11768,3.000e-04,2.9934,,
11769,3.000e-04,2.9769,,
11770,3.000e-04,3.0175,,
11771,3.000e-04,2.9987,,
11772,3.000e-04,2.9711,,
11773,3.000e-04,2.9605,,
11774,3.000e-04,2.9656,,
11775,3.000e-04,3.0048,,
11776,3.000e-04,2.9928,,
11777,3.000e-04,2.9927,,
11778,3.000e-04,3.0219,,
11779,3.000e-04,2.9951,,
11780,3.000e-04,2.9382,,
11781,3.000e-04,3.0276,,
11782,3.000e-04,2.9884,,
11783,3.000e-04,3.0577,,
11784,3.000e-04,2.9716,,
11785,3.000e-04,2.9948,,
11786,3.000e-04,2.9735,,
11787,3.000e-04,2.9787,,
11788,3.000e-04,3.0238,,
11789,3.000e-04,2.9663,,
11790,3.000e-04,3.0532,,
11791,3.000e-04,2.9933,,
11792,3.000e-04,3.0297,,
11793,3.000e-04,2.9996,,
11794,3.000e-04,2.9925,,
11795,3.000e-04,2.9646,,
11796,3.000e-04,2.9786,,
11797,3.000e-04,3.0005,,
11798,3.000e-04,2.9971,,
11799,3.000e-04,2.9995,,
11800,3.000e-04,2.9702,2.9620653867721556,
11801,3.000e-04,2.9663,,
11802,3.000e-04,2.9838,,
11803,3.000e-04,3.0275,,
11804,3.000e-04,2.9896,,
11805,3.000e-04,3.0003,,
11806,3.000e-04,2.9864,,
11807,3.000e-04,2.9654,,
11808,3.000e-04,3.0226,,
11809,3.000e-04,3.0056,,
11810,3.000e-04,2.9947,,
11811,3.000e-04,3.0315,,
11812,3.000e-04,3.0150,,
11813,3.000e-04,3.0022,,
11814,3.000e-04,3.0156,,
11815,3.000e-04,3.0252,,
11816,3.000e-04,3.0030,,
11817,3.000e-04,3.0130,,
11818,3.000e-04,3.0170,,
11819,3.000e-04,3.0244,,
11820,3.000e-04,2.9884,,
11821,3.000e-04,2.9931,,
11822,3.000e-04,2.9770,,
11823,3.000e-04,3.0377,,
11824,3.000e-04,2.9638,,
11825,3.000e-04,3.0649,,
11826,3.000e-04,3.0386,,
11827,3.000e-04,2.9730,,
11828,3.000e-04,2.9721,,
11829,3.000e-04,2.9756,,
11830,3.000e-04,3.0243,,
11831,3.000e-04,3.0239,,
11832,3.000e-04,3.0081,,
11833,3.000e-04,3.0187,,
11834,3.000e-04,2.9831,,
11835,3.000e-04,2.9648,,
11836,3.000e-04,3.0204,,
11837,3.000e-04,2.9499,,
11838,3.000e-04,2.9966,,
11839,3.000e-04,3.0221,,
11840,3.000e-04,3.0297,,
11841,3.000e-04,2.9943,,
11842,3.000e-04,2.9990,,
11843,3.000e-04,2.9850,,
11844,3.000e-04,2.9967,,
11845,3.000e-04,3.0320,,
11846,3.000e-04,3.0284,,
11847,3.000e-04,3.0416,,
11848,3.000e-04,2.9779,,
11849,3.000e-04,2.9861,,
11850,3.000e-04,2.9948,,
11851,3.000e-04,2.9933,,
11852,3.000e-04,2.9898,,
11853,3.000e-04,3.0188,,
11854,3.000e-04,2.9915,,
11855,3.000e-04,3.0261,,
11856,3.000e-04,2.9988,,
11857,3.000e-04,2.9913,,
11858,3.000e-04,2.9981,,
11859,3.000e-04,3.0275,,
11860,3.000e-04,2.9821,,
11861,3.000e-04,3.0024,,
11862,3.000e-04,3.0043,,
11863,3.000e-04,2.9878,,
11864,3.000e-04,3.0402,,
11865,3.000e-04,2.9570,,
11866,3.000e-04,2.9924,,
11867,3.000e-04,3.0175,,
11868,3.000e-04,3.0179,,
11869,3.000e-04,3.0139,,
11870,3.000e-04,2.9500,,
11871,3.000e-04,2.9576,,
11872,3.000e-04,2.9676,,
11873,3.000e-04,2.9798,,
11874,3.000e-04,3.0329,,
11875,3.000e-04,3.0099,,
11876,3.000e-04,3.0192,,
11877,3.000e-04,2.9756,,
11878,3.000e-04,2.9886,,
11879,3.000e-04,2.9810,,
11880,3.000e-04,2.9954,,
11881,3.000e-04,2.9662,,
11882,3.000e-04,2.9901,,
11883,3.000e-04,2.9746,,
11884,3.000e-04,3.0054,,
11885,3.000e-04,3.0074,,
11886,3.000e-04,2.9614,,
11887,3.000e-04,2.9590,,
11888,3.000e-04,2.9944,,
11889,3.000e-04,2.9869,,
11890,3.000e-04,2.9847,,
11891,3.000e-04,3.0252,,
11892,3.000e-04,2.9939,,
11893,3.000e-04,2.9820,,
11894,3.000e-04,3.0206,,
11895,3.000e-04,3.0155,,
11896,3.000e-04,2.9867,,
11897,3.000e-04,2.9724,,
11898,3.000e-04,3.0091,,
11899,3.000e-04,2.9944,,
11900,3.000e-04,2.9767,2.921976017951965,
11901,3.000e-04,3.0286,,
11902,3.000e-04,2.9888,,
11903,3.000e-04,3.0058,,
11904,3.000e-04,3.0007,,
11905,3.000e-04,2.9682,,
11906,3.000e-04,2.9975,,
11907,3.000e-04,3.0253,,
11908,3.000e-04,3.0032,,
11909,3.000e-04,3.0012,,
11910,3.000e-04,2.9928,,
11911,3.000e-04,2.9869,,
11912,3.000e-04,2.9723,,
11913,3.000e-04,2.9745,,
11914,3.000e-04,3.0007,,
11915,3.000e-04,3.0154,,
11916,3.000e-04,2.9816,,
11917,3.000e-04,3.0151,,
11918,3.000e-04,3.0237,,
11919,3.000e-04,3.0405,,
11920,3.000e-04,2.9659,,
11921,3.000e-04,2.9717,,
11922,3.000e-04,3.0213,,
11923,3.000e-04,3.0010,,
11924,3.000e-04,3.0218,,
11925,3.000e-04,2.9887,,
11926,3.000e-04,3.0082,,
11927,3.000e-04,2.9923,,
11928,3.000e-04,2.9806,,
11929,3.000e-04,2.9795,,
11930,3.000e-04,3.0101,,
11931,3.000e-04,2.9846,,
11932,3.000e-04,2.9667,,
11933,3.000e-04,3.0275,,
11934,3.000e-04,2.9681,,
11935,3.000e-04,3.0235,,
11936,3.000e-04,3.0058,,
11937,3.000e-04,2.9903,,
11938,3.000e-04,2.9668,,
11939,3.000e-04,3.0069,,
11940,3.000e-04,2.9932,,
11941,3.000e-04,3.0054,,
11942,3.000e-04,3.0335,,
11943,3.000e-04,3.0071,,
11944,3.000e-04,3.0186,,
11945,3.000e-04,2.9843,,
11946,3.000e-04,2.9634,,
11947,3.000e-04,3.0176,,
11948,3.000e-04,2.9689,,
11949,3.000e-04,2.9645,,
11950,3.000e-04,2.9909,,
11951,3.000e-04,3.0105,,
11952,3.000e-04,2.9723,,
11953,3.000e-04,3.0225,,
11954,3.000e-04,2.9915,,
11955,3.000e-04,2.9764,,
11956,3.000e-04,3.0081,,
11957,3.000e-04,3.0242,,
11958,3.000e-04,2.9700,,
11959,3.000e-04,2.9919,,
11960,3.000e-04,2.9447,,
11961,3.000e-04,2.9951,,
11962,3.000e-04,3.0254,,
11963,3.000e-04,2.9669,,
11964,3.000e-04,3.0047,,
11965,3.000e-04,2.9987,,
11966,3.000e-04,2.9982,,
11967,3.000e-04,2.9899,,
11968,3.000e-04,2.9700,,
11969,3.000e-04,2.9602,,
11970,3.000e-04,3.0020,,
11971,3.000e-04,2.9931,,
11972,3.000e-04,2.9633,,
11973,3.000e-04,3.0073,,
11974,3.000e-04,2.9901,,
11975,3.000e-04,3.0038,,
11976,3.000e-04,2.9929,,
11977,3.000e-04,3.0067,,
11978,3.000e-04,2.9773,,
11979,3.000e-04,2.9886,,
11980,3.000e-04,3.0062,,
11981,3.000e-04,3.0070,,
11982,3.000e-04,3.0033,,
11983,3.000e-04,3.0203,,
11984,3.000e-04,2.9837,,
11985,3.000e-04,2.9926,,
11986,3.000e-04,3.0091,,
11987,3.000e-04,2.9976,,
11988,3.000e-04,3.0257,,
11989,3.000e-04,3.0207,,
11990,3.000e-04,2.9810,,
11991,3.000e-04,2.9937,,
11992,3.000e-04,3.0122,,
11993,3.000e-04,2.9934,,
11994,3.000e-04,2.9745,,
11995,3.000e-04,2.9941,,
11996,3.000e-04,3.0092,,
11997,3.000e-04,3.0281,,
11998,3.000e-04,2.9445,,
11999,3.000e-04,3.0303,,
12000,3.000e-04,2.9729,2.9110323190689087,
12001,3.000e-04,3.0011,,
12002,3.000e-04,3.0063,,
12003,3.000e-04,2.9895,,
12004,3.000e-04,2.9922,,
12005,3.000e-04,2.9869,,
12006,3.000e-04,3.0492,,
12007,3.000e-04,2.9918,,
12008,3.000e-04,2.9880,,
12009,3.000e-04,2.9680,,
12010,3.000e-04,3.0143,,
12011,3.000e-04,3.0295,,
12012,3.000e-04,3.0060,,
12013,3.000e-04,2.9479,,
12014,3.000e-04,2.9580,,
12015,3.000e-04,3.0026,,
12016,3.000e-04,2.9922,,
12017,3.000e-04,2.9811,,
12018,3.000e-04,2.9731,,
12019,3.000e-04,3.0283,,
12020,3.000e-04,3.0150,,
12021,3.000e-04,2.9936,,
12022,3.000e-04,2.9835,,
12023,3.000e-04,2.9884,,
12024,3.000e-04,2.9978,,
12025,3.000e-04,3.0153,,
12026,3.000e-04,2.9913,,
12027,3.000e-04,3.0053,,
12028,3.000e-04,3.0415,,
12029,3.000e-04,3.0087,,
12030,3.000e-04,3.0018,,
12031,3.000e-04,2.9636,,
12032,3.000e-04,3.0250,,
12033,3.000e-04,3.0066,,
12034,3.000e-04,2.9868,,
12035,3.000e-04,2.9866,,
12036,3.000e-04,3.0009,,
12037,3.000e-04,2.9961,,
12038,3.000e-04,3.0166,,
12039,3.000e-04,2.9745,,
12040,3.000e-04,2.9605,,
12041,3.000e-04,2.9975,,
12042,3.000e-04,2.9851,,
12043,3.000e-04,3.0028,,
12044,3.000e-04,2.9948,,
12045,3.000e-04,3.0303,,
12046,3.000e-04,2.9839,,
12047,3.000e-04,2.9790,,
12048,3.000e-04,2.9809,,
12049,3.000e-04,2.9916,,
12050,3.000e-04,2.9855,,
12051,3.000e-04,2.9692,,
12052,3.000e-04,2.9583,,
12053,3.000e-04,2.9610,,
12054,3.000e-04,2.9998,,
12055,3.000e-04,3.0012,,
12056,3.000e-04,3.0163,,
12057,3.000e-04,2.9698,,
12058,3.000e-04,3.0229,,
12059,3.000e-04,3.0033,,
12060,3.000e-04,2.9889,,
12061,3.000e-04,3.0235,,
12062,3.000e-04,3.0087,,
12063,3.000e-04,2.9996,,
12064,3.000e-04,2.9691,,
12065,3.000e-04,2.9845,,
12066,3.000e-04,3.0270,,
12067,3.000e-04,3.0216,,
12068,3.000e-04,2.9512,,
12069,3.000e-04,2.9840,,
12070,3.000e-04,2.9977,,
12071,3.000e-04,3.0060,,
12072,3.000e-04,2.9772,,
12073,3.000e-04,3.0018,,
12074,3.000e-04,3.0034,,
12075,3.000e-04,3.0253,,
12076,3.000e-04,3.0004,,
12077,3.000e-04,2.9993,,
12078,3.000e-04,3.0015,,
12079,3.000e-04,3.0330,,
12080,3.000e-04,2.9775,,
12081,3.000e-04,3.0024,,
12082,3.000e-04,2.9946,,
12083,3.000e-04,3.0295,,
12084,3.000e-04,3.0127,,
12085,3.000e-04,2.9951,,
12086,3.000e-04,2.9818,,
12087,3.000e-04,2.9735,,
12088,3.000e-04,3.0021,,
12089,3.000e-04,3.0343,,
12090,3.000e-04,2.9635,,
12091,3.000e-04,3.0366,,
12092,3.000e-04,2.9407,,
12093,3.000e-04,3.0231,,
12094,3.000e-04,2.9897,,
12095,3.000e-04,2.9973,,
12096,3.000e-04,3.0242,,
12097,3.000e-04,2.9745,,
12098,3.000e-04,2.9773,,
12099,3.000e-04,2.9959,,
12100,3.000e-04,3.0183,3.033420991897583,
12101,3.000e-04,3.0253,,
12102,3.000e-04,3.0229,,
12103,3.000e-04,3.0027,,
12104,3.000e-04,2.9166,,
12105,3.000e-04,2.9932,,
12106,3.000e-04,3.0261,,
12107,3.000e-04,3.0160,,
12108,3.000e-04,3.0224,,
12109,3.000e-04,3.0263,,
12110,3.000e-04,3.0066,,
12111,3.000e-04,3.0166,,
12112,3.000e-04,2.9659,,
12113,3.000e-04,3.0314,,
12114,3.000e-04,3.0418,,
12115,3.000e-04,3.0081,,
12116,3.000e-04,2.9955,,
12117,3.000e-04,2.9975,,
12118,3.000e-04,2.9820,,
12119,3.000e-04,2.9704,,
12120,3.000e-04,2.9818,,
12121,3.000e-04,2.9771,,
12122,3.000e-04,2.9905,,
12123,3.000e-04,2.9995,,
12124,3.000e-04,3.0063,,
12125,3.000e-04,3.0134,,
12126,3.000e-04,2.9964,,
12127,3.000e-04,2.9886,,
12128,3.000e-04,3.0006,,
12129,3.000e-04,2.9770,,
12130,3.000e-04,2.9824,,
12131,3.000e-04,3.0020,,
12132,3.000e-04,2.9798,,
12133,3.000e-04,3.0236,,
12134,3.000e-04,3.0016,,
12135,3.000e-04,3.0272,,
12136,3.000e-04,3.0117,,
12137,3.000e-04,3.0009,,
12138,3.000e-04,2.9717,,
12139,3.000e-04,2.9665,,
12140,3.000e-04,3.0176,,
12141,3.000e-04,3.0254,,
12142,3.000e-04,2.9621,,
12143,3.000e-04,2.9879,,
12144,3.000e-04,2.9756,,
12145,3.000e-04,2.9889,,
12146,3.000e-04,3.0014,,
12147,3.000e-04,2.9865,,
12148,3.000e-04,3.0149,,
12149,3.000e-04,3.0597,,
12150,3.000e-04,3.0019,,
12151,3.000e-04,2.9388,,
12152,3.000e-04,2.9993,,
12153,3.000e-04,3.0317,,
12154,3.000e-04,2.9773,,
12155,3.000e-04,2.9932,,
12156,3.000e-04,2.9713,,
12157,3.000e-04,2.9880,,
12158,3.000e-04,3.0045,,
12159,3.000e-04,2.9775,,
12160,3.000e-04,2.9891,,
12161,3.000e-04,2.9974,,
12162,3.000e-04,2.9627,,
12163,3.000e-04,3.0417,,
12164,3.000e-04,3.0007,,
12165,3.000e-04,2.9924,,
12166,3.000e-04,3.0158,,
12167,3.000e-04,2.9959,,
12168,3.000e-04,2.9561,,
12169,3.000e-04,2.9942,,
12170,3.000e-04,2.9822,,
12171,3.000e-04,2.9876,,
12172,3.000e-04,3.0031,,
12173,3.000e-04,3.0093,,
12174,3.000e-04,2.9634,,
12175,3.000e-04,3.0010,,
12176,3.000e-04,2.9826,,
12177,3.000e-04,2.9555,,
12178,3.000e-04,3.0042,,
12179,3.000e-04,3.0074,,
12180,3.000e-04,2.9871,,
12181,3.000e-04,2.9702,,
12182,3.000e-04,3.0359,,
12183,3.000e-04,2.9616,,
12184,3.000e-04,2.9506,,
12185,3.000e-04,2.9714,,
12186,3.000e-04,3.0103,,
12187,3.000e-04,2.9696,,
12188,3.000e-04,3.0196,,
12189,3.000e-04,2.9733,,
12190,3.000e-04,3.0168,,
12191,3.000e-04,2.9739,,
12192,3.000e-04,2.9831,,
12193,3.000e-04,2.9940,,
12194,3.000e-04,2.9768,,
12195,3.000e-04,3.0101,,
12196,3.000e-04,2.9760,,
12197,3.000e-04,2.9968,,
12198,3.000e-04,2.9942,,
12199,3.000e-04,2.9753,,
12200,3.000e-04,2.9965,2.9786813616752625,
12201,3.000e-04,3.0023,,
12202,3.000e-04,2.9356,,
12203,3.000e-04,2.9964,,
12204,3.000e-04,3.0303,,
12205,3.000e-04,2.9673,,
12206,3.000e-04,3.0575,,
12207,3.000e-04,2.9949,,
12208,3.000e-04,3.0160,,
12209,3.000e-04,2.9755,,
12210,3.000e-04,2.9918,,
12211,3.000e-04,2.9660,,
12212,3.000e-04,3.0034,,
12213,3.000e-04,2.9855,,
12214,3.000e-04,2.9676,,
12215,3.000e-04,2.9475,,
12216,3.000e-04,2.9981,,
12217,3.000e-04,3.0155,,
12218,3.000e-04,3.0258,,
12219,3.000e-04,2.9712,,
12220,3.000e-04,2.9631,,
12221,3.000e-04,2.9739,,
12222,3.000e-04,3.0080,,
12223,3.000e-04,2.9779,,
12224,3.000e-04,2.9732,,
12225,3.000e-04,3.0023,,
12226,3.000e-04,2.9946,,
12227,3.000e-04,3.0128,,
12228,3.000e-04,3.0027,,
12229,3.000e-04,2.9377,,
12230,3.000e-04,2.9926,,
12231,3.000e-04,2.9567,,
12232,3.000e-04,2.9833,,
12233,3.000e-04,2.9287,,
12234,3.000e-04,3.0100,,
12235,3.000e-04,2.9522,,
12236,3.000e-04,2.9736,,
12237,3.000e-04,2.9736,,
12238,3.000e-04,2.9988,,
12239,3.000e-04,2.9960,,
12240,3.000e-04,2.9581,,
12241,3.000e-04,3.0030,,
12242,3.000e-04,2.9790,,
12243,3.000e-04,2.9660,,
12244,3.000e-04,2.9968,,
12245,3.000e-04,3.0093,,
12246,3.000e-04,2.9334,,
12247,3.000e-04,2.9479,,
12248,3.000e-04,2.9380,,
12249,3.000e-04,2.9773,,
12250,3.000e-04,3.0230,,
12251,3.000e-04,2.9895,,
12252,3.000e-04,3.0020,,
12253,3.000e-04,3.0343,,
12254,3.000e-04,2.9978,,
12255,3.000e-04,3.0215,,
12256,3.000e-04,2.9852,,
12257,3.000e-04,3.0060,,
12258,3.000e-04,2.9872,,
12259,3.000e-04,3.0268,,
12260,3.000e-04,2.9991,,
12261,3.000e-04,3.0129,,
12262,3.000e-04,2.9745,,
12263,3.000e-04,2.9943,,
12264,3.000e-04,2.9837,,
12265,3.000e-04,2.9885,,
12266,3.000e-04,2.9835,,
12267,3.000e-04,2.9895,,
12268,3.000e-04,2.9968,,
12269,3.000e-04,2.9857,,
12270,3.000e-04,2.9979,,
12271,3.000e-04,2.9784,,
12272,3.000e-04,2.9780,,
12273,3.000e-04,2.9723,,
12274,3.000e-04,3.0083,,
12275,3.000e-04,2.9913,,
12276,3.000e-04,2.9688,,
12277,3.000e-04,2.9669,,
12278,3.000e-04,3.0037,,
12279,3.000e-04,2.9508,,
12280,3.000e-04,2.9907,,
12281,3.000e-04,3.0030,,
12282,3.000e-04,3.0034,,
12283,3.000e-04,2.9517,,
12284,3.000e-04,3.0025,,
12285,3.000e-04,2.9824,,
12286,3.000e-04,2.9714,,
12287,3.000e-04,2.9899,,
12288,3.000e-04,3.0071,,
12289,3.000e-04,2.9774,,
12290,3.000e-04,3.0204,,
12291,3.000e-04,2.9832,,
12292,3.000e-04,2.9690,,
12293,3.000e-04,3.0348,,
12294,3.000e-04,2.9823,,
12295,3.000e-04,2.9782,,
12296,3.000e-04,2.9755,,
12297,3.000e-04,2.9832,,
12298,3.000e-04,3.0442,,
12299,3.000e-04,3.0085,,
12300,3.000e-04,2.9850,3.0505611658096314,
12301,3.000e-04,2.9713,,
12302,3.000e-04,2.9997,,
12303,3.000e-04,2.9799,,
12304,3.000e-04,2.9507,,
12305,3.000e-04,2.9923,,
12306,3.000e-04,2.9952,,
12307,3.000e-04,2.9900,,
12308,3.000e-04,2.9531,,
12309,3.000e-04,2.9539,,
12310,3.000e-04,3.0021,,
12311,3.000e-04,2.9830,,
12312,3.000e-04,2.9765,,
12313,3.000e-04,2.9812,,
12314,3.000e-04,2.9621,,
12315,3.000e-04,2.9794,,
12316,3.000e-04,2.9818,,
12317,3.000e-04,3.0049,,
12318,3.000e-04,2.9818,,
12319,3.000e-04,3.0231,,
12320,3.000e-04,2.9859,,
12321,3.000e-04,2.9798,,
12322,3.000e-04,2.9894,,
12323,3.000e-04,2.9271,,
12324,3.000e-04,2.9737,,
12325,3.000e-04,3.0428,,
12326,3.000e-04,2.9732,,
12327,3.000e-04,3.0098,,
12328,3.000e-04,2.9682,,
12329,3.000e-04,2.9680,,
12330,3.000e-04,2.9609,,
12331,3.000e-04,3.0013,,
12332,3.000e-04,2.9693,,
12333,3.000e-04,3.0067,,
12334,3.000e-04,2.9650,,
12335,3.000e-04,2.9993,,
12336,3.000e-04,2.9662,,
12337,3.000e-04,3.0095,,
12338,3.000e-04,2.9864,,
12339,3.000e-04,2.9563,,
12340,3.000e-04,2.9707,,
12341,3.000e-04,2.9740,,
12342,3.000e-04,3.0221,,
12343,3.000e-04,2.9454,,
12344,3.000e-04,2.9685,,
12345,3.000e-04,2.9558,,
12346,3.000e-04,2.9562,,
12347,3.000e-04,3.0275,,
12348,3.000e-04,2.9922,,
12349,3.000e-04,3.0102,,
12350,3.000e-04,3.0140,,
12351,3.000e-04,2.9561,,
12352,3.000e-04,2.9995,,
12353,3.000e-04,3.0326,,
12354,3.000e-04,3.0113,,
12355,3.000e-04,3.0088,,
12356,3.000e-04,3.0075,,
12357,3.000e-04,3.0141,,
12358,3.000e-04,2.9535,,
12359,3.000e-04,2.9655,,
12360,3.000e-04,2.9903,,
12361,3.000e-04,2.9697,,
12362,3.000e-04,3.0007,,
12363,3.000e-04,2.9743,,
12364,3.000e-04,3.0346,,
12365,3.000e-04,2.9737,,
12366,3.000e-04,2.9880,,
12367,3.000e-04,2.9729,,
12368,3.000e-04,2.9926,,
12369,3.000e-04,2.9823,,
12370,3.000e-04,2.9805,,
12371,3.000e-04,3.0121,,
12372,3.000e-04,2.9345,,
12373,3.000e-04,2.9799,,
12374,3.000e-04,3.0186,,
12375,3.000e-04,3.0209,,
12376,3.000e-04,2.9965,,
12377,3.000e-04,2.9979,,
12378,3.000e-04,3.0016,,
12379,3.000e-04,2.9572,,
12380,3.000e-04,2.9859,,
12381,3.000e-04,2.9749,,
12382,3.000e-04,2.9871,,
12383,3.000e-04,2.9605,,
12384,3.000e-04,3.0042,,
12385,3.000e-04,2.9721,,
12386,3.000e-04,3.0297,,
12387,3.000e-04,2.9894,,
12388,3.000e-04,2.9905,,
12389,3.000e-04,3.0016,,
12390,3.000e-04,2.9907,,
12391,3.000e-04,3.0529,,
12392,3.000e-04,3.0272,,
12393,3.000e-04,2.9435,,
12394,3.000e-04,2.9699,,
12395,3.000e-04,2.9963,,
12396,3.000e-04,2.9740,,
12397,3.000e-04,2.9829,,
12398,3.000e-04,2.9994,,
12399,3.000e-04,2.9749,,
12400,3.000e-04,2.9701,2.9236427903175355,
12401,3.000e-04,2.9727,,
12402,3.000e-04,2.9971,,
12403,3.000e-04,2.9955,,
12404,3.000e-04,2.9935,,
12405,3.000e-04,2.9637,,
12406,3.000e-04,3.0015,,
12407,3.000e-04,2.9552,,
12408,3.000e-04,3.0310,,
12409,3.000e-04,2.9840,,
12410,3.000e-04,3.0314,,
12411,3.000e-04,3.0164,,
12412,3.000e-04,2.9767,,
12413,3.000e-04,2.9986,,
12414,3.000e-04,2.9706,,
12415,3.000e-04,2.9781,,
12416,3.000e-04,3.0153,,
12417,3.000e-04,3.0035,,
12418,3.000e-04,3.0131,,
12419,3.000e-04,2.9483,,
12420,3.000e-04,2.9857,,
12421,3.000e-04,2.9985,,
12422,3.000e-04,2.9909,,
12423,3.000e-04,2.9832,,
12424,3.000e-04,2.9912,,
12425,3.000e-04,2.9746,,
12426,3.000e-04,3.0290,,
12427,3.000e-04,2.9729,,
12428,3.000e-04,3.0109,,
12429,3.000e-04,2.9924,,
12430,3.000e-04,2.9742,,
12431,3.000e-04,2.9880,,
12432,3.000e-04,3.0164,,
12433,3.000e-04,3.0007,,
12434,3.000e-04,2.9699,,
12435,3.000e-04,3.0320,,
12436,3.000e-04,2.9930,,
12437,3.000e-04,2.9639,,
12438,3.000e-04,3.0001,,
12439,3.000e-04,2.9813,,
12440,3.000e-04,2.9928,,
12441,3.000e-04,2.9684,,
12442,3.000e-04,2.9537,,
12443,3.000e-04,2.9847,,
12444,3.000e-04,3.0204,,
12445,3.000e-04,2.9661,,
12446,3.000e-04,2.9766,,
12447,3.000e-04,2.9287,,
12448,3.000e-04,2.9923,,
12449,3.000e-04,3.0022,,
12450,3.000e-04,3.0159,,
12451,3.000e-04,2.9936,,
12452,3.000e-04,2.9783,,
12453,3.000e-04,3.0100,,
12454,3.000e-04,2.9930,,
12455,3.000e-04,2.9721,,
12456,3.000e-04,2.9863,,
12457,3.000e-04,2.9899,,
12458,3.000e-04,3.0059,,
12459,3.000e-04,2.9666,,
12460,3.000e-04,2.9894,,
12461,3.000e-04,2.9537,,
12462,3.000e-04,2.9975,,
12463,3.000e-04,3.0430,,
12464,3.000e-04,2.9589,,
12465,3.000e-04,3.0110,,
12466,3.000e-04,2.9548,,
12467,3.000e-04,2.9866,,
12468,3.000e-04,2.9288,,
12469,3.000e-04,2.9947,,
12470,3.000e-04,2.9783,,
12471,3.000e-04,2.9651,,
12472,3.000e-04,2.9531,,
12473,3.000e-04,2.9892,,
12474,3.000e-04,2.9948,,
12475,3.000e-04,2.9495,,
12476,3.000e-04,2.9927,,
12477,3.000e-04,2.9647,,
12478,3.000e-04,2.9640,,
12479,3.000e-04,2.9794,,
12480,3.000e-04,3.0127,,
12481,3.000e-04,3.0274,,
12482,3.000e-04,2.9787,,
12483,3.000e-04,2.9828,,
12484,3.000e-04,3.0039,,
12485,3.000e-04,3.0075,,
12486,3.000e-04,3.0047,,
12487,3.000e-04,2.9570,,
12488,3.000e-04,2.9828,,
12489,3.000e-04,3.0023,,
12490,3.000e-04,2.9984,,
12491,3.000e-04,2.9987,,
12492,3.000e-04,3.0225,,
12493,3.000e-04,2.9753,,
12494,3.000e-04,2.9822,,
12495,3.000e-04,2.9626,,
12496,3.000e-04,2.9381,,
12497,3.000e-04,2.9926,,
12498,3.000e-04,3.0356,,
12499,3.000e-04,3.0051,,
12500,3.000e-04,2.9734,3.027968907356262,
12501,3.000e-04,2.9674,,
12502,3.000e-04,2.9481,,
12503,3.000e-04,3.0066,,
12504,3.000e-04,2.9599,,
12505,3.000e-04,3.0016,,
12506,3.000e-04,2.9610,,
12507,3.000e-04,2.9998,,
12508,3.000e-04,3.0284,,
12509,3.000e-04,2.9761,,
12510,3.000e-04,3.0087,,
12511,3.000e-04,2.9847,,
12512,3.000e-04,3.0107,,
12513,3.000e-04,2.9610,,
12514,3.000e-04,3.0025,,
12515,3.000e-04,2.9900,,
12516,3.000e-04,3.0077,,
12517,3.000e-04,3.0149,,
12518,3.000e-04,3.0048,,
12519,3.000e-04,2.9703,,
12520,3.000e-04,2.9718,,
12521,3.000e-04,3.0198,,
12522,3.000e-04,2.9613,,
12523,3.000e-04,2.9717,,
12524,3.000e-04,2.9697,,
12525,3.000e-04,2.9818,,
12526,3.000e-04,2.9681,,
12527,3.000e-04,3.0257,,
12528,3.000e-04,2.9749,,
12529,3.000e-04,2.9535,,
12530,3.000e-04,2.9734,,
12531,3.000e-04,3.0460,,
12532,3.000e-04,2.9978,,
12533,3.000e-04,2.9559,,
12534,3.000e-04,3.0209,,
12535,3.000e-04,2.9698,,
12536,3.000e-04,2.9629,,
12537,3.000e-04,2.9505,,
12538,3.000e-04,3.0234,,
12539,3.000e-04,2.9720,,
12540,3.000e-04,2.9803,,
12541,3.000e-04,2.9842,,
12542,3.000e-04,2.9803,,
12543,3.000e-04,2.9465,,
12544,3.000e-04,2.9711,,
12545,3.000e-04,2.9827,,
12546,3.000e-04,2.9618,,
12547,3.000e-04,2.9559,,
12548,3.000e-04,2.9815,,
12549,3.000e-04,3.0124,,
12550,3.000e-04,2.9900,,
12551,3.000e-04,3.0112,,
12552,3.000e-04,2.9977,,
12553,3.000e-04,3.0008,,
12554,3.000e-04,2.9771,,
12555,3.000e-04,2.9867,,
12556,3.000e-04,2.9958,,
12557,3.000e-04,3.0116,,
12558,3.000e-04,3.0184,,
12559,3.000e-04,2.9547,,
12560,3.000e-04,3.0139,,
12561,3.000e-04,2.9913,,
12562,3.000e-04,2.9664,,
12563,3.000e-04,2.9612,,
12564,3.000e-04,3.0127,,
12565,3.000e-04,2.9791,,
12566,3.000e-04,2.9575,,
12567,3.000e-04,2.9557,,
12568,3.000e-04,2.9939,,
12569,3.000e-04,3.0106,,
12570,3.000e-04,3.0546,,
12571,3.000e-04,2.9883,,
12572,3.000e-04,2.9965,,
12573,3.000e-04,2.9823,,
12574,3.000e-04,2.9792,,
12575,3.000e-04,2.9564,,
12576,3.000e-04,2.9535,,
12577,3.000e-04,2.9832,,
12578,3.000e-04,3.0202,,
12579,3.000e-04,3.0242,,
12580,3.000e-04,2.9584,,
12581,3.000e-04,2.9658,,
12582,3.000e-04,3.0122,,
12583,3.000e-04,3.0307,,
12584,3.000e-04,2.9815,,
12585,3.000e-04,2.9927,,
12586,3.000e-04,2.9982,,
12587,3.000e-04,3.0373,,
12588,3.000e-04,3.0156,,
12589,3.000e-04,2.9285,,
12590,3.000e-04,3.0182,,
12591,3.000e-04,2.9890,,
12592,3.000e-04,2.9804,,
12593,3.000e-04,2.9647,,
12594,3.000e-04,2.9875,,
12595,3.000e-04,2.9368,,
12596,3.000e-04,2.9350,,
12597,3.000e-04,2.9896,,
12598,3.000e-04,2.9988,,
12599,3.000e-04,2.9957,,
12600,3.000e-04,2.9535,2.9375294923782347,
12601,3.000e-04,2.9633,,
12602,3.000e-04,3.0114,,
12603,3.000e-04,2.9741,,
12604,3.000e-04,2.9585,,
12605,3.000e-04,2.9899,,
12606,3.000e-04,3.0346,,
12607,3.000e-04,2.9764,,
12608,3.000e-04,2.9676,,
12609,3.000e-04,2.9419,,
12610,3.000e-04,3.0102,,
12611,3.000e-04,2.9976,,
12612,3.000e-04,2.9621,,
12613,3.000e-04,2.9719,,
12614,3.000e-04,2.9622,,
12615,3.000e-04,3.0025,,
12616,3.000e-04,2.9825,,
12617,3.000e-04,2.9920,,
12618,3.000e-04,2.9852,,
12619,3.000e-04,2.9995,,
12620,3.000e-04,2.9902,,
12621,3.000e-04,2.9264,,
12622,3.000e-04,3.0024,,
12623,3.000e-04,3.0002,,
12624,3.000e-04,2.9972,,
12625,3.000e-04,2.9754,,
12626,3.000e-04,2.9928,,
12627,3.000e-04,2.9780,,
12628,3.000e-04,2.9348,,
12629,3.000e-04,2.9663,,
12630,3.000e-04,2.9989,,
12631,3.000e-04,2.9522,,
12632,3.000e-04,2.9541,,
12633,3.000e-04,2.9716,,
12634,3.000e-04,3.0021,,
12635,3.000e-04,3.0439,,
12636,3.000e-04,2.9916,,
12637,3.000e-04,2.9508,,
12638,3.000e-04,2.9988,,
12639,3.000e-04,2.9517,,
12640,3.000e-04,2.9574,,
12641,3.000e-04,2.9685,,
12642,3.000e-04,2.9937,,
12643,3.000e-04,2.9607,,
12644,3.000e-04,3.0150,,
12645,3.000e-04,2.9750,,
12646,3.000e-04,3.0064,,
12647,3.000e-04,2.9734,,
12648,3.000e-04,2.9799,,
12649,3.000e-04,2.9624,,
12650,3.000e-04,2.9920,,
12651,3.000e-04,2.9809,,
12652,3.000e-04,3.0022,,
12653,3.000e-04,3.0299,,
12654,3.000e-04,2.9827,,
12655,3.000e-04,2.9881,,
12656,3.000e-04,2.9915,,
12657,3.000e-04,2.9714,,
12658,3.000e-04,2.9967,,
12659,3.000e-04,2.9999,,
12660,3.000e-04,2.9903,,
12661,3.000e-04,2.9975,,
12662,3.000e-04,2.9619,,
12663,3.000e-04,2.9892,,
12664,3.000e-04,2.9844,,
12665,3.000e-04,2.9704,,
12666,3.000e-04,2.9542,,
12667,3.000e-04,2.9657,,
12668,3.000e-04,2.9698,,
12669,3.000e-04,2.9729,,
12670,3.000e-04,2.9954,,
12671,3.000e-04,2.9900,,
12672,3.000e-04,2.9257,,
12673,3.000e-04,2.9780,,
12674,3.000e-04,3.0003,,
12675,3.000e-04,2.9900,,
12676,3.000e-04,3.0152,,
12677,3.000e-04,2.9714,,
12678,3.000e-04,2.9892,,
12679,3.000e-04,3.0148,,
12680,3.000e-04,3.0029,,
12681,3.000e-04,2.9934,,
12682,3.000e-04,2.9701,,
12683,3.000e-04,2.9982,,
12684,3.000e-04,2.9725,,
12685,3.000e-04,2.9326,,
12686,3.000e-04,2.9638,,
12687,3.000e-04,3.0095,,
12688,3.000e-04,2.9665,,
12689,3.000e-04,2.9848,,
12690,3.000e-04,2.9793,,
12691,3.000e-04,2.9869,,
12692,3.000e-04,3.0057,,
12693,3.000e-04,2.9660,,
12694,3.000e-04,2.9930,,
12695,3.000e-04,2.9869,,
12696,3.000e-04,2.9744,,
12697,3.000e-04,3.0208,,
12698,3.000e-04,3.0088,,
12699,3.000e-04,2.9891,,
12700,3.000e-04,2.9697,2.9318828225135802,
12701,3.000e-04,2.9824,,
12702,3.000e-04,3.0315,,
12703,3.000e-04,2.9479,,
12704,3.000e-04,2.9638,,
12705,3.000e-04,2.9499,,
12706,3.000e-04,2.9535,,
12707,3.000e-04,2.9851,,
12708,3.000e-04,3.0076,,
12709,3.000e-04,3.0039,,
12710,3.000e-04,3.0012,,
12711,3.000e-04,2.9730,,
12712,3.000e-04,2.9484,,
12713,3.000e-04,2.9631,,
12714,3.000e-04,3.0083,,
12715,3.000e-04,2.9363,,
12716,3.000e-04,2.9596,,
12717,3.000e-04,2.9491,,
12718,3.000e-04,2.9628,,
12719,3.000e-04,2.9650,,
12720,3.000e-04,2.9916,,
12721,3.000e-04,2.9846,,
12722,3.000e-04,2.9685,,
12723,3.000e-04,2.9746,,
12724,3.000e-04,2.9886,,
12725,3.000e-04,2.9669,,
12726,3.000e-04,3.0387,,
12727,3.000e-04,2.9711,,
12728,3.000e-04,3.0010,,
12729,3.000e-04,2.9750,,
12730,3.000e-04,2.9941,,
12731,3.000e-04,3.0143,,
12732,3.000e-04,3.0195,,
12733,3.000e-04,2.9708,,
12734,3.000e-04,2.9677,,
12735,3.000e-04,2.9969,,
12736,3.000e-04,2.9624,,
12737,3.000e-04,3.0129,,
12738,3.000e-04,2.9746,,
12739,3.000e-04,2.9527,,
12740,3.000e-04,2.9588,,
12741,3.000e-04,3.0231,,
12742,3.000e-04,2.9997,,
12743,3.000e-04,3.0166,,
12744,3.000e-04,2.9961,,
12745,3.000e-04,2.9564,,
12746,3.000e-04,2.9852,,
12747,3.000e-04,2.9923,,
12748,3.000e-04,3.0077,,
12749,3.000e-04,2.9770,,
12750,3.000e-04,2.9764,,
12751,3.000e-04,2.9719,,
12752,3.000e-04,2.9605,,
12753,3.000e-04,2.9824,,
12754,3.000e-04,2.9608,,
12755,3.000e-04,2.9727,,
12756,3.000e-04,2.9873,,
12757,3.000e-04,2.9654,,
12758,3.000e-04,2.9423,,
12759,3.000e-04,2.9607,,
12760,3.000e-04,2.9989,,
12761,3.000e-04,2.9785,,
12762,3.000e-04,3.0005,,
12763,3.000e-04,2.9781,,
12764,3.000e-04,2.9227,,
12765,3.000e-04,2.9437,,
12766,3.000e-04,2.9970,,
12767,3.000e-04,3.0065,,
12768,3.000e-04,3.0199,,
12769,3.000e-04,2.9137,,
12770,3.000e-04,2.9474,,
12771,3.000e-04,2.9913,,
12772,3.000e-04,2.9846,,
12773,3.000e-04,2.9782,,
12774,3.000e-04,2.9241,,
12775,3.000e-04,3.0281,,
12776,3.000e-04,2.9869,,
12777,3.000e-04,2.9889,,
12778,3.000e-04,2.9976,,
12779,3.000e-04,2.9720,,
12780,3.000e-04,2.9840,,
12781,3.000e-04,2.9760,,
12782,3.000e-04,3.0060,,
12783,3.000e-04,2.9988,,
12784,3.000e-04,2.9411,,
12785,3.000e-04,2.9728,,
12786,3.000e-04,2.9436,,
12787,3.000e-04,2.9536,,
12788,3.000e-04,2.9668,,
12789,3.000e-04,2.9776,,
12790,3.000e-04,3.0000,,
12791,3.000e-04,2.9765,,
12792,3.000e-04,2.9718,,
12793,3.000e-04,2.9598,,
12794,3.000e-04,2.9743,,
12795,3.000e-04,2.9356,,
12796,3.000e-04,2.9606,,
12797,3.000e-04,3.0209,,
12798,3.000e-04,2.9822,,
12799,3.000e-04,3.0006,,
12800,3.000e-04,2.9754,2.909126901626587,
12801,3.000e-04,2.9722,,
12802,3.000e-04,2.9592,,
12803,3.000e-04,2.9863,,
12804,3.000e-04,3.0214,,
12805,3.000e-04,2.9438,,
12806,3.000e-04,2.9527,,
12807,3.000e-04,2.9988,,
12808,3.000e-04,2.9479,,
12809,3.000e-04,2.9591,,
12810,3.000e-04,2.9644,,
12811,3.000e-04,2.9779,,
12812,3.000e-04,2.9815,,
12813,3.000e-04,2.9833,,
12814,3.000e-04,2.9641,,
12815,3.000e-04,2.9876,,
12816,3.000e-04,2.9453,,
12817,3.000e-04,2.9944,,
12818,3.000e-04,2.9817,,
12819,3.000e-04,2.9965,,
12820,3.000e-04,2.9595,,
12821,3.000e-04,2.9830,,
12822,3.000e-04,2.9757,,
12823,3.000e-04,2.9799,,
12824,3.000e-04,2.9793,,
12825,3.000e-04,2.9869,,
12826,3.000e-04,2.9567,,
12827,3.000e-04,2.9825,,
12828,3.000e-04,2.9323,,
12829,3.000e-04,3.0003,,
12830,3.000e-04,2.9997,,
12831,3.000e-04,2.9683,,
12832,3.000e-04,2.9876,,
12833,3.000e-04,2.9675,,
12834,3.000e-04,2.9902,,
12835,3.000e-04,3.0236,,
12836,3.000e-04,2.9538,,
12837,3.000e-04,3.0159,,
12838,3.000e-04,2.9789,,
12839,3.000e-04,2.9804,,
12840,3.000e-04,3.0247,,
12841,3.000e-04,2.9921,,
12842,3.000e-04,3.0178,,
12843,3.000e-04,2.9936,,
12844,3.000e-04,3.0554,,
12845,3.000e-04,2.9754,,
12846,3.000e-04,2.9542,,
12847,3.000e-04,2.9631,,
12848,3.000e-04,2.9909,,
12849,3.000e-04,2.9403,,
12850,3.000e-04,3.0135,,
12851,3.000e-04,2.9774,,
12852,3.000e-04,3.0048,,
12853,3.000e-04,2.9775,,
12854,3.000e-04,3.0132,,
12855,3.000e-04,2.9728,,
12856,3.000e-04,2.9870,,
12857,3.000e-04,2.9551,,
12858,3.000e-04,3.0009,,
12859,3.000e-04,3.0029,,
12860,3.000e-04,2.9937,,
12861,3.000e-04,2.9547,,
12862,3.000e-04,2.9638,,
12863,3.000e-04,2.9843,,
12864,3.000e-04,2.9849,,
12865,3.000e-04,2.9854,,
12866,3.000e-04,2.9612,,
12867,3.000e-04,2.9335,,
12868,3.000e-04,2.9831,,
12869,3.000e-04,3.0006,,
12870,3.000e-04,2.9589,,
12871,3.000e-04,2.9891,,
12872,3.000e-04,3.0006,,
12873,3.000e-04,2.9606,,
12874,3.000e-04,2.9459,,
12875,3.000e-04,2.9472,,
12876,3.000e-04,2.9718,,
12877,3.000e-04,2.9858,,
12878,3.000e-04,2.9967,,
12879,3.000e-04,2.9744,,
12880,3.000e-04,2.9521,,
12881,3.000e-04,2.9934,,
12882,3.000e-04,2.9751,,
12883,3.000e-04,2.9892,,
12884,3.000e-04,2.9968,,
12885,3.000e-04,3.0182,,
12886,3.000e-04,2.9916,,
12887,3.000e-04,2.9727,,
12888,3.000e-04,2.9868,,
12889,3.000e-04,2.9747,,
12890,3.000e-04,2.9867,,
12891,3.000e-04,2.9729,,
12892,3.000e-04,2.9791,,
12893,3.000e-04,2.9872,,
12894,3.000e-04,2.9919,,
12895,3.000e-04,2.9759,,
12896,3.000e-04,2.9913,,
12897,3.000e-04,3.0109,,
12898,3.000e-04,2.9805,,
12899,3.000e-04,2.9868,,
12900,3.000e-04,2.9815,2.9188519537448885,
12901,3.000e-04,2.9890,,
12902,3.000e-04,3.0016,,
12903,3.000e-04,2.9598,,
12904,3.000e-04,3.0107,,
12905,3.000e-04,2.9797,,
12906,3.000e-04,2.9400,,
12907,3.000e-04,2.9886,,
12908,3.000e-04,2.9935,,
12909,3.000e-04,2.9664,,
12910,3.000e-04,2.9593,,
12911,3.000e-04,2.9794,,
12912,3.000e-04,3.0341,,
12913,3.000e-04,2.9922,,
12914,3.000e-04,2.9728,,
12915,3.000e-04,2.9668,,
12916,3.000e-04,2.9868,,
12917,3.000e-04,2.9692,,
12918,3.000e-04,3.0038,,
12919,3.000e-04,2.9979,,
12920,3.000e-04,2.9829,,
12921,3.000e-04,2.9899,,
12922,3.000e-04,2.9069,,
12923,3.000e-04,2.9753,,
12924,3.000e-04,3.0072,,
12925,3.000e-04,2.9717,,
12926,3.000e-04,2.9922,,
12927,3.000e-04,2.9551,,
12928,3.000e-04,2.9631,,
12929,3.000e-04,3.0275,,
12930,3.000e-04,2.9988,,
12931,3.000e-04,2.9808,,
12932,3.000e-04,2.9875,,
12933,3.000e-04,3.0303,,
12934,3.000e-04,2.9870,,
12935,3.000e-04,2.9924,,
12936,3.000e-04,2.9745,,
12937,3.000e-04,2.9412,,
12938,3.000e-04,2.9565,,
12939,3.000e-04,2.9793,,
12940,3.000e-04,2.9905,,
12941,3.000e-04,2.9458,,
12942,3.000e-04,2.9783,,
12943,3.000e-04,2.9655,,
12944,3.000e-04,2.9546,,
12945,3.000e-04,3.0410,,
12946,3.000e-04,2.9978,,
12947,3.000e-04,2.9905,,
12948,3.000e-04,2.9822,,
12949,3.000e-04,2.9552,,
12950,3.000e-04,2.9890,,
12951,3.000e-04,2.9849,,
12952,3.000e-04,2.9814,,
12953,3.000e-04,3.0292,,
12954,3.000e-04,3.0066,,
12955,3.000e-04,2.9356,,
12956,3.000e-04,3.0165,,
12957,3.000e-04,2.9668,,
12958,3.000e-04,2.9698,,
12959,3.000e-04,2.9598,,
12960,3.000e-04,2.9539,,
12961,3.000e-04,2.9618,,
12962,3.000e-04,2.9626,,
12963,3.000e-04,2.9972,,
12964,3.000e-04,3.0028,,
12965,3.000e-04,3.0161,,
12966,3.000e-04,2.9967,,
12967,3.000e-04,2.9469,,
12968,3.000e-04,2.9663,,
12969,3.000e-04,3.0152,,
12970,3.000e-04,2.9795,,
12971,3.000e-04,2.9735,,
12972,3.000e-04,2.9343,,
12973,3.000e-04,2.9868,,
12974,3.000e-04,2.9460,,
12975,3.000e-04,2.9221,,
12976,3.000e-04,2.9576,,
12977,3.000e-04,2.9746,,
12978,3.000e-04,2.9809,,
12979,3.000e-04,2.9733,,
12980,3.000e-04,2.9222,,
12981,3.000e-04,2.9858,,
12982,3.000e-04,2.9592,,
12983,3.000e-04,2.9594,,
12984,3.000e-04,3.0046,,
12985,3.000e-04,3.0170,,
12986,3.000e-04,2.9862,,
12987,3.000e-04,2.9930,,
12988,3.000e-04,2.9767,,
12989,3.000e-04,2.9687,,
12990,3.000e-04,3.0075,,
12991,3.000e-04,2.9592,,
12992,3.000e-04,3.0177,,
12993,3.000e-04,2.9587,,
12994,3.000e-04,2.9669,,
12995,3.000e-04,2.9689,,
12996,3.000e-04,2.9254,,
12997,3.000e-04,2.9916,,
12998,3.000e-04,2.9911,,
12999,3.000e-04,2.9965,,
13000,3.000e-04,2.9982,3.0067503571510317,
13001,3.000e-04,2.9366,,
13002,3.000e-04,2.9916,,
13003,3.000e-04,2.9557,,
13004,3.000e-04,3.0029,,
13005,3.000e-04,2.9602,,
13006,3.000e-04,2.9259,,
13007,3.000e-04,2.9493,,
13008,3.000e-04,2.9632,,
13009,3.000e-04,2.9561,,
13010,3.000e-04,2.9908,,
13011,3.000e-04,2.9716,,
13012,3.000e-04,2.9880,,
13013,3.000e-04,2.9945,,
13014,3.000e-04,3.0023,,
13015,3.000e-04,2.9900,,
13016,3.000e-04,2.9864,,
13017,3.000e-04,2.9721,,
13018,3.000e-04,2.9992,,
13019,3.000e-04,3.0050,,
13020,3.000e-04,2.9852,,
13021,3.000e-04,2.9066,,
13022,3.000e-04,2.9652,,
13023,3.000e-04,2.9918,,
13024,3.000e-04,3.0036,,
13025,3.000e-04,2.9955,,
13026,3.000e-04,3.0016,,
13027,3.000e-04,2.9919,,
13028,3.000e-04,2.9131,,
13029,3.000e-04,2.9746,,
13030,3.000e-04,2.9931,,
13031,3.000e-04,2.9641,,
13032,3.000e-04,2.9686,,
13033,3.000e-04,2.9705,,
13034,3.000e-04,2.9951,,
13035,3.000e-04,2.9948,,
13036,3.000e-04,2.9484,,
13037,3.000e-04,2.9698,,
13038,3.000e-04,3.0081,,
13039,3.000e-04,2.9931,,
13040,3.000e-04,2.9320,,
13041,3.000e-04,3.0017,,
13042,3.000e-04,3.0004,,
13043,3.000e-04,2.9821,,
13044,3.000e-04,2.9787,,
13045,3.000e-04,2.9663,,
13046,3.000e-04,2.9503,,
13047,3.000e-04,2.9603,,
13048,3.000e-04,2.9826,,
13049,3.000e-04,2.9614,,
13050,3.000e-04,2.9790,,
13051,3.000e-04,2.9413,,
13052,3.000e-04,2.9620,,
13053,3.000e-04,2.9757,,
13054,3.000e-04,2.9699,,
13055,3.000e-04,3.0077,,
13056,3.000e-04,3.0133,,
13057,3.000e-04,2.9631,,
13058,3.000e-04,2.9863,,
13059,3.000e-04,2.9957,,
13060,3.000e-04,2.9682,,
13061,3.000e-04,2.9977,,
13062,3.000e-04,2.9895,,
13063,3.000e-04,2.9811,,
13064,3.000e-04,2.9676,,
13065,3.000e-04,2.9531,,
13066,3.000e-04,2.9550,,
13067,3.000e-04,2.9593,,
13068,3.000e-04,2.9762,,
13069,3.000e-04,2.9860,,
13070,3.000e-04,3.0027,,
13071,3.000e-04,2.9701,,
13072,3.000e-04,2.9884,,
13073,3.000e-04,3.0089,,
13074,3.000e-04,2.9457,,
13075,3.000e-04,2.9480,,
13076,3.000e-04,2.9671,,
13077,3.000e-04,2.9870,,
13078,3.000e-04,2.9966,,
13079,3.000e-04,2.9650,,
13080,3.000e-04,3.0077,,
13081,3.000e-04,3.0168,,
13082,3.000e-04,2.9991,,
13083,3.000e-04,2.9305,,
13084,3.000e-04,2.9817,,
13085,3.000e-04,2.9449,,
13086,3.000e-04,2.9715,,
13087,3.000e-04,2.9512,,
13088,3.000e-04,2.9584,,
13089,3.000e-04,2.9666,,
13090,3.000e-04,2.9710,,
13091,3.000e-04,2.9880,,
13092,3.000e-04,2.9662,,
13093,3.000e-04,2.9670,,
13094,3.000e-04,2.9729,,
13095,3.000e-04,2.9131,,
13096,3.000e-04,2.9829,,
13097,3.000e-04,2.9668,,
13098,3.000e-04,2.9508,,
13099,3.000e-04,2.9831,,
13100,3.000e-04,2.9387,2.9550326228141786,
13101,3.000e-04,2.9671,,
13102,3.000e-04,2.9391,,
13103,3.000e-04,2.9444,,
13104,3.000e-04,2.9748,,
13105,3.000e-04,2.9985,,
13106,3.000e-04,2.9596,,
13107,3.000e-04,2.9753,,
13108,3.000e-04,2.9796,,
13109,3.000e-04,2.9326,,
13110,3.000e-04,2.9937,,
13111,3.000e-04,2.9512,,
13112,3.000e-04,2.9655,,
13113,3.000e-04,2.9588,,
13114,3.000e-04,2.9875,,
13115,3.000e-04,2.9567,,
13116,3.000e-04,2.9959,,
13117,3.000e-04,2.9917,,
13118,3.000e-04,2.9450,,
13119,3.000e-04,2.9983,,
13120,3.000e-04,2.9642,,
13121,3.000e-04,2.9758,,
13122,3.000e-04,2.9781,,
13123,3.000e-04,2.9767,,
13124,3.000e-04,2.9815,,
13125,3.000e-04,2.9426,,
13126,3.000e-04,2.9971,,
13127,3.000e-04,2.9769,,
13128,3.000e-04,2.9960,,
13129,3.000e-04,2.9694,,
13130,3.000e-04,2.9744,,
13131,3.000e-04,2.9763,,
13132,3.000e-04,3.0102,,
13133,3.000e-04,2.9694,,
13134,3.000e-04,3.0163,,
13135,3.000e-04,2.9750,,
13136,3.000e-04,2.9432,,
13137,3.000e-04,2.9685,,
13138,3.000e-04,2.9647,,
13139,3.000e-04,2.9629,,
13140,3.000e-04,2.9888,,
13141,3.000e-04,2.9620,,
13142,3.000e-04,2.9616,,
13143,3.000e-04,2.9767,,
13144,3.000e-04,2.9905,,
13145,3.000e-04,2.9455,,
13146,3.000e-04,2.9832,,
13147,3.000e-04,2.9856,,
13148,3.000e-04,2.9883,,
13149,3.000e-04,2.9507,,
13150,3.000e-04,3.0490,,
13151,3.000e-04,2.9679,,
13152,3.000e-04,2.9748,,
13153,3.000e-04,2.9342,,
13154,3.000e-04,2.9805,,
13155,3.000e-04,2.9630,,
13156,3.000e-04,2.9748,,
13157,3.000e-04,3.0314,,
13158,3.000e-04,3.0018,,
13159,3.000e-04,3.0138,,
13160,3.000e-04,3.0294,,
13161,3.000e-04,2.9697,,
13162,3.000e-04,2.9779,,
13163,3.000e-04,2.9738,,
13164,3.000e-04,3.0129,,
13165,3.000e-04,2.9639,,
13166,3.000e-04,2.9664,,
13167,3.000e-04,2.9924,,
13168,3.000e-04,2.9921,,
13169,3.000e-04,3.0042,,
13170,3.000e-04,2.9675,,
13171,3.000e-04,2.9829,,
13172,3.000e-04,2.9993,,
13173,3.000e-04,2.9259,,
13174,3.000e-04,2.9540,,
13175,3.000e-04,2.9920,,
13176,3.000e-04,2.9920,,
13177,3.000e-04,2.9898,,
13178,3.000e-04,2.9758,,
13179,3.000e-04,3.0141,,
13180,3.000e-04,2.9212,,
13181,3.000e-04,2.9663,,
13182,3.000e-04,2.9731,,
13183,3.000e-04,2.9643,,
13184,3.000e-04,2.9617,,
13185,3.000e-04,2.9768,,
13186,3.000e-04,2.9835,,
13187,3.000e-04,2.9934,,
13188,3.000e-04,2.9955,,
13189,3.000e-04,2.9753,,
13190,3.000e-04,2.9816,,
13191,3.000e-04,2.9706,,
13192,3.000e-04,2.9939,,
13193,3.000e-04,2.9717,,
13194,3.000e-04,3.0017,,
13195,3.000e-04,2.9619,,
13196,3.000e-04,2.9754,,
13197,3.000e-04,2.9786,,
13198,3.000e-04,3.0103,,
13199,3.000e-04,2.9517,,
13200,3.000e-04,3.0115,2.896112883090973,
13201,3.000e-04,2.9772,,
13202,3.000e-04,2.9965,,
13203,3.000e-04,2.9776,,
13204,3.000e-04,3.0047,,
13205,3.000e-04,2.9827,,
13206,3.000e-04,2.9694,,
13207,3.000e-04,3.0078,,
13208,3.000e-04,2.9661,,
13209,3.000e-04,2.9687,,
13210,3.000e-04,2.9811,,
13211,3.000e-04,3.0182,,
13212,3.000e-04,2.9864,,
13213,3.000e-04,2.9777,,
13214,3.000e-04,2.9596,,
13215,3.000e-04,2.9657,,
13216,3.000e-04,2.9895,,
13217,3.000e-04,2.9764,,
13218,3.000e-04,2.9630,,
13219,3.000e-04,3.0022,,
13220,3.000e-04,2.9809,,
13221,3.000e-04,2.9491,,
13222,3.000e-04,2.9444,,
13223,3.000e-04,2.9699,,
13224,3.000e-04,2.9797,,
13225,3.000e-04,2.9719,,
13226,3.000e-04,2.9784,,
13227,3.000e-04,2.9815,,
13228,3.000e-04,2.9926,,
13229,3.000e-04,2.9864,,
13230,3.000e-04,2.9644,,
13231,3.000e-04,2.9902,,
13232,3.000e-04,2.9700,,
13233,3.000e-04,2.9883,,
13234,3.000e-04,2.9924,,
13235,3.000e-04,2.9929,,
13236,3.000e-04,2.9783,,
13237,3.000e-04,2.9609,,
13238,3.000e-04,2.9956,,
13239,3.000e-04,2.9852,,
13240,3.000e-04,2.9485,,
13241,3.000e-04,2.9880,,
13242,3.000e-04,2.9836,,
13243,3.000e-04,2.9880,,
13244,3.000e-04,2.9486,,
13245,3.000e-04,3.0335,,
13246,3.000e-04,2.9530,,
13247,3.000e-04,2.9676,,
13248,3.000e-04,2.9446,,
13249,3.000e-04,2.9888,,
13250,3.000e-04,2.9584,,
13251,3.000e-04,2.9869,,
13252,3.000e-04,2.9891,,
13253,3.000e-04,2.9621,,
13254,3.000e-04,3.0055,,
13255,3.000e-04,2.9502,,
13256,3.000e-04,3.0024,,
13257,3.000e-04,2.9643,,
13258,3.000e-04,2.9900,,
13259,3.000e-04,2.9687,,
13260,3.000e-04,2.9538,,
13261,3.000e-04,2.9921,,
13262,3.000e-04,2.9921,,
13263,3.000e-04,2.9666,,
13264,3.000e-04,2.9417,,
13265,3.000e-04,2.9770,,
13266,3.000e-04,2.9813,,
13267,3.000e-04,2.9621,,
13268,3.000e-04,2.8921,,
13269,3.000e-04,2.9494,,
13270,3.000e-04,2.9887,,
13271,3.000e-04,2.9784,,
13272,3.000e-04,2.9566,,
13273,3.000e-04,2.9833,,
13274,3.000e-04,2.9646,,
13275,3.000e-04,2.9722,,
13276,3.000e-04,2.9620,,
13277,3.000e-04,2.9965,,
13278,3.000e-04,2.9427,,
13279,3.000e-04,2.9588,,
13280,3.000e-04,2.9570,,
13281,3.000e-04,2.9869,,
13282,3.000e-04,2.9770,,
13283,3.000e-04,2.9082,,
13284,3.000e-04,2.9789,,
13285,3.000e-04,2.9828,,
13286,3.000e-04,2.9882,,
13287,3.000e-04,2.9143,,
13288,3.000e-04,2.9869,,
13289,3.000e-04,2.9843,,
13290,3.000e-04,3.0043,,
13291,3.000e-04,2.9818,,
13292,3.000e-04,2.9497,,
13293,3.000e-04,2.9620,,
13294,3.000e-04,3.0069,,
13295,3.000e-04,2.9988,,
13296,3.000e-04,2.9375,,
13297,3.000e-04,2.9423,,
13298,3.000e-04,2.9926,,
13299,3.000e-04,2.9591,,
13300,3.000e-04,3.0072,2.973755246400833,
13301,3.000e-04,2.9856,,
13302,3.000e-04,2.9531,,
13303,3.000e-04,2.9655,,
13304,3.000e-04,2.9461,,
13305,3.000e-04,3.0477,,
13306,3.000e-04,2.9917,,
13307,3.000e-04,2.9539,,
13308,3.000e-04,2.9468,,
13309,3.000e-04,2.9702,,
13310,3.000e-04,2.9933,,
13311,3.000e-04,2.9928,,
13312,3.000e-04,2.9951,,
13313,3.000e-04,2.9874,,
13314,3.000e-04,2.9767,,
13315,3.000e-04,2.9860,,
13316,3.000e-04,2.9598,,
13317,3.000e-04,2.9659,,
13318,3.000e-04,2.9826,,
13319,3.000e-04,2.9409,,
13320,3.000e-04,2.9323,,
13321,3.000e-04,2.9756,,
13322,3.000e-04,2.9803,,
13323,3.000e-04,2.9005,,
13324,3.000e-04,2.9880,,
13325,3.000e-04,2.9678,,
13326,3.000e-04,2.9573,,
13327,3.000e-04,2.9777,,
13328,3.000e-04,2.9445,,
13329,3.000e-04,3.0025,,
13330,3.000e-04,2.9573,,
13331,3.000e-04,3.0048,,
13332,3.000e-04,2.9703,,
13333,3.000e-04,2.9548,,
13334,3.000e-04,2.9772,,
13335,3.000e-04,2.9796,,
13336,3.000e-04,2.9702,,
13337,3.000e-04,2.9877,,
13338,3.000e-04,3.0289,,
13339,3.000e-04,2.9778,,
13340,3.000e-04,2.9372,,
13341,3.000e-04,2.9496,,
13342,3.000e-04,2.9963,,
13343,3.000e-04,2.9689,,
13344,3.000e-04,2.9763,,
13345,3.000e-04,2.9777,,
13346,3.000e-04,2.9714,,
13347,3.000e-04,2.9504,,
13348,3.000e-04,2.9736,,
13349,3.000e-04,2.9694,,
13350,3.000e-04,2.9453,,
13351,3.000e-04,2.9689,,
13352,3.000e-04,3.0087,,
13353,3.000e-04,3.0078,,
13354,3.000e-04,2.9470,,
13355,3.000e-04,2.9668,,
13356,3.000e-04,3.0178,,
13357,3.000e-04,3.0007,,
13358,3.000e-04,2.9624,,
13359,3.000e-04,2.9490,,
13360,3.000e-04,2.9580,,
13361,3.000e-04,3.0150,,
13362,3.000e-04,2.9865,,
13363,3.000e-04,3.0164,,
13364,3.000e-04,2.9877,,
13365,3.000e-04,2.9733,,
13366,3.000e-04,2.9172,,
13367,3.000e-04,2.9348,,
13368,3.000e-04,2.9648,,
13369,3.000e-04,2.9427,,
13370,3.000e-04,2.9697,,
13371,3.000e-04,2.9906,,
13372,3.000e-04,2.9798,,
13373,3.000e-04,2.9971,,
13374,3.000e-04,2.9535,,
13375,3.000e-04,2.9719,,
13376,3.000e-04,2.9651,,
13377,3.000e-04,2.9453,,
13378,3.000e-04,2.9978,,
13379,3.000e-04,2.9897,,
13380,3.000e-04,2.9027,,
13381,3.000e-04,2.9902,,
13382,3.000e-04,2.9501,,
13383,3.000e-04,2.9236,,
13384,3.000e-04,2.9521,,
13385,3.000e-04,2.9595,,
13386,3.000e-04,2.9781,,
13387,3.000e-04,2.9763,,
13388,3.000e-04,2.9515,,
13389,3.000e-04,2.9494,,
13390,3.000e-04,2.9457,,
13391,3.000e-04,2.9684,,
13392,3.000e-04,2.9513,,
13393,3.000e-04,2.9322,,
13394,3.000e-04,3.0006,,
13395,3.000e-04,2.9506,,
13396,3.000e-04,3.0082,,
13397,3.000e-04,2.9635,,
13398,3.000e-04,2.9713,,
13399,3.000e-04,2.9622,,
13400,3.000e-04,2.9694,2.984397053718567,
13401,3.000e-04,2.9820,,
13402,3.000e-04,3.0120,,
13403,3.000e-04,2.9360,,
13404,3.000e-04,2.9741,,
13405,3.000e-04,2.9918,,
13406,3.000e-04,2.9897,,
13407,3.000e-04,2.9656,,
13408,3.000e-04,2.9970,,
13409,3.000e-04,2.9795,,
13410,3.000e-04,2.9758,,
13411,3.000e-04,2.9459,,
13412,3.000e-04,2.9293,,
13413,3.000e-04,2.8815,,
13414,3.000e-04,2.9917,,
13415,3.000e-04,2.9904,,
13416,3.000e-04,2.9622,,
13417,3.000e-04,2.9411,,
13418,3.000e-04,2.9760,,
13419,3.000e-04,2.9847,,
13420,3.000e-04,2.9743,,
13421,3.000e-04,2.9158,,
13422,3.000e-04,2.9734,,
13423,3.000e-04,2.9625,,
13424,3.000e-04,3.0200,,
13425,3.000e-04,2.9692,,
13426,3.000e-04,2.9686,,
13427,3.000e-04,2.9900,,
13428,3.000e-04,2.9577,,
13429,3.000e-04,2.9930,,
13430,3.000e-04,2.9655,,
13431,3.000e-04,2.9215,,
13432,3.000e-04,2.9542,,
13433,3.000e-04,2.9693,,
13434,3.000e-04,2.9639,,
13435,3.000e-04,2.9670,,
13436,3.000e-04,2.9306,,
13437,3.000e-04,2.9961,,
13438,3.000e-04,2.9646,,
13439,3.000e-04,2.9538,,
13440,3.000e-04,2.9599,,
13441,3.000e-04,3.0075,,
13442,3.000e-04,2.9700,,
13443,3.000e-04,2.9729,,
13444,3.000e-04,2.9570,,
13445,3.000e-04,2.9615,,
13446,3.000e-04,3.0020,,
13447,3.000e-04,2.9153,,
13448,3.000e-04,2.9667,,
13449,3.000e-04,2.9615,,
13450,3.000e-04,2.9697,,
13451,3.000e-04,2.9980,,
13452,3.000e-04,2.9716,,
13453,3.000e-04,2.9380,,
13454,3.000e-04,2.9716,,
13455,3.000e-04,2.9955,,
13456,3.000e-04,3.0224,,
13457,3.000e-04,2.9670,,
13458,3.000e-04,2.9500,,
13459,3.000e-04,3.0018,,
13460,3.000e-04,3.0208,,
13461,3.000e-04,2.9631,,
13462,3.000e-04,3.0192,,
13463,3.000e-04,2.9767,,
13464,3.000e-04,2.9902,,
13465,3.000e-04,2.9746,,
13466,3.000e-04,2.9703,,
13467,3.000e-04,2.9795,,
13468,3.000e-04,2.9780,,
13469,3.000e-04,3.0286,,
13470,3.000e-04,2.9494,,
13471,3.000e-04,2.9577,,
13472,3.000e-04,2.9664,,
13473,3.000e-04,2.9630,,
13474,3.000e-04,2.9662,,
13475,3.000e-04,2.9844,,
13476,3.000e-04,2.9293,,
13477,3.000e-04,2.9401,,
13478,3.000e-04,3.0098,,
13479,3.000e-04,2.9669,,
13480,3.000e-04,2.9529,,
13481,3.000e-04,2.9572,,
13482,3.000e-04,3.0012,,
13483,3.000e-04,2.9544,,
13484,3.000e-04,3.0174,,
13485,3.000e-04,2.8947,,
13486,3.000e-04,2.9435,,
13487,3.000e-04,2.9756,,
13488,3.000e-04,2.9788,,
13489,3.000e-04,2.9878,,
13490,3.000e-04,2.9701,,
13491,3.000e-04,3.0043,,
13492,3.000e-04,2.9684,,
13493,3.000e-04,2.9914,,
13494,3.000e-04,2.9747,,
13495,3.000e-04,2.9649,,
13496,3.000e-04,2.9504,,
13497,3.000e-04,2.9492,,
13498,3.000e-04,2.9626,,
13499,3.000e-04,2.9909,,
13500,3.000e-04,3.0137,2.9342953085899355,
13501,3.000e-04,2.9769,,
13502,3.000e-04,2.9707,,
13503,3.000e-04,3.0012,,
13504,3.000e-04,2.9755,,
13505,3.000e-04,2.9344,,
13506,3.000e-04,2.9665,,
13507,3.000e-04,2.9515,,
13508,3.000e-04,2.9437,,
13509,3.000e-04,2.9389,,
13510,3.000e-04,2.9753,,
13511,3.000e-04,3.0311,,
13512,3.000e-04,2.9854,,
13513,3.000e-04,2.9325,,
13514,3.000e-04,2.9554,,
13515,3.000e-04,2.9351,,
13516,3.000e-04,2.9683,,
13517,3.000e-04,3.0048,,
13518,3.000e-04,2.9437,,
13519,3.000e-04,3.0158,,
13520,3.000e-04,2.9905,,
13521,3.000e-04,2.9729,,
13522,3.000e-04,2.9850,,
13523,3.000e-04,2.9916,,
13524,3.000e-04,2.9543,,
13525,3.000e-04,2.9646,,
13526,3.000e-04,2.9920,,
13527,3.000e-04,2.9705,,
13528,3.000e-04,2.9215,,
13529,3.000e-04,3.0114,,
13530,3.000e-04,2.9491,,
13531,3.000e-04,3.0261,,
13532,3.000e-04,2.9585,,
13533,3.000e-04,2.9407,,
13534,3.000e-04,2.9806,,
13535,3.000e-04,2.9788,,
13536,3.000e-04,2.9343,,
13537,3.000e-04,2.9950,,
13538,3.000e-04,2.9818,,
13539,3.000e-04,2.9832,,
13540,3.000e-04,2.9905,,
13541,3.000e-04,2.9560,,
13542,3.000e-04,2.9898,,
13543,3.000e-04,2.9287,,
13544,3.000e-04,2.9524,,
13545,3.000e-04,2.9889,,
13546,3.000e-04,2.9717,,
13547,3.000e-04,2.9899,,
13548,3.000e-04,2.9733,,
13549,3.000e-04,2.9879,,
13550,3.000e-04,2.9903,,
13551,3.000e-04,2.9794,,
13552,3.000e-04,3.0060,,
13553,3.000e-04,2.9736,,
13554,3.000e-04,2.9667,,
13555,3.000e-04,2.9487,,
13556,3.000e-04,2.9847,,
13557,3.000e-04,2.9681,,
13558,3.000e-04,2.9559,,
13559,3.000e-04,2.9723,,
13560,3.000e-04,2.9632,,
13561,3.000e-04,2.9445,,
13562,3.000e-04,2.9949,,
13563,3.000e-04,2.9592,,
13564,3.000e-04,2.9279,,
13565,3.000e-04,2.9490,,
13566,3.000e-04,2.9607,,
13567,3.000e-04,2.9796,,
13568,3.000e-04,2.9968,,
13569,3.000e-04,2.9661,,
13570,3.000e-04,3.0067,,
13571,3.000e-04,2.9251,,
13572,3.000e-04,2.9743,,
13573,3.000e-04,2.9860,,
13574,3.000e-04,2.9699,,
13575,3.000e-04,2.9430,,
13576,3.000e-04,2.9628,,
13577,3.000e-04,2.9670,,
13578,3.000e-04,2.9955,,
13579,3.000e-04,2.9800,,
13580,3.000e-04,2.9795,,
13581,3.000e-04,3.0050,,
13582,3.000e-04,2.9992,,
13583,3.000e-04,2.9618,,
13584,3.000e-04,2.9112,,
13585,3.000e-04,2.9831,,
13586,3.000e-04,3.0015,,
13587,3.000e-04,2.9776,,
13588,3.000e-04,2.9624,,
13589,3.000e-04,2.9781,,
13590,3.000e-04,3.0018,,
13591,3.000e-04,2.9930,,
13592,3.000e-04,2.9398,,
13593,3.000e-04,2.9494,,
13594,3.000e-04,2.9893,,
13595,3.000e-04,2.9588,,
13596,3.000e-04,3.0034,,
13597,3.000e-04,2.9768,,
13598,3.000e-04,2.9677,,
13599,3.000e-04,3.0135,,
13600,3.000e-04,2.9716,2.843225967884064,
13601,3.000e-04,2.9781,,
13602,3.000e-04,2.9950,,
13603,3.000e-04,2.9979,,
13604,3.000e-04,2.9513,,
13605,3.000e-04,2.9703,,
13606,3.000e-04,3.0004,,
13607,3.000e-04,2.9685,,
13608,3.000e-04,2.9945,,
13609,3.000e-04,2.9873,,
13610,3.000e-04,2.9847,,
13611,3.000e-04,2.9979,,
13612,3.000e-04,2.9384,,
13613,3.000e-04,2.9665,,
13614,3.000e-04,2.9728,,
13615,3.000e-04,2.9528,,
13616,3.000e-04,3.0102,,
13617,3.000e-04,2.9952,,
13618,3.000e-04,2.9730,,
13619,3.000e-04,2.9340,,
13620,3.000e-04,2.9367,,
13621,3.000e-04,2.9559,,
13622,3.000e-04,2.9974,,
13623,3.000e-04,2.9804,,
13624,3.000e-04,2.9755,,
13625,3.000e-04,2.9432,,
13626,3.000e-04,2.9554,,
13627,3.000e-04,2.9569,,
13628,3.000e-04,2.9526,,
13629,3.000e-04,2.9743,,
13630,3.000e-04,2.9761,,
13631,3.000e-04,2.9553,,
13632,3.000e-04,2.9728,,
13633,3.000e-04,2.9967,,
13634,3.000e-04,2.9817,,
13635,3.000e-04,2.9739,,
13636,3.000e-04,2.9480,,
13637,3.000e-04,2.9611,,
13638,3.000e-04,2.9657,,
13639,3.000e-04,2.9461,,
13640,3.000e-04,2.9619,,
13641,3.000e-04,2.9548,,
13642,3.000e-04,2.9508,,
13643,3.000e-04,2.9763,,
13644,3.000e-04,2.9588,,
13645,3.000e-04,2.9557,,
13646,3.000e-04,2.9798,,
13647,3.000e-04,2.9655,,
13648,3.000e-04,2.9527,,
13649,3.000e-04,2.9247,,
13650,3.000e-04,2.9605,,
13651,3.000e-04,2.9310,,
13652,3.000e-04,2.9442,,
13653,3.000e-04,2.9711,,
13654,3.000e-04,2.9755,,
13655,3.000e-04,2.9683,,
13656,3.000e-04,2.9992,,
13657,3.000e-04,2.9617,,
13658,3.000e-04,2.9768,,
13659,3.000e-04,3.0188,,
13660,3.000e-04,2.9524,,
13661,3.000e-04,2.9707,,
13662,3.000e-04,2.9898,,
13663,3.000e-04,2.9580,,
13664,3.000e-04,2.9155,,
13665,3.000e-04,2.9390,,
13666,3.000e-04,3.0147,,
13667,3.000e-04,2.9966,,
13668,3.000e-04,3.0042,,
13669,3.000e-04,2.9402,,
13670,3.000e-04,2.9777,,
13671,3.000e-04,2.9493,,
13672,3.000e-04,3.0133,,
13673,3.000e-04,2.9958,,
13674,3.000e-04,2.9884,,
13675,3.000e-04,2.9350,,
13676,3.000e-04,2.9775,,
13677,3.000e-04,2.9532,,
13678,3.000e-04,2.9560,,
13679,3.000e-04,2.9630,,
13680,3.000e-04,3.0077,,
13681,3.000e-04,3.0029,,
13682,3.000e-04,2.9851,,
13683,3.000e-04,2.9525,,
13684,3.000e-04,2.9587,,
13685,3.000e-04,2.9987,,
13686,3.000e-04,2.9548,,
13687,3.000e-04,2.9693,,
13688,3.000e-04,2.8971,,
13689,3.000e-04,2.9273,,
13690,3.000e-04,2.9713,,
13691,3.000e-04,2.9713,,
13692,3.000e-04,2.9737,,
13693,3.000e-04,2.9572,,
13694,3.000e-04,2.9825,,
13695,3.000e-04,2.9748,,
13696,3.000e-04,2.9477,,
13697,3.000e-04,2.9419,,
13698,3.000e-04,2.9774,,
13699,3.000e-04,2.9979,,
13700,3.000e-04,2.9468,2.8901902794837953,
13701,3.000e-04,2.9781,,
13702,3.000e-04,2.9456,,
13703,3.000e-04,2.9649,,
13704,3.000e-04,2.9469,,
13705,3.000e-04,2.9708,,
13706,3.000e-04,2.9915,,
13707,3.000e-04,2.9759,,
13708,3.000e-04,2.9821,,
13709,3.000e-04,2.9460,,
13710,3.000e-04,2.9564,,
13711,3.000e-04,2.9645,,
13712,3.000e-04,2.9033,,
13713,3.000e-04,2.9775,,
13714,3.000e-04,2.9053,,
13715,3.000e-04,2.9646,,
13716,3.000e-04,3.0034,,
13717,3.000e-04,2.9903,,
13718,3.000e-04,3.0097,,
13719,3.000e-04,2.9450,,
13720,3.000e-04,2.9876,,
13721,3.000e-04,3.0247,,
13722,3.000e-04,2.9992,,
13723,3.000e-04,2.9808,,
13724,3.000e-04,2.9612,,
13725,3.000e-04,2.9767,,
13726,3.000e-04,2.9471,,
13727,3.000e-04,2.9667,,
13728,3.000e-04,2.9684,,
13729,3.000e-04,2.9745,,
13730,3.000e-04,2.9496,,
13731,3.000e-04,2.9595,,
13732,3.000e-04,3.0167,,
13733,3.000e-04,3.0102,,
13734,3.000e-04,2.9402,,
13735,3.000e-04,2.9975,,
13736,3.000e-04,2.9622,,
13737,3.000e-04,2.9894,,
13738,3.000e-04,2.9679,,
13739,3.000e-04,2.9783,,
13740,3.000e-04,2.9462,,
13741,3.000e-04,2.9797,,
13742,3.000e-04,2.9475,,
13743,3.000e-04,2.9422,,
13744,3.000e-04,2.9642,,
13745,3.000e-04,2.9855,,
13746,3.000e-04,2.9398,,
13747,3.000e-04,2.9688,,
13748,3.000e-04,2.9915,,
13749,3.000e-04,2.9934,,
13750,3.000e-04,2.9782,,
13751,3.000e-04,2.9629,,
13752,3.000e-04,2.9498,,
13753,3.000e-04,2.9649,,
13754,3.000e-04,2.9553,,
13755,3.000e-04,2.9752,,
13756,3.000e-04,2.9679,,
13757,3.000e-04,3.0080,,
13758,3.000e-04,2.9819,,
13759,3.000e-04,3.0054,,
13760,3.000e-04,2.9622,,
13761,3.000e-04,2.9385,,
13762,3.000e-04,2.9243,,
13763,3.000e-04,2.9744,,
13764,3.000e-04,2.9694,,
13765,3.000e-04,3.0002,,
13766,3.000e-04,2.9907,,
13767,3.000e-04,2.9540,,
13768,3.000e-04,2.9347,,
13769,3.000e-04,2.9477,,
13770,3.000e-04,2.9634,,
13771,3.000e-04,3.0031,,
13772,3.000e-04,2.9655,,
13773,3.000e-04,2.9417,,
13774,3.000e-04,2.9533,,
13775,3.000e-04,2.9552,,
13776,3.000e-04,2.9420,,
13777,3.000e-04,2.9820,,
13778,3.000e-04,2.9687,,
13779,3.000e-04,2.9980,,
13780,3.000e-04,2.9715,,
13781,3.000e-04,2.9930,,
13782,3.000e-04,2.9116,,
13783,3.000e-04,3.0594,,
13784,3.000e-04,2.9449,,
13785,3.000e-04,2.9505,,
13786,3.000e-04,2.9444,,
13787,3.000e-04,2.9754,,
13788,3.000e-04,2.9322,,
13789,3.000e-04,2.9542,,
13790,3.000e-04,2.9816,,
13791,3.000e-04,2.9365,,
13792,3.000e-04,2.9718,,
13793,3.000e-04,2.9722,,
13794,3.000e-04,2.9904,,
13795,3.000e-04,2.9616,,
13796,3.000e-04,2.9630,,
13797,3.000e-04,2.9716,,
13798,3.000e-04,2.9790,,
13799,3.000e-04,2.9829,,
13800,3.000e-04,2.9443,2.9746762037277223,
13801,3.000e-04,2.9721,,
13802,3.000e-04,2.9789,,
13803,3.000e-04,3.0071,,
13804,3.000e-04,2.9756,,
13805,3.000e-04,2.9494,,
13806,3.000e-04,2.9978,,
13807,3.000e-04,2.9219,,
13808,3.000e-04,2.9908,,
13809,3.000e-04,2.9549,,
13810,3.000e-04,2.9762,,
13811,3.000e-04,2.9311,,
13812,3.000e-04,2.9872,,
13813,3.000e-04,2.9539,,
13814,3.000e-04,2.9284,,
13815,3.000e-04,2.9541,,
13816,3.000e-04,2.9677,,
13817,3.000e-04,2.9508,,
13818,3.000e-04,2.9809,,
13819,3.000e-04,2.9983,,
13820,3.000e-04,2.9530,,
13821,3.000e-04,2.9767,,
13822,3.000e-04,2.9773,,
13823,3.000e-04,2.9786,,
13824,3.000e-04,2.9780,,
13825,3.000e-04,2.9937,,
13826,3.000e-04,2.9956,,
13827,3.000e-04,2.9591,,
13828,3.000e-04,3.0032,,
13829,3.000e-04,2.9532,,
13830,3.000e-04,2.9638,,
13831,3.000e-04,2.9319,,
13832,3.000e-04,2.9310,,
13833,3.000e-04,2.9495,,
13834,3.000e-04,2.9480,,
13835,3.000e-04,2.9716,,
13836,3.000e-04,2.9774,,
13837,3.000e-04,2.9019,,
13838,3.000e-04,2.9505,,
13839,3.000e-04,2.9466,,
13840,3.000e-04,2.9714,,
13841,3.000e-04,2.9958,,
13842,3.000e-04,3.0034,,
13843,3.000e-04,2.9557,,
13844,3.000e-04,2.9539,,
13845,3.000e-04,2.9564,,
13846,3.000e-04,2.9511,,
13847,3.000e-04,2.9761,,
13848,3.000e-04,2.9399,,
13849,3.000e-04,2.9591,,
13850,3.000e-04,3.0324,,
13851,3.000e-04,2.9512,,
13852,3.000e-04,2.9501,,
13853,3.000e-04,2.9332,,
13854,3.000e-04,2.9948,,
13855,3.000e-04,2.9906,,
13856,3.000e-04,2.9215,,
13857,3.000e-04,2.9767,,
13858,3.000e-04,2.9683,,
13859,3.000e-04,2.9391,,
13860,3.000e-04,2.9300,,
13861,3.000e-04,2.9927,,
13862,3.000e-04,3.0003,,
13863,3.000e-04,3.0114,,
13864,3.000e-04,2.9636,,
13865,3.000e-04,2.9327,,
13866,3.000e-04,2.9259,,
13867,3.000e-04,2.9687,,
13868,3.000e-04,2.9715,,
13869,3.000e-04,2.9521,,
13870,3.000e-04,2.9628,,
13871,3.000e-04,2.9639,,
13872,3.000e-04,2.9006,,
13873,3.000e-04,2.9194,,
13874,3.000e-04,2.9558,,
13875,3.000e-04,2.9548,,
13876,3.000e-04,2.9934,,
13877,3.000e-04,2.9398,,
13878,3.000e-04,2.9816,,
13879,3.000e-04,2.9523,,
13880,3.000e-04,2.9498,,
13881,3.000e-04,2.9181,,
13882,3.000e-04,2.9336,,
13883,3.000e-04,2.9916,,
13884,3.000e-04,2.9848,,
13885,3.000e-04,2.9567,,
13886,3.000e-04,2.9410,,
13887,3.000e-04,3.0040,,
13888,3.000e-04,3.0106,,
13889,3.000e-04,2.9324,,
13890,3.000e-04,2.9964,,
13891,3.000e-04,2.9775,,
13892,3.000e-04,2.9769,,
13893,3.000e-04,3.0145,,
13894,3.000e-04,2.9596,,
13895,3.000e-04,2.9714,,
13896,3.000e-04,2.9525,,
13897,3.000e-04,2.9894,,
13898,3.000e-04,2.9512,,
13899,3.000e-04,2.9430,,
13900,3.000e-04,2.9449,2.8612637877464295,
13901,3.000e-04,2.9759,,
13902,3.000e-04,2.9377,,
13903,3.000e-04,2.9697,,
13904,3.000e-04,2.9868,,
13905,3.000e-04,2.9834,,
13906,3.000e-04,3.0352,,
13907,3.000e-04,2.9927,,
13908,3.000e-04,2.9703,,
13909,3.000e-04,2.9254,,
13910,3.000e-04,2.9804,,
13911,3.000e-04,2.9537,,
13912,3.000e-04,2.9460,,
13913,3.000e-04,2.9309,,
13914,3.000e-04,2.9557,,
13915,3.000e-04,2.9765,,
13916,3.000e-04,2.9551,,
13917,3.000e-04,2.9839,,
13918,3.000e-04,2.9608,,
13919,3.000e-04,2.9451,,
13920,3.000e-04,2.9661,,
13921,3.000e-04,2.9889,,
13922,3.000e-04,2.9359,,
13923,3.000e-04,2.9293,,
13924,3.000e-04,2.9236,,
13925,3.000e-04,2.9330,,
13926,3.000e-04,2.9959,,
13927,3.000e-04,2.9372,,
13928,3.000e-04,2.9786,,
13929,3.000e-04,2.9917,,
13930,3.000e-04,2.9313,,
13931,3.000e-04,3.0040,,
13932,3.000e-04,2.9793,,
13933,3.000e-04,2.9332,,
13934,3.000e-04,2.9296,,
13935,3.000e-04,2.9406,,
13936,3.000e-04,2.9425,,
13937,3.000e-04,2.9945,,
13938,3.000e-04,2.9885,,
13939,3.000e-04,2.9687,,
13940,3.000e-04,2.9687,,
13941,3.000e-04,2.9540,,
13942,3.000e-04,2.9130,,
13943,3.000e-04,2.9904,,
13944,3.000e-04,2.9558,,
13945,3.000e-04,2.9742,,
13946,3.000e-04,2.9457,,
13947,3.000e-04,2.9622,,
13948,3.000e-04,2.9598,,
13949,3.000e-04,3.0137,,
13950,3.000e-04,2.9600,,
13951,3.000e-04,2.9359,,
13952,3.000e-04,2.9254,,
13953,3.000e-04,2.9356,,
13954,3.000e-04,2.9703,,
13955,3.000e-04,2.9653,,
13956,3.000e-04,2.9572,,
13957,3.000e-04,2.9392,,
13958,3.000e-04,2.9427,,
13959,3.000e-04,2.9284,,
13960,3.000e-04,2.9989,,
13961,3.000e-04,2.9482,,
13962,3.000e-04,2.9729,,
13963,3.000e-04,2.9823,,
13964,3.000e-04,2.9739,,
13965,3.000e-04,2.9511,,
13966,3.000e-04,2.9820,,
13967,3.000e-04,2.9443,,
13968,3.000e-04,2.9718,,
13969,3.000e-04,3.0222,,
13970,3.000e-04,2.9991,,
13971,3.000e-04,2.9786,,
13972,3.000e-04,2.9460,,
13973,3.000e-04,2.9664,,
13974,3.000e-04,2.9870,,
13975,3.000e-04,2.9637,,
13976,3.000e-04,2.9476,,
13977,3.000e-04,3.0007,,
13978,3.000e-04,2.9634,,
13979,3.000e-04,2.9560,,
13980,3.000e-04,3.0355,,
13981,3.000e-04,2.9800,,
13982,3.000e-04,2.9429,,
13983,3.000e-04,2.9361,,
13984,3.000e-04,2.9468,,
13985,3.000e-04,2.9545,,
13986,3.000e-04,2.9401,,
13987,3.000e-04,2.9465,,
13988,3.000e-04,2.9375,,
13989,3.000e-04,2.9711,,
13990,3.000e-04,2.9771,,
13991,3.000e-04,2.9550,,
13992,3.000e-04,2.9818,,
13993,3.000e-04,2.9686,,
13994,3.000e-04,3.0208,,
13995,3.000e-04,2.9710,,
13996,3.000e-04,2.9820,,
13997,3.000e-04,2.9482,,
13998,3.000e-04,2.9203,,
13999,3.000e-04,2.9936,,
14000,3.000e-04,2.9239,2.9005383133888243,
14001,3.000e-04,2.9684,,
14002,3.000e-04,2.9749,,
14003,3.000e-04,2.9480,,
14004,3.000e-04,2.9771,,
14005,3.000e-04,2.9555,,
14006,3.000e-04,2.9956,,
14007,3.000e-04,2.9807,,
14008,3.000e-04,2.9517,,
14009,3.000e-04,2.9807,,
14010,3.000e-04,3.0017,,
14011,3.000e-04,2.9455,,
14012,3.000e-04,2.9922,,
14013,3.000e-04,2.9395,,
14014,3.000e-04,2.9859,,
14015,3.000e-04,2.9905,,
14016,3.000e-04,2.9765,,
14017,3.000e-04,2.9779,,
14018,3.000e-04,2.9347,,
14019,3.000e-04,2.9790,,
14020,3.000e-04,2.9848,,
14021,3.000e-04,2.9602,,
14022,3.000e-04,2.9784,,
14023,3.000e-04,2.9599,,
14024,3.000e-04,3.0072,,
14025,3.000e-04,2.9558,,
14026,3.000e-04,2.9553,,
14027,3.000e-04,2.9550,,
14028,3.000e-04,2.9265,,
14029,3.000e-04,2.9758,,
14030,3.000e-04,2.9538,,
14031,3.000e-04,2.9129,,
14032,3.000e-04,2.9701,,
14033,3.000e-04,2.9536,,
14034,3.000e-04,2.9881,,
14035,3.000e-04,3.0162,,
14036,3.000e-04,2.9279,,
14037,3.000e-04,2.9324,,
14038,3.000e-04,2.9328,,
14039,3.000e-04,2.9440,,
14040,3.000e-04,2.9933,,
14041,3.000e-04,2.9610,,
14042,3.000e-04,2.9722,,
14043,3.000e-04,2.9893,,
14044,3.000e-04,2.9832,,
14045,3.000e-04,2.9738,,
14046,3.000e-04,3.0079,,
14047,3.000e-04,2.9785,,
14048,3.000e-04,2.9754,,
14049,3.000e-04,2.9804,,
14050,3.000e-04,2.9703,,
14051,3.000e-04,2.9720,,
14052,3.000e-04,2.9478,,
14053,3.000e-04,2.9937,,
14054,3.000e-04,3.0158,,
14055,3.000e-04,2.9910,,
14056,3.000e-04,2.9778,,
14057,3.000e-04,2.9760,,
14058,3.000e-04,2.9261,,
14059,3.000e-04,3.0201,,
14060,3.000e-04,2.9310,,
14061,3.000e-04,2.9512,,
14062,3.000e-04,2.9483,,
14063,3.000e-04,2.9464,,
14064,3.000e-04,2.9764,,
14065,3.000e-04,2.9824,,
14066,3.000e-04,2.9966,,
14067,3.000e-04,2.9551,,
14068,3.000e-04,2.9499,,
14069,3.000e-04,3.0072,,
14070,3.000e-04,3.0031,,
14071,3.000e-04,2.9891,,
14072,3.000e-04,2.9925,,
14073,3.000e-04,2.9520,,
14074,3.000e-04,2.9746,,
14075,3.000e-04,2.9905,,
14076,3.000e-04,2.9602,,
14077,3.000e-04,2.9404,,
14078,3.000e-04,2.9605,,
14079,3.000e-04,2.9441,,
14080,3.000e-04,2.9062,,
14081,3.000e-04,2.9733,,
14082,3.000e-04,2.9552,,
14083,3.000e-04,2.9902,,
14084,3.000e-04,2.9751,,
14085,3.000e-04,3.0056,,
14086,3.000e-04,2.9871,,
14087,3.000e-04,2.9711,,
14088,3.000e-04,2.9478,,
14089,3.000e-04,2.9266,,
14090,3.000e-04,2.9909,,
14091,3.000e-04,3.0136,,
14092,3.000e-04,2.9423,,
14093,3.000e-04,2.9386,,
14094,3.000e-04,2.9585,,
14095,3.000e-04,2.9804,,
14096,3.000e-04,2.9160,,
14097,3.000e-04,2.9598,,
14098,3.000e-04,3.0131,,
14099,3.000e-04,2.9656,,
14100,3.000e-04,2.9603,2.9769044876098634,
14101,3.000e-04,3.0035,,
14102,3.000e-04,2.9689,,
14103,3.000e-04,2.9624,,
14104,3.000e-04,2.9914,,
14105,3.000e-04,2.9708,,
14106,3.000e-04,2.9399,,
14107,3.000e-04,2.9494,,
14108,3.000e-04,2.9358,,
14109,3.000e-04,2.9837,,
14110,3.000e-04,2.9501,,
14111,3.000e-04,2.9630,,
14112,3.000e-04,2.9456,,
14113,3.000e-04,2.9575,,
14114,3.000e-04,2.9878,,
14115,3.000e-04,3.0016,,
14116,3.000e-04,2.9875,,
14117,3.000e-04,2.9310,,
14118,3.000e-04,2.9604,,
14119,3.000e-04,2.9432,,
14120,3.000e-04,2.9641,,
14121,3.000e-04,2.9570,,
14122,3.000e-04,2.9818,,
14123,3.000e-04,2.9757,,
14124,3.000e-04,2.9537,,
14125,3.000e-04,2.9829,,
14126,3.000e-04,2.9867,,
14127,3.000e-04,3.0095,,
14128,3.000e-04,2.9743,,
14129,3.000e-04,2.9452,,
14130,3.000e-04,2.9301,,
14131,3.000e-04,2.9373,,
14132,3.000e-04,2.9302,,
14133,3.000e-04,2.9518,,
14134,3.000e-04,2.9964,,
14135,3.000e-04,2.9656,,
14136,3.000e-04,2.9329,,
14137,3.000e-04,3.0025,,
14138,3.000e-04,3.0051,,
14139,3.000e-04,2.9206,,
14140,3.000e-04,2.9768,,
14141,3.000e-04,2.9777,,
14142,3.000e-04,2.9810,,
14143,3.000e-04,2.9215,,
14144,3.000e-04,2.9202,,
14145,3.000e-04,2.9481,,
14146,3.000e-04,2.9089,,
14147,3.000e-04,2.9762,,
14148,3.000e-04,2.9597,,
14149,3.000e-04,2.9459,,
14150,3.000e-04,2.9534,,
14151,3.000e-04,2.9407,,
14152,3.000e-04,2.9555,,
14153,3.000e-04,2.9822,,
14154,3.000e-04,2.9277,,
14155,3.000e-04,2.9522,,
14156,3.000e-04,2.9481,,
14157,3.000e-04,2.9768,,
14158,3.000e-04,2.9223,,
14159,3.000e-04,2.9597,,
14160,3.000e-04,2.9505,,
14161,3.000e-04,2.9472,,
14162,3.000e-04,3.0069,,
14163,3.000e-04,2.9649,,
14164,3.000e-04,3.0083,,
14165,3.000e-04,2.9562,,
14166,3.000e-04,2.9504,,
14167,3.000e-04,3.0003,,
14168,3.000e-04,2.9509,,
14169,3.000e-04,2.9575,,
14170,3.000e-04,2.9328,,
14171,3.000e-04,2.9497,,
14172,3.000e-04,2.9082,,
14173,3.000e-04,3.0210,,
14174,3.000e-04,2.9371,,
14175,3.000e-04,2.9952,,
14176,3.000e-04,2.9549,,
14177,3.000e-04,2.8751,,
14178,3.000e-04,2.9301,,
14179,3.000e-04,2.9681,,
14180,3.000e-04,3.0196,,
14181,3.000e-04,2.9584,,
14182,3.000e-04,2.9459,,
14183,3.000e-04,3.0136,,
14184,3.000e-04,2.9043,,
14185,3.000e-04,2.9240,,
14186,3.000e-04,2.9174,,
14187,3.000e-04,2.9372,,
14188,3.000e-04,2.9738,,
14189,3.000e-04,2.9478,,
14190,3.000e-04,3.0045,,
14191,3.000e-04,2.9650,,
14192,3.000e-04,2.9255,,
14193,3.000e-04,2.9252,,
14194,3.000e-04,2.9623,,
14195,3.000e-04,2.9890,,
14196,3.000e-04,2.9985,,
14197,3.000e-04,2.9694,,
14198,3.000e-04,2.9250,,
14199,3.000e-04,2.9387,,
14200,3.000e-04,2.9736,3.0176201462745667,
14201,3.000e-04,2.9930,,
14202,3.000e-04,2.9484,,
14203,3.000e-04,2.9751,,
14204,3.000e-04,2.9799,,
14205,3.000e-04,2.9041,,
14206,3.000e-04,2.9863,,
14207,3.000e-04,2.9536,,
14208,3.000e-04,2.9463,,
14209,3.000e-04,2.9574,,
14210,3.000e-04,2.9356,,
14211,3.000e-04,2.9770,,
14212,3.000e-04,2.9598,,
14213,3.000e-04,2.9888,,
14214,3.000e-04,2.9260,,
14215,3.000e-04,2.9230,,
14216,3.000e-04,2.9429,,
14217,3.000e-04,2.9952,,
14218,3.000e-04,2.9902,,
14219,3.000e-04,2.9385,,
14220,3.000e-04,2.9414,,
14221,3.000e-04,2.9758,,
14222,3.000e-04,2.9917,,
14223,3.000e-04,2.9428,,
14224,3.000e-04,2.9610,,
14225,3.000e-04,2.9433,,
14226,3.000e-04,2.9512,,
14227,3.000e-04,2.9044,,
14228,3.000e-04,2.9271,,
14229,3.000e-04,2.9704,,
14230,3.000e-04,2.9004,,
14231,3.000e-04,2.9553,,
14232,3.000e-04,2.9568,,
14233,3.000e-04,2.9750,,
14234,3.000e-04,2.9769,,
14235,3.000e-04,2.9524,,
14236,3.000e-04,3.0072,,
14237,3.000e-04,2.9917,,
14238,3.000e-04,2.9740,,
14239,3.000e-04,2.9693,,
14240,3.000e-04,2.9828,,
14241,3.000e-04,2.9593,,
14242,3.000e-04,2.9629,,
14243,3.000e-04,2.9791,,
14244,3.000e-04,2.9726,,
14245,3.000e-04,2.9405,,
14246,3.000e-04,2.9731,,
14247,3.000e-04,2.9716,,
14248,3.000e-04,2.9784,,
14249,3.000e-04,3.0049,,
14250,3.000e-04,2.9857,,
14251,3.000e-04,2.9106,,
14252,3.000e-04,2.9713,,
14253,3.000e-04,2.9611,,
14254,3.000e-04,2.9523,,
14255,3.000e-04,2.9770,,
14256,3.000e-04,2.9842,,
14257,3.000e-04,2.9139,,
14258,3.000e-04,2.9614,,
14259,3.000e-04,2.9506,,
14260,3.000e-04,2.9874,,
14261,3.000e-04,2.9334,,
14262,3.000e-04,2.9330,,
14263,3.000e-04,2.9368,,
14264,3.000e-04,2.9716,,
14265,3.000e-04,2.9432,,
14266,3.000e-04,2.9809,,
14267,3.000e-04,2.9389,,
14268,3.000e-04,2.9832,,
14269,3.000e-04,2.9387,,
14270,3.000e-04,2.9515,,
14271,3.000e-04,2.9495,,
14272,3.000e-04,2.9449,,
14273,3.000e-04,2.9285,,
14274,3.000e-04,2.9553,,
14275,3.000e-04,2.8954,,
14276,3.000e-04,2.9659,,
14277,3.000e-04,2.9619,,
14278,3.000e-04,2.9374,,
14279,3.000e-04,2.9110,,
14280,3.000e-04,2.9641,,
14281,3.000e-04,2.9720,,
14282,3.000e-04,3.0184,,
14283,3.000e-04,2.9867,,
14284,3.000e-04,2.9475,,
14285,3.000e-04,2.9619,,
14286,3.000e-04,2.9550,,
14287,3.000e-04,2.9571,,
14288,3.000e-04,2.9813,,
14289,3.000e-04,2.9343,,
14290,3.000e-04,2.9306,,
14291,3.000e-04,2.9951,,
14292,3.000e-04,2.9551,,
14293,3.000e-04,2.9974,,
14294,3.000e-04,2.9676,,
14295,3.000e-04,2.9988,,
14296,3.000e-04,2.9413,,
14297,3.000e-04,2.9630,,
14298,3.000e-04,2.9248,,
14299,3.000e-04,2.9512,,
14300,3.000e-04,3.0111,2.8575968027114866,
14301,3.000e-04,2.9083,,
14302,3.000e-04,2.9641,,
14303,3.000e-04,2.9403,,
14304,3.000e-04,2.9486,,
14305,3.000e-04,2.9305,,
14306,3.000e-04,2.9853,,
14307,3.000e-04,2.9465,,
14308,3.000e-04,3.0269,,
14309,3.000e-04,2.9606,,
14310,3.000e-04,2.9634,,
14311,3.000e-04,2.9437,,
14312,3.000e-04,2.9521,,
14313,3.000e-04,2.9882,,
14314,3.000e-04,2.9605,,
14315,3.000e-04,2.9765,,
14316,3.000e-04,2.9366,,
14317,3.000e-04,2.9564,,
14318,3.000e-04,2.9666,,
14319,3.000e-04,2.9739,,
14320,3.000e-04,3.0008,,
14321,3.000e-04,2.9711,,
14322,3.000e-04,2.9725,,
14323,3.000e-04,2.9516,,
14324,3.000e-04,2.9435,,
14325,3.000e-04,2.9280,,
14326,3.000e-04,2.9366,,
14327,3.000e-04,2.9365,,
14328,3.000e-04,2.9542,,
14329,3.000e-04,2.9049,,
14330,3.000e-04,2.9803,,
14331,3.000e-04,2.9661,,
14332,3.000e-04,2.9413,,
14333,3.000e-04,3.0121,,
14334,3.000e-04,2.9751,,
14335,3.000e-04,2.9558,,
14336,3.000e-04,2.9271,,
14337,3.000e-04,2.9587,,
14338,3.000e-04,2.9445,,
14339,3.000e-04,2.9227,,
14340,3.000e-04,2.9550,,
14341,3.000e-04,2.9504,,
14342,3.000e-04,2.9625,,
14343,3.000e-04,2.9606,,
14344,3.000e-04,2.9747,,
14345,3.000e-04,2.9445,,
14346,3.000e-04,2.9406,,
14347,3.000e-04,2.9643,,
14348,3.000e-04,2.9989,,
14349,3.000e-04,2.9728,,
14350,3.000e-04,2.9910,,
14351,3.000e-04,2.9464,,
14352,3.000e-04,2.9385,,
14353,3.000e-04,2.9031,,
14354,3.000e-04,2.9424,,
14355,3.000e-04,2.9517,,
14356,3.000e-04,2.9457,,
14357,3.000e-04,2.9420,,
14358,3.000e-04,2.9277,,
14359,3.000e-04,2.9553,,
14360,3.000e-04,2.9270,,
14361,3.000e-04,2.9814,,
14362,3.000e-04,2.9598,,
14363,3.000e-04,2.9571,,
14364,3.000e-04,2.9748,,
14365,3.000e-04,2.9752,,
14366,3.000e-04,2.9493,,
14367,3.000e-04,2.9751,,
14368,3.000e-04,2.9783,,
14369,3.000e-04,2.9698,,
14370,3.000e-04,2.9625,,
14371,3.000e-04,2.9577,,
14372,3.000e-04,2.9110,,
14373,3.000e-04,2.9699,,
14374,3.000e-04,2.9191,,
14375,3.000e-04,2.9879,,
14376,3.000e-04,2.9689,,
14377,3.000e-04,2.9957,,
14378,3.000e-04,2.9869,,
14379,3.000e-04,2.9620,,
14380,3.000e-04,2.9391,,
14381,3.000e-04,2.9513,,
14382,3.000e-04,2.8899,,
14383,3.000e-04,2.9646,,
14384,3.000e-04,2.9967,,
14385,3.000e-04,2.9463,,
14386,3.000e-04,2.9262,,
14387,3.000e-04,2.9363,,
14388,3.000e-04,2.9785,,
14389,3.000e-04,2.9518,,
14390,3.000e-04,2.9334,,
14391,3.000e-04,2.9575,,
14392,3.000e-04,2.9289,,
14393,3.000e-04,2.9231,,
14394,3.000e-04,2.9361,,
14395,3.000e-04,2.9930,,
14396,3.000e-04,2.9677,,
14397,3.000e-04,2.9689,,
14398,3.000e-04,2.9747,,
14399,3.000e-04,2.9427,,
14400,3.000e-04,2.9900,2.9348198890686037,
14401,3.000e-04,2.9464,,
14402,3.000e-04,2.9039,,
14403,3.000e-04,2.9548,,
14404,3.000e-04,2.9597,,
14405,3.000e-04,2.9353,,
14406,3.000e-04,2.9241,,
14407,3.000e-04,2.9658,,
14408,3.000e-04,2.9509,,
14409,3.000e-04,2.9609,,
14410,3.000e-04,2.9760,,
14411,3.000e-04,3.0076,,
14412,3.000e-04,2.9841,,
14413,3.000e-04,2.9489,,
14414,3.000e-04,2.9554,,
14415,3.000e-04,2.9370,,
14416,3.000e-04,2.9462,,
14417,3.000e-04,2.9861,,
14418,3.000e-04,2.9587,,
14419,3.000e-04,2.9326,,
14420,3.000e-04,2.9712,,
14421,3.000e-04,2.9184,,
14422,3.000e-04,2.9557,,
14423,3.000e-04,2.9605,,
14424,3.000e-04,2.9616,,
14425,3.000e-04,3.0031,,
14426,3.000e-04,2.9705,,
14427,3.000e-04,2.9542,,
14428,3.000e-04,2.9829,,
14429,3.000e-04,2.9666,,
14430,3.000e-04,2.9456,,
14431,3.000e-04,2.9684,,
14432,3.000e-04,2.9523,,
14433,3.000e-04,2.9722,,
14434,3.000e-04,2.9493,,
14435,3.000e-04,2.9298,,
14436,3.000e-04,2.9682,,
14437,3.000e-04,2.9423,,
14438,3.000e-04,2.9878,,
14439,3.000e-04,2.9989,,
14440,3.000e-04,2.9344,,
14441,3.000e-04,2.8993,,
14442,3.000e-04,2.9387,,
14443,3.000e-04,2.9304,,
14444,3.000e-04,2.9360,,
14445,3.000e-04,2.9383,,
14446,3.000e-04,2.9514,,
14447,3.000e-04,2.9312,,
14448,3.000e-04,2.9918,,
14449,3.000e-04,2.9953,,
14450,3.000e-04,2.9693,,
14451,3.000e-04,2.9565,,
14452,3.000e-04,2.9694,,
14453,3.000e-04,2.9871,,
14454,3.000e-04,2.9470,,
14455,3.000e-04,2.9569,,
14456,3.000e-04,2.9762,,
14457,3.000e-04,2.9684,,
14458,3.000e-04,2.9458,,
14459,3.000e-04,2.9264,,
14460,3.000e-04,2.9521,,
14461,3.000e-04,2.9845,,
14462,3.000e-04,2.9336,,
14463,3.000e-04,2.9794,,
14464,3.000e-04,2.9216,,
14465,3.000e-04,2.9713,,
14466,3.000e-04,2.9156,,
14467,3.000e-04,2.9628,,
14468,3.000e-04,2.9292,,
14469,3.000e-04,2.9794,,
14470,3.000e-04,2.9226,,
14471,3.000e-04,2.9471,,
14472,3.000e-04,2.9323,,
14473,3.000e-04,2.9598,,
14474,3.000e-04,2.9888,,
14475,3.000e-04,2.9274,,
14476,3.000e-04,2.9622,,
14477,3.000e-04,2.9099,,
14478,3.000e-04,2.8946,,
14479,3.000e-04,2.9674,,
14480,3.000e-04,2.9410,,
14481,3.000e-04,2.9389,,
14482,3.000e-04,2.9903,,
14483,3.000e-04,2.9160,,
14484,3.000e-04,2.9092,,
14485,3.000e-04,2.9483,,
14486,3.000e-04,2.9437,,
14487,3.000e-04,2.9433,,
14488,3.000e-04,2.9407,,
14489,3.000e-04,2.9691,,
14490,3.000e-04,2.9729,,
14491,3.000e-04,2.9433,,
14492,3.000e-04,2.9758,,
14493,3.000e-04,2.9503,,
14494,3.000e-04,2.9854,,
14495,3.000e-04,2.9543,,
14496,3.000e-04,2.9665,,
14497,3.000e-04,2.9849,,
14498,3.000e-04,2.9610,,
14499,3.000e-04,2.9585,,
14500,3.000e-04,2.9659,2.8855873227119444,
14501,3.000e-04,2.9433,,
14502,3.000e-04,2.9924,,
14503,3.000e-04,2.9482,,
14504,3.000e-04,2.9575,,
14505,3.000e-04,2.9715,,
14506,3.000e-04,2.9582,,
14507,3.000e-04,2.9804,,
14508,3.000e-04,2.9721,,
14509,3.000e-04,2.9709,,
14510,3.000e-04,2.9957,,
14511,3.000e-04,2.9718,,
14512,3.000e-04,2.9331,,
14513,3.000e-04,2.9668,,
14514,3.000e-04,2.9606,,
14515,3.000e-04,2.9743,,
14516,3.000e-04,2.9538,,
14517,3.000e-04,2.9225,,
14518,3.000e-04,2.9177,,
14519,3.000e-04,2.9300,,
14520,3.000e-04,2.9620,,
14521,3.000e-04,2.9275,,
14522,3.000e-04,2.9515,,
14523,3.000e-04,2.9455,,
14524,3.000e-04,2.9310,,
14525,3.000e-04,2.9715,,
14526,3.000e-04,2.9245,,
14527,3.000e-04,2.9835,,
14528,3.000e-04,3.0029,,
14529,3.000e-04,2.9532,,
14530,3.000e-04,2.9330,,
14531,3.000e-04,2.9655,,
14532,3.000e-04,2.9563,,
14533,3.000e-04,2.9464,,
14534,3.000e-04,2.9501,,
14535,3.000e-04,2.9760,,
14536,3.000e-04,2.9770,,
14537,3.000e-04,2.9539,,
14538,3.000e-04,2.9643,,
14539,3.000e-04,2.9454,,
14540,3.000e-04,2.9636,,
14541,3.000e-04,2.9194,,
14542,3.000e-04,2.9417,,
14543,3.000e-04,2.9269,,
14544,3.000e-04,2.9533,,
14545,3.000e-04,2.9375,,
14546,3.000e-04,2.9692,,
14547,3.000e-04,2.9721,,
14548,3.000e-04,2.9416,,
14549,3.000e-04,2.9513,,
14550,3.000e-04,2.9516,,
14551,3.000e-04,2.9421,,
14552,3.000e-04,2.9013,,
14553,3.000e-04,2.9484,,
14554,3.000e-04,2.9773,,
14555,3.000e-04,2.9655,,
14556,3.000e-04,2.9770,,
14557,3.000e-04,2.9579,,
14558,3.000e-04,2.9588,,
14559,3.000e-04,2.9703,,
14560,3.000e-04,2.9537,,
14561,3.000e-04,2.9711,,
14562,3.000e-04,2.9742,,
14563,3.000e-04,2.9503,,
14564,3.000e-04,2.9589,,
14565,3.000e-04,2.9207,,
14566,3.000e-04,2.9675,,
14567,3.000e-04,2.9382,,
14568,3.000e-04,2.9640,,
14569,3.000e-04,2.9683,,
14570,3.000e-04,2.9501,,
14571,3.000e-04,2.9708,,
14572,3.000e-04,2.9721,,
14573,3.000e-04,2.9539,,
14574,3.000e-04,2.9733,,
14575,3.000e-04,2.9535,,
14576,3.000e-04,3.0060,,
14577,3.000e-04,2.9421,,
14578,3.000e-04,2.9387,,
14579,3.000e-04,2.9288,,
14580,3.000e-04,2.9329,,
14581,3.000e-04,2.9226,,
14582,3.000e-04,3.0022,,
14583,3.000e-04,2.9881,,
14584,3.000e-04,2.9569,,
14585,3.000e-04,2.9151,,
14586,3.000e-04,2.9476,,
14587,3.000e-04,2.9836,,
14588,3.000e-04,2.9270,,
14589,3.000e-04,2.8899,,
14590,3.000e-04,2.9486,,
14591,3.000e-04,2.9336,,
14592,3.000e-04,2.9461,,
14593,3.000e-04,2.9589,,
14594,3.000e-04,2.9850,,
14595,3.000e-04,2.9053,,
14596,3.000e-04,2.9528,,
14597,3.000e-04,2.9357,,
14598,3.000e-04,2.9931,,
14599,3.000e-04,2.9388,,
14600,3.000e-04,2.9264,3.0189889430999757,
14601,3.000e-04,2.9619,,
14602,3.000e-04,2.9435,,
14603,3.000e-04,2.9425,,
14604,3.000e-04,3.0098,,
14605,3.000e-04,2.9618,,
14606,3.000e-04,2.9858,,
14607,3.000e-04,2.9450,,
14608,3.000e-04,2.9483,,
14609,3.000e-04,2.9256,,
14610,3.000e-04,2.9685,,
14611,3.000e-04,2.9591,,
14612,3.000e-04,2.9428,,
14613,3.000e-04,2.9523,,
14614,3.000e-04,2.9372,,
14615,3.000e-04,2.9446,,
14616,3.000e-04,2.9578,,
14617,3.000e-04,2.9640,,
14618,3.000e-04,3.0117,,
14619,3.000e-04,2.9379,,
14620,3.000e-04,2.9497,,
14621,3.000e-04,2.9517,,
14622,3.000e-04,2.9088,,
14623,3.000e-04,2.8989,,
14624,3.000e-04,2.9516,,
14625,3.000e-04,2.9553,,
14626,3.000e-04,2.9590,,
14627,3.000e-04,2.9954,,
14628,3.000e-04,2.9414,,
14629,3.000e-04,2.9236,,
14630,3.000e-04,2.9459,,
14631,3.000e-04,2.9812,,
14632,3.000e-04,2.9229,,
14633,3.000e-04,2.9144,,
14634,3.000e-04,2.9509,,
14635,3.000e-04,2.9271,,
14636,3.000e-04,2.9828,,
14637,3.000e-04,2.9981,,
14638,3.000e-04,2.9492,,
14639,3.000e-04,2.9603,,
14640,3.000e-04,2.9327,,
14641,3.000e-04,2.9823,,
14642,3.000e-04,2.9502,,
14643,3.000e-04,2.9773,,
14644,3.000e-04,2.9398,,
14645,3.000e-04,2.9410,,
14646,3.000e-04,2.9723,,
14647,3.000e-04,2.9766,,
14648,3.000e-04,2.9450,,
14649,3.000e-04,2.9607,,
14650,3.000e-04,2.9264,,
14651,3.000e-04,2.9814,,
14652,3.000e-04,2.9665,,
14653,3.000e-04,2.9705,,
14654,3.000e-04,2.9709,,
14655,3.000e-04,2.9525,,
14656,3.000e-04,2.9363,,
14657,3.000e-04,2.9358,,
14658,3.000e-04,2.9753,,
14659,3.000e-04,2.9643,,
14660,3.000e-04,2.9420,,
14661,3.000e-04,2.9680,,
14662,3.000e-04,2.9285,,
14663,3.000e-04,2.9775,,
14664,3.000e-04,2.8960,,
14665,3.000e-04,2.9672,,
14666,3.000e-04,2.9558,,
14667,3.000e-04,2.9773,,
14668,3.000e-04,2.9618,,
14669,3.000e-04,2.9318,,
14670,3.000e-04,2.9215,,
14671,3.000e-04,2.9647,,
14672,3.000e-04,2.9715,,
14673,3.000e-04,2.9821,,
14674,3.000e-04,2.9142,,
14675,3.000e-04,2.9150,,
14676,3.000e-04,2.9504,,
14677,3.000e-04,2.9162,,
14678,3.000e-04,2.9695,,
14679,3.000e-04,2.9940,,
14680,3.000e-04,2.9643,,
14681,3.000e-04,2.9430,,
14682,3.000e-04,2.9624,,
14683,3.000e-04,2.9427,,
14684,3.000e-04,2.9475,,
14685,3.000e-04,2.9704,,
14686,3.000e-04,2.9998,,
14687,3.000e-04,2.9433,,
14688,3.000e-04,2.9708,,
14689,3.000e-04,2.9561,,
14690,3.000e-04,2.9504,,
14691,3.000e-04,2.9174,,
14692,3.000e-04,2.9250,,
14693,3.000e-04,3.0073,,
14694,3.000e-04,2.9641,,
14695,3.000e-04,2.9112,,
14696,3.000e-04,2.9481,,
14697,3.000e-04,2.9293,,
14698,3.000e-04,2.9886,,
14699,3.000e-04,2.9399,,
14700,3.000e-04,2.9263,2.882394254207611,
14701,3.000e-04,2.9685,,
14702,3.000e-04,2.9827,,
14703,3.000e-04,2.9537,,
14704,3.000e-04,2.9549,,
14705,3.000e-04,2.9361,,
14706,3.000e-04,2.9300,,
14707,3.000e-04,2.9226,,
14708,3.000e-04,2.9366,,
14709,3.000e-04,2.9702,,
14710,3.000e-04,2.9666,,
14711,3.000e-04,2.9252,,
14712,3.000e-04,2.9072,,
14713,3.000e-04,2.9597,,
14714,3.000e-04,2.9652,,
14715,3.000e-04,2.9460,,
14716,3.000e-04,2.9591,,
14717,3.000e-04,2.9834,,
14718,3.000e-04,2.9259,,
14719,3.000e-04,2.9628,,
14720,3.000e-04,2.9628,,
14721,3.000e-04,2.9638,,
14722,3.000e-04,2.9350,,
14723,3.000e-04,2.9544,,
14724,3.000e-04,2.9760,,
14725,3.000e-04,2.9601,,
14726,3.000e-04,2.9003,,
14727,3.000e-04,2.9731,,
14728,3.000e-04,2.9611,,
14729,3.000e-04,2.9904,,
14730,3.000e-04,2.9613,,
14731,3.000e-04,2.9831,,
14732,3.000e-04,2.9401,,
14733,3.000e-04,2.9717,,
14734,3.000e-04,2.9798,,
14735,3.000e-04,2.9671,,
14736,3.000e-04,2.9493,,
14737,3.000e-04,2.9428,,
14738,3.000e-04,2.9955,,
14739,3.000e-04,3.0014,,
14740,3.000e-04,2.9585,,
14741,3.000e-04,2.9395,,
14742,3.000e-04,2.9323,,
14743,3.000e-04,2.9338,,
14744,3.000e-04,2.9497,,
14745,3.000e-04,2.9527,,
14746,3.000e-04,2.9677,,
14747,3.000e-04,2.9869,,
14748,3.000e-04,2.9531,,
14749,3.000e-04,2.9345,,
14750,3.000e-04,2.9668,,
14751,3.000e-04,2.9506,,
14752,3.000e-04,2.9291,,
14753,3.000e-04,2.9583,,
14754,3.000e-04,2.9405,,
14755,3.000e-04,2.9656,,
14756,3.000e-04,2.9563,,
14757,3.000e-04,2.9394,,
14758,3.000e-04,2.9555,,
14759,3.000e-04,2.9666,,
14760,3.000e-04,2.9885,,
14761,3.000e-04,2.9547,,
14762,3.000e-04,2.9720,,
14763,3.000e-04,2.9547,,
14764,3.000e-04,2.9438,,
14765,3.000e-04,2.9834,,
14766,3.000e-04,2.9597,,
14767,3.000e-04,2.9203,,
14768,3.000e-04,2.9429,,
14769,3.000e-04,2.9403,,
14770,3.000e-04,2.9548,,
14771,3.000e-04,2.9469,,
14772,3.000e-04,3.0030,,
14773,3.000e-04,2.9767,,
14774,3.000e-04,2.9520,,
14775,3.000e-04,2.9755,,
14776,3.000e-04,2.9440,,
14777,3.000e-04,2.9399,,
14778,3.000e-04,2.9250,,
14779,3.000e-04,2.9496,,
14780,3.000e-04,2.9288,,
14781,3.000e-04,2.9315,,
14782,3.000e-04,2.9165,,
14783,3.000e-04,2.9227,,
14784,3.000e-04,2.9544,,
14785,3.000e-04,2.9231,,
14786,3.000e-04,2.9548,,
14787,3.000e-04,2.9533,,
14788,3.000e-04,2.9484,,
14789,3.000e-04,2.9175,,
14790,3.000e-04,2.9412,,
14791,3.000e-04,2.9734,,
14792,3.000e-04,2.9573,,
14793,3.000e-04,2.9165,,
14794,3.000e-04,2.9648,,
14795,3.000e-04,2.9792,,
14796,3.000e-04,2.9579,,
14797,3.000e-04,2.9507,,
14798,3.000e-04,2.9330,,
14799,3.000e-04,2.8951,,
14800,3.000e-04,2.9194,2.8689839839935303,
14801,3.000e-04,2.9655,,
14802,3.000e-04,2.9706,,
14803,3.000e-04,2.9818,,
14804,3.000e-04,2.9865,,
14805,3.000e-04,2.9297,,
14806,3.000e-04,2.9909,,
14807,3.000e-04,2.8985,,
14808,3.000e-04,2.9347,,
14809,3.000e-04,2.9544,,
14810,3.000e-04,2.9698,,
14811,3.000e-04,2.9489,,
14812,3.000e-04,2.9105,,
14813,3.000e-04,2.9755,,
14814,3.000e-04,2.9233,,
14815,3.000e-04,2.9739,,
14816,3.000e-04,3.0163,,
14817,3.000e-04,2.9718,,
14818,3.000e-04,2.9637,,
14819,3.000e-04,2.9415,,
14820,3.000e-04,2.9406,,
14821,3.000e-04,2.9427,,
14822,3.000e-04,2.9477,,
14823,3.000e-04,2.9111,,
14824,3.000e-04,2.9256,,
14825,3.000e-04,2.9492,,
14826,3.000e-04,2.9484,,
14827,3.000e-04,2.9626,,
14828,3.000e-04,2.9741,,
14829,3.000e-04,2.9358,,
14830,3.000e-04,2.9799,,
14831,3.000e-04,2.9553,,
14832,3.000e-04,2.9392,,
14833,3.000e-04,2.9599,,
14834,3.000e-04,2.9572,,
14835,3.000e-04,2.9854,,
14836,3.000e-04,2.9534,,
14837,3.000e-04,2.9757,,
14838,3.000e-04,2.9708,,
14839,3.000e-04,2.9474,,
14840,3.000e-04,3.0269,,
14841,3.000e-04,2.9550,,
14842,3.000e-04,2.9464,,
14843,3.000e-04,2.9533,,
14844,3.000e-04,2.9243,,
14845,3.000e-04,2.9162,,
14846,3.000e-04,2.9125,,
14847,3.000e-04,2.9384,,
14848,3.000e-04,2.9421,,
14849,3.000e-04,2.9729,,
14850,3.000e-04,2.9348,,
14851,3.000e-04,2.9285,,
14852,3.000e-04,2.9626,,
14853,3.000e-04,2.9193,,
14854,3.000e-04,2.9310,,
14855,3.000e-04,2.9459,,
14856,3.000e-04,2.9565,,
14857,3.000e-04,2.9724,,
14858,3.000e-04,2.9355,,
14859,3.000e-04,2.9000,,
14860,3.000e-04,2.9477,,
14861,3.000e-04,2.9436,,
14862,3.000e-04,2.9507,,
14863,3.000e-04,2.9407,,
14864,3.000e-04,2.9841,,
14865,3.000e-04,2.9558,,
14866,3.000e-04,2.9218,,
14867,3.000e-04,2.9557,,
14868,3.000e-04,2.9248,,
14869,3.000e-04,2.9593,,
14870,3.000e-04,2.9804,,
14871,3.000e-04,2.9564,,
14872,3.000e-04,2.9386,,
14873,3.000e-04,2.9718,,
14874,3.000e-04,2.9621,,
14875,3.000e-04,2.9288,,
14876,3.000e-04,2.9491,,
14877,3.000e-04,2.9381,,
14878,3.000e-04,2.9218,,
14879,3.000e-04,2.9875,,
14880,3.000e-04,2.9122,,
14881,3.000e-04,2.9592,,
14882,3.000e-04,2.9864,,
14883,3.000e-04,2.9497,,
14884,3.000e-04,2.9352,,
14885,3.000e-04,2.9395,,
14886,3.000e-04,2.9264,,
14887,3.000e-04,2.9390,,
14888,3.000e-04,2.9750,,
14889,3.000e-04,2.9824,,
14890,3.000e-04,2.9177,,
14891,3.000e-04,2.9631,,
14892,3.000e-04,2.9375,,
14893,3.000e-04,3.0193,,
14894,3.000e-04,2.9090,,
14895,3.000e-04,2.9708,,
14896,3.000e-04,2.9809,,
14897,3.000e-04,2.9481,,
14898,3.000e-04,2.9749,,
14899,3.000e-04,2.9253,,
14900,3.000e-04,2.9384,2.880478322505951,
14901,3.000e-04,2.9736,,
14902,3.000e-04,2.9889,,
14903,3.000e-04,2.9456,,
14904,3.000e-04,2.9302,,
14905,3.000e-04,2.9438,,
14906,3.000e-04,2.9501,,
14907,3.000e-04,2.9567,,
14908,3.000e-04,2.9406,,
14909,3.000e-04,2.9913,,
14910,3.000e-04,2.9841,,
14911,3.000e-04,2.9524,,
14912,3.000e-04,2.9186,,
14913,3.000e-04,2.9523,,
14914,3.000e-04,2.9844,,
14915,3.000e-04,2.9428,,
14916,3.000e-04,2.9804,,
14917,3.000e-04,2.9541,,
14918,3.000e-04,2.9868,,
14919,3.000e-04,2.9386,,
14920,3.000e-04,2.9267,,
14921,3.000e-04,2.9288,,
14922,3.000e-04,2.9820,,
14923,3.000e-04,2.9145,,
14924,3.000e-04,2.9471,,
14925,3.000e-04,2.9316,,
14926,3.000e-04,2.9709,,
14927,3.000e-04,2.9644,,
14928,3.000e-04,2.9206,,
14929,3.000e-04,2.9007,,
14930,3.000e-04,2.9386,,
14931,3.000e-04,2.9923,,
14932,3.000e-04,2.9521,,
14933,3.000e-04,2.9604,,
14934,3.000e-04,2.8968,,
14935,3.000e-04,2.9766,,
14936,3.000e-04,2.9662,,
14937,3.000e-04,2.9437,,
14938,3.000e-04,2.9564,,
14939,3.000e-04,2.9651,,
14940,3.000e-04,2.9274,,
14941,3.000e-04,2.9246,,
14942,3.000e-04,2.9649,,
14943,3.000e-04,2.9217,,
14944,3.000e-04,2.9815,,
14945,3.000e-04,2.9752,,
14946,3.000e-04,2.9326,,
14947,3.000e-04,2.9449,,
14948,3.000e-04,2.9320,,
14949,3.000e-04,2.9202,,
14950,3.000e-04,2.9780,,
14951,3.000e-04,2.9298,,
14952,3.000e-04,2.9577,,
14953,3.000e-04,2.9281,,
14954,3.000e-04,2.9526,,
14955,3.000e-04,2.9516,,
14956,3.000e-04,2.9311,,
14957,3.000e-04,2.9507,,
14958,3.000e-04,2.9290,,
14959,3.000e-04,2.9044,,
14960,3.000e-04,2.9745,,
14961,3.000e-04,2.9170,,
14962,3.000e-04,2.9503,,
14963,3.000e-04,2.9034,,
14964,3.000e-04,2.9442,,
14965,3.000e-04,2.9796,,
14966,3.000e-04,2.9729,,
14967,3.000e-04,2.9268,,
14968,3.000e-04,2.9255,,
14969,3.000e-04,2.9563,,
14970,3.000e-04,2.9303,,
14971,3.000e-04,2.9502,,
14972,3.000e-04,2.9493,,
14973,3.000e-04,2.9600,,
14974,3.000e-04,2.9478,,
14975,3.000e-04,2.9435,,
14976,3.000e-04,2.9484,,
14977,3.000e-04,2.9386,,
14978,3.000e-04,2.9534,,
14979,3.000e-04,2.9489,,
14980,3.000e-04,2.9125,,
14981,3.000e-04,2.9567,,
14982,3.000e-04,2.9430,,
14983,3.000e-04,2.8821,,
14984,3.000e-04,2.9807,,
14985,3.000e-04,2.9373,,
14986,3.000e-04,2.9523,,
14987,3.000e-04,2.9414,,
14988,3.000e-04,2.9106,,
14989,3.000e-04,2.9038,,
14990,3.000e-04,2.9418,,
14991,3.000e-04,2.9433,,
14992,3.000e-04,2.9219,,
14993,3.000e-04,2.9543,,
14994,3.000e-04,2.9118,,
14995,3.000e-04,2.9840,,
14996,3.000e-04,2.9005,,
14997,3.000e-04,2.9504,,
14998,3.000e-04,2.8772,,
14999,3.000e-04,2.9511,,
15000,3.000e-04,2.9830,2.8244075417518615,
15001,3.000e-04,2.9323,,
15002,3.000e-04,2.9500,,
15003,3.000e-04,2.9948,,
15004,3.000e-04,2.9612,,
15005,3.000e-04,2.9628,,
15006,3.000e-04,2.9112,,
15007,3.000e-04,2.9478,,
15008,3.000e-04,2.9517,,
15009,3.000e-04,2.9480,,
15010,3.000e-04,2.9304,,
15011,3.000e-04,2.9362,,
15012,3.000e-04,2.9394,,
15013,3.000e-04,2.9080,,
15014,3.000e-04,2.9371,,
15015,3.000e-04,2.9659,,
15016,3.000e-04,2.9192,,
15017,3.000e-04,2.9459,,
15018,3.000e-04,2.9369,,
15019,3.000e-04,2.9804,,
15020,3.000e-04,2.8908,,
15021,3.000e-04,2.9384,,
15022,3.000e-04,2.9180,,
15023,3.000e-04,2.9300,,
15024,3.000e-04,2.9518,,
15025,3.000e-04,2.9545,,
15026,3.000e-04,2.9214,,
15027,3.000e-04,2.9160,,
15028,3.000e-04,2.9350,,
15029,3.000e-04,2.9801,,
15030,3.000e-04,2.9313,,
15031,3.000e-04,2.9513,,
15032,3.000e-04,2.9406,,
15033,3.000e-04,2.9388,,
15034,3.000e-04,2.9311,,
15035,3.000e-04,2.9209,,
15036,3.000e-04,2.9275,,
15037,3.000e-04,3.0088,,
15038,3.000e-04,2.9758,,
15039,3.000e-04,2.9739,,
15040,3.000e-04,2.9517,,
15041,3.000e-04,2.9823,,
15042,3.000e-04,2.9833,,
15043,3.000e-04,2.9302,,
15044,3.000e-04,2.9227,,
15045,3.000e-04,2.9483,,
15046,3.000e-04,2.9624,,
15047,3.000e-04,2.9732,,
15048,3.000e-04,3.0023,,
15049,3.000e-04,2.9928,,
15050,3.000e-04,2.9174,,
15051,3.000e-04,2.9241,,
15052,3.000e-04,2.9368,,
15053,3.000e-04,2.9404,,
15054,3.000e-04,2.9301,,
15055,3.000e-04,2.9529,,
15056,3.000e-04,2.9246,,
15057,3.000e-04,2.9652,,
15058,3.000e-04,2.9692,,
15059,3.000e-04,2.9303,,
15060,3.000e-04,2.9603,,
15061,3.000e-04,2.9220,,
15062,3.000e-04,2.9561,,
15063,3.000e-04,2.9181,,
15064,3.000e-04,2.9594,,
15065,3.000e-04,2.9951,,
15066,3.000e-04,2.9372,,
15067,3.000e-04,2.9586,,
15068,3.000e-04,2.9418,,
15069,3.000e-04,2.9611,,
15070,3.000e-04,2.9640,,
15071,3.000e-04,2.9843,,
15072,3.000e-04,2.9656,,
15073,3.000e-04,2.9751,,
15074,3.000e-04,2.8917,,
15075,3.000e-04,2.9363,,
15076,3.000e-04,2.9173,,
15077,3.000e-04,2.9357,,
15078,3.000e-04,2.9331,,
15079,3.000e-04,2.9339,,
15080,3.000e-04,2.9702,,
15081,3.000e-04,2.9458,,
15082,3.000e-04,2.9432,,
15083,3.000e-04,2.9228,,
15084,3.000e-04,2.9429,,
15085,3.000e-04,2.9700,,
15086,3.000e-04,2.9823,,
15087,3.000e-04,2.9363,,
15088,3.000e-04,2.9772,,
15089,3.000e-04,2.9602,,
15090,3.000e-04,2.9437,,
15091,3.000e-04,2.9131,,
15092,3.000e-04,2.9500,,
15093,3.000e-04,2.9256,,
15094,3.000e-04,2.9591,,
15095,3.000e-04,2.9338,,
15096,3.000e-04,2.9276,,
15097,3.000e-04,2.9320,,
15098,3.000e-04,2.9586,,
15099,3.000e-04,2.9090,,
15100,3.000e-04,2.9443,2.954753315448761,
15101,3.000e-04,2.9983,,
15102,3.000e-04,2.9626,,
15103,3.000e-04,2.9438,,
15104,3.000e-04,2.9404,,
15105,3.000e-04,2.9397,,
15106,3.000e-04,2.9721,,
15107,3.000e-04,2.9392,,
15108,3.000e-04,2.9679,,
15109,3.000e-04,2.9366,,
15110,3.000e-04,2.9269,,
15111,3.000e-04,2.9449,,
15112,3.000e-04,2.9568,,
15113,3.000e-04,2.9301,,
15114,3.000e-04,2.9474,,
15115,3.000e-04,2.9467,,
15116,3.000e-04,2.9300,,
15117,3.000e-04,2.9619,,
15118,3.000e-04,2.9715,,
15119,3.000e-04,2.9472,,
15120,3.000e-04,2.9570,,
15121,3.000e-04,2.9733,,
15122,3.000e-04,2.9935,,
15123,3.000e-04,2.9120,,
15124,3.000e-04,2.9599,,
15125,3.000e-04,2.9219,,
15126,3.000e-04,2.9064,,
15127,3.000e-04,2.9675,,
15128,3.000e-04,2.9834,,
15129,3.000e-04,2.9573,,
15130,3.000e-04,2.9663,,
15131,3.000e-04,2.9247,,
15132,3.000e-04,2.9427,,
15133,3.000e-04,2.9387,,
15134,3.000e-04,2.9523,,
15135,3.000e-04,2.9116,,
15136,3.000e-04,2.9568,,
15137,3.000e-04,2.9656,,
15138,3.000e-04,2.8876,,
15139,3.000e-04,2.9330,,
15140,3.000e-04,2.9857,,
15141,3.000e-04,2.9687,,
15142,3.000e-04,2.9462,,
15143,3.000e-04,2.9338,,
15144,3.000e-04,2.9989,,
15145,3.000e-04,2.9302,,
15146,3.000e-04,2.9392,,
15147,3.000e-04,2.9793,,
15148,3.000e-04,2.9298,,
15149,3.000e-04,2.9336,,
15150,3.000e-04,2.9574,,
15151,3.000e-04,2.9341,,
15152,3.000e-04,2.9651,,
15153,3.000e-04,2.9241,,
15154,3.000e-04,2.9150,,
15155,3.000e-04,2.9816,,
15156,3.000e-04,2.9313,,
15157,3.000e-04,2.9754,,
15158,3.000e-04,2.9532,,
15159,3.000e-04,2.9689,,
15160,3.000e-04,2.9318,,
15161,3.000e-04,2.9628,,
15162,3.000e-04,2.9776,,
15163,3.000e-04,2.9492,,
15164,3.000e-04,2.9432,,
15165,3.000e-04,2.9304,,
15166,3.000e-04,2.9536,,
15167,3.000e-04,2.9295,,
15168,3.000e-04,2.9732,,
15169,3.000e-04,2.9621,,
15170,3.000e-04,2.9657,,
15171,3.000e-04,2.9426,,
15172,3.000e-04,2.9790,,
15173,3.000e-04,2.9544,,
15174,3.000e-04,2.9581,,
15175,3.000e-04,2.9889,,
15176,3.000e-04,2.9080,,
15177,3.000e-04,2.9914,,
15178,3.000e-04,2.9257,,
15179,3.000e-04,2.9382,,
15180,3.000e-04,2.9847,,
15181,3.000e-04,2.9546,,
15182,3.000e-04,2.9812,,
15183,3.000e-04,2.9625,,
15184,3.000e-04,2.9590,,
15185,3.000e-04,2.9221,,
15186,3.000e-04,2.9308,,
15187,3.000e-04,2.9581,,
15188,3.000e-04,2.9270,,
15189,3.000e-04,2.9058,,
15190,3.000e-04,2.9572,,
15191,3.000e-04,2.9420,,
15192,3.000e-04,2.9201,,
15193,3.000e-04,2.9802,,
15194,3.000e-04,2.9794,,
15195,3.000e-04,2.9247,,
15196,3.000e-04,2.9131,,
15197,3.000e-04,2.9778,,
15198,3.000e-04,2.9443,,
15199,3.000e-04,2.9423,,
15200,3.000e-04,2.9596,2.9194264888763426,
15201,3.000e-04,2.9621,,
15202,3.000e-04,2.9504,,
15203,3.000e-04,2.9458,,
15204,3.000e-04,2.9259,,
15205,3.000e-04,2.9883,,
15206,3.000e-04,2.8970,,
15207,3.000e-04,2.9718,,
15208,3.000e-04,2.9519,,
15209,3.000e-04,2.9019,,
15210,3.000e-04,2.9520,,
15211,3.000e-04,2.9805,,
15212,3.000e-04,2.9840,,
15213,3.000e-04,2.8955,,
15214,3.000e-04,2.9226,,
15215,3.000e-04,2.9606,,
15216,3.000e-04,3.0394,,
15217,3.000e-04,2.9678,,
15218,3.000e-04,2.9152,,
15219,3.000e-04,2.9496,,
15220,3.000e-04,2.9149,,
15221,3.000e-04,2.9147,,
15222,3.000e-04,2.8871,,
15223,3.000e-04,2.9008,,
15224,3.000e-04,2.9744,,
15225,3.000e-04,2.9199,,
15226,3.000e-04,2.9022,,
15227,3.000e-04,2.9785,,
15228,3.000e-04,2.9330,,
15229,3.000e-04,2.9633,,
15230,3.000e-04,2.9058,,
15231,3.000e-04,2.9702,,
15232,3.000e-04,2.9553,,
15233,3.000e-04,2.9405,,
15234,3.000e-04,2.9180,,
15235,3.000e-04,2.9544,,
15236,3.000e-04,2.9266,,
15237,3.000e-04,2.9443,,
15238,3.000e-04,2.9332,,
15239,3.000e-04,2.9458,,
15240,3.000e-04,2.9623,,
15241,3.000e-04,2.9738,,
15242,3.000e-04,2.9489,,
15243,3.000e-04,2.9243,,
15244,3.000e-04,2.9386,,
15245,3.000e-04,2.9606,,
15246,3.000e-04,2.9557,,
15247,3.000e-04,2.9535,,
15248,3.000e-04,2.9392,,
15249,3.000e-04,2.9478,,
15250,3.000e-04,2.9433,,
15251,3.000e-04,2.9549,,
15252,3.000e-04,2.9422,,
15253,3.000e-04,2.9171,,
15254,3.000e-04,2.9408,,
15255,3.000e-04,2.9769,,
15256,3.000e-04,2.9574,,
15257,3.000e-04,2.9444,,
15258,3.000e-04,2.9866,,
15259,3.000e-04,2.9207,,
15260,3.000e-04,2.9423,,
15261,3.000e-04,2.9375,,
15262,3.000e-04,2.9006,,
15263,3.000e-04,2.9635,,
15264,3.000e-04,2.9261,,
15265,3.000e-04,2.9392,,
15266,3.000e-04,2.9317,,
15267,3.000e-04,2.9197,,
15268,3.000e-04,2.9544,,
15269,3.000e-04,2.9259,,
15270,3.000e-04,2.9289,,
15271,3.000e-04,2.9306,,
15272,3.000e-04,2.9458,,
15273,3.000e-04,2.9554,,
15274,3.000e-04,2.9728,,
15275,3.000e-04,2.9726,,
15276,3.000e-04,2.9240,,
15277,3.000e-04,2.9151,,
15278,3.000e-04,2.9613,,
15279,3.000e-04,2.9191,,
15280,3.000e-04,2.9732,,
15281,3.000e-04,2.9885,,
15282,3.000e-04,2.8900,,
15283,3.000e-04,2.9848,,
15284,3.000e-04,2.9948,,
15285,3.000e-04,2.9716,,
15286,3.000e-04,2.9375,,
15287,3.000e-04,2.9266,,
15288,3.000e-04,2.9367,,
15289,3.000e-04,2.9438,,
15290,3.000e-04,2.9417,,
15291,3.000e-04,2.9606,,
15292,3.000e-04,2.9135,,
15293,3.000e-04,2.9053,,
15294,3.000e-04,2.9815,,
15295,3.000e-04,2.9356,,
15296,3.000e-04,2.9391,,
15297,3.000e-04,2.9436,,
15298,3.000e-04,2.9689,,
15299,3.000e-04,2.9627,,
15300,3.000e-04,2.9784,2.9190731406211854,
15301,3.000e-04,2.9439,,
15302,3.000e-04,2.9468,,
15303,3.000e-04,2.9856,,
15304,3.000e-04,2.9103,,
15305,3.000e-04,2.9289,,
15306,3.000e-04,2.9188,,
15307,3.000e-04,2.9407,,
15308,3.000e-04,2.9274,,
15309,3.000e-04,2.9065,,
15310,3.000e-04,2.9505,,
15311,3.000e-04,2.9496,,
15312,3.000e-04,2.9582,,
15313,3.000e-04,2.9688,,
15314,3.000e-04,2.9532,,
15315,3.000e-04,2.9170,,
15316,3.000e-04,2.9380,,
15317,3.000e-04,2.9462,,
15318,3.000e-04,2.9340,,
15319,3.000e-04,2.9678,,
15320,3.000e-04,2.9476,,
15321,3.000e-04,2.9660,,
15322,3.000e-04,2.9378,,
15323,3.000e-04,2.9472,,
15324,3.000e-04,2.9049,,
15325,3.000e-04,2.9372,,
15326,3.000e-04,2.9843,,
15327,3.000e-04,2.9466,,
15328,3.000e-04,2.9350,,
15329,3.000e-04,2.9384,,
15330,3.000e-04,2.9267,,
15331,3.000e-04,2.9606,,
15332,3.000e-04,2.9610,,
15333,3.000e-04,2.9342,,
15334,3.000e-04,2.9466,,
15335,3.000e-04,2.9370,,
15336,3.000e-04,2.9881,,
15337,3.000e-04,2.9783,,
15338,3.000e-04,2.9924,,
15339,3.000e-04,2.9393,,
15340,3.000e-04,2.9275,,
15341,3.000e-04,2.9348,,
15342,3.000e-04,2.9547,,
15343,3.000e-04,2.9516,,
15344,3.000e-04,2.9833,,
15345,3.000e-04,2.9427,,
15346,3.000e-04,2.9449,,
15347,3.000e-04,2.9044,,
15348,3.000e-04,2.9719,,
15349,3.000e-04,2.9167,,
15350,3.000e-04,2.9696,,
15351,3.000e-04,2.9284,,
15352,3.000e-04,2.9514,,
15353,3.000e-04,2.9640,,
15354,3.000e-04,2.9683,,
15355,3.000e-04,2.9746,,
15356,3.000e-04,2.9442,,
15357,3.000e-04,2.9582,,
15358,3.000e-04,2.9040,,
15359,3.000e-04,2.9411,,
15360,3.000e-04,2.9648,,
15361,3.000e-04,2.9316,,
15362,3.000e-04,2.9331,,
15363,3.000e-04,2.9221,,
15364,3.000e-04,2.9287,,
15365,3.000e-04,2.9303,,
15366,3.000e-04,2.8965,,
15367,3.000e-04,2.9689,,
15368,3.000e-04,2.9561,,
15369,3.000e-04,2.9285,,
15370,3.000e-04,2.9722,,
15371,3.000e-04,2.9336,,
15372,3.000e-04,2.9489,,
15373,3.000e-04,2.9517,,
15374,3.000e-04,2.9323,,
15375,3.000e-04,2.8781,,
15376,3.000e-04,2.9557,,
15377,3.000e-04,2.9112,,
15378,3.000e-04,2.9813,,
15379,3.000e-04,2.9057,,
15380,3.000e-04,2.9190,,
15381,3.000e-04,2.9551,,
15382,3.000e-04,2.9439,,
15383,3.000e-04,2.8879,,
15384,3.000e-04,2.9586,,
15385,3.000e-04,2.9635,,
15386,3.000e-04,2.9830,,
15387,3.000e-04,2.9538,,
15388,3.000e-04,2.9327,,
15389,3.000e-04,2.9707,,
15390,3.000e-04,2.9667,,
15391,3.000e-04,2.9688,,
15392,3.000e-04,2.9289,,
15393,3.000e-04,2.9582,,
15394,3.000e-04,2.9228,,
15395,3.000e-04,2.9631,,
15396,3.000e-04,2.9878,,
15397,3.000e-04,2.9441,,
15398,3.000e-04,2.9487,,
15399,3.000e-04,2.9194,,
15400,3.000e-04,2.8995,2.8536132097244264,
15401,3.000e-04,2.9940,,
15402,3.000e-04,2.9378,,
15403,3.000e-04,2.9427,,
15404,3.000e-04,2.9629,,
15405,3.000e-04,2.9496,,
15406,3.000e-04,2.9649,,
15407,3.000e-04,2.9301,,
15408,3.000e-04,2.9278,,
15409,3.000e-04,3.0045,,
15410,3.000e-04,2.9336,,
15411,3.000e-04,2.9274,,
15412,3.000e-04,2.9443,,
15413,3.000e-04,2.9755,,
15414,3.000e-04,2.9600,,
15415,3.000e-04,2.9559,,
15416,3.000e-04,2.9897,,
15417,3.000e-04,3.0001,,
15418,3.000e-04,2.9571,,
15419,3.000e-04,2.9340,,
15420,3.000e-04,2.9504,,
15421,3.000e-04,2.9530,,
15422,3.000e-04,2.9580,,
15423,3.000e-04,2.9691,,
15424,3.000e-04,2.9365,,
15425,3.000e-04,2.9376,,
15426,3.000e-04,2.9292,,
15427,3.000e-04,2.9423,,
15428,3.000e-04,2.9741,,
15429,3.000e-04,2.9376,,
15430,3.000e-04,2.9293,,
15431,3.000e-04,2.9516,,
15432,3.000e-04,2.9694,,
15433,3.000e-04,2.9266,,
15434,3.000e-04,2.9196,,
15435,3.000e-04,2.9811,,
15436,3.000e-04,2.9571,,
15437,3.000e-04,2.9245,,
15438,3.000e-04,2.9648,,
15439,3.000e-04,2.9656,,
15440,3.000e-04,2.9085,,
15441,3.000e-04,2.9846,,
15442,3.000e-04,2.9839,,
15443,3.000e-04,2.9403,,
15444,3.000e-04,2.9601,,
15445,3.000e-04,2.9513,,
15446,3.000e-04,2.9510,,
15447,3.000e-04,2.9265,,
15448,3.000e-04,2.9615,,
15449,3.000e-04,2.9331,,
15450,3.000e-04,2.9490,,
15451,3.000e-04,2.9561,,
15452,3.000e-04,2.9624,,
15453,3.000e-04,2.9434,,
15454,3.000e-04,2.9136,,
15455,3.000e-04,2.9087,,
15456,3.000e-04,2.9756,,
15457,3.000e-04,2.9827,,
15458,3.000e-04,2.9686,,
15459,3.000e-04,2.9271,,
15460,3.000e-04,2.9385,,
15461,3.000e-04,2.9997,,
15462,3.000e-04,2.9681,,
15463,3.000e-04,2.9350,,
15464,3.000e-04,2.9821,,
15465,3.000e-04,2.9292,,
15466,3.000e-04,2.9517,,
15467,3.000e-04,2.9568,,
15468,3.000e-04,2.9395,,
15469,3.000e-04,2.9604,,
15470,3.000e-04,2.9438,,
15471,3.000e-04,2.9686,,
15472,3.000e-04,2.9523,,
15473,3.000e-04,2.9290,,
15474,3.000e-04,2.9677,,
15475,3.000e-04,2.9479,,
15476,3.000e-04,2.9023,,
15477,3.000e-04,2.8652,,
15478,3.000e-04,2.9414,,
15479,3.000e-04,2.9261,,
15480,3.000e-04,2.9560,,
15481,3.000e-04,2.9498,,
15482,3.000e-04,2.9321,,
15483,3.000e-04,2.9319,,
15484,3.000e-04,2.9567,,
15485,3.000e-04,2.9454,,
15486,3.000e-04,2.9665,,
15487,3.000e-04,2.9639,,
15488,3.000e-04,2.9097,,
15489,3.000e-04,2.9338,,
15490,3.000e-04,2.9655,,
15491,3.000e-04,2.9263,,
15492,3.000e-04,2.9387,,
15493,3.000e-04,2.9442,,
15494,3.000e-04,2.9313,,
15495,3.000e-04,2.9307,,
15496,3.000e-04,2.9119,,
15497,3.000e-04,2.9609,,
15498,3.000e-04,2.9396,,
15499,3.000e-04,2.9470,,
15500,3.000e-04,2.9724,2.9376290917396544,
15501,3.000e-04,2.9564,,
15502,3.000e-04,2.9744,,
15503,3.000e-04,3.0004,,
15504,3.000e-04,2.9487,,
15505,3.000e-04,2.9556,,
15506,3.000e-04,2.9580,,
15507,3.000e-04,2.9675,,
15508,3.000e-04,2.9440,,
15509,3.000e-04,2.9584,,
15510,3.000e-04,2.9654,,
15511,3.000e-04,2.9259,,
15512,3.000e-04,2.9579,,
15513,3.000e-04,2.9571,,
15514,3.000e-04,2.9508,,
15515,3.000e-04,2.9402,,
15516,3.000e-04,2.9405,,
15517,3.000e-04,2.9265,,
15518,3.000e-04,2.9242,,
15519,3.000e-04,2.8982,,
15520,3.000e-04,2.9091,,
15521,3.000e-04,2.9681,,
15522,3.000e-04,2.9494,,
15523,3.000e-04,2.9243,,
15524,3.000e-04,2.9554,,
15525,3.000e-04,2.9736,,
15526,3.000e-04,2.9517,,
15527,3.000e-04,2.8797,,
15528,3.000e-04,2.9755,,
15529,3.000e-04,2.9547,,
15530,3.000e-04,2.9483,,
15531,3.000e-04,2.9748,,
15532,3.000e-04,2.9405,,
15533,3.000e-04,2.9239,,
15534,3.000e-04,2.9480,,
15535,3.000e-04,2.9133,,
15536,3.000e-04,2.9510,,
15537,3.000e-04,2.9404,,
15538,3.000e-04,2.9553,,
15539,3.000e-04,2.9273,,
15540,3.000e-04,2.9569,,
15541,3.000e-04,2.9629,,
15542,3.000e-04,2.9489,,
15543,3.000e-04,2.9634,,
15544,3.000e-04,2.9524,,
15545,3.000e-04,2.9744,,
15546,3.000e-04,2.9522,,
15547,3.000e-04,2.9712,,
15548,3.000e-04,2.9679,,
15549,3.000e-04,2.9311,,
15550,3.000e-04,2.9647,,
15551,3.000e-04,2.9374,,
15552,3.000e-04,2.9491,,
15553,3.000e-04,3.0082,,
15554,3.000e-04,2.9402,,
15555,3.000e-04,2.8887,,
15556,3.000e-04,2.9592,,
15557,3.000e-04,2.9286,,
15558,3.000e-04,2.9880,,
15559,3.000e-04,2.9406,,
15560,3.000e-04,2.9765,,
15561,3.000e-04,2.9142,,
15562,3.000e-04,2.9402,,
15563,3.000e-04,2.9161,,
15564,3.000e-04,2.9278,,
15565,3.000e-04,2.9329,,
15566,3.000e-04,2.9272,,
15567,3.000e-04,2.9292,,
15568,3.000e-04,2.9237,,
15569,3.000e-04,2.9146,,
15570,3.000e-04,2.9329,,
15571,3.000e-04,2.9743,,
15572,3.000e-04,2.9741,,
15573,3.000e-04,2.9445,,
15574,3.000e-04,2.9247,,
15575,3.000e-04,2.9210,,
15576,3.000e-04,2.8860,,
15577,3.000e-04,2.9095,,
15578,3.000e-04,2.9438,,
15579,3.000e-04,2.9236,,
15580,3.000e-04,2.9456,,
15581,3.000e-04,2.9400,,
15582,3.000e-04,2.9547,,
15583,3.000e-04,2.9351,,
15584,3.000e-04,2.9318,,
15585,3.000e-04,2.9512,,
15586,3.000e-04,2.9565,,
15587,3.000e-04,2.9438,,
15588,3.000e-04,2.9319,,
15589,3.000e-04,2.9559,,
15590,3.000e-04,2.9491,,
15591,3.000e-04,2.9503,,
15592,3.000e-04,2.9347,,
15593,3.000e-04,2.9598,,
15594,3.000e-04,2.9394,,
15595,3.000e-04,2.9432,,
15596,3.000e-04,2.8984,,
15597,3.000e-04,2.9404,,
15598,3.000e-04,2.9908,,
15599,3.000e-04,2.9641,,
15600,3.000e-04,2.9427,2.8628830790519713,
15601,3.000e-04,2.9497,,
15602,3.000e-04,2.9580,,
15603,3.000e-04,2.9390,,
15604,3.000e-04,2.9521,,
15605,3.000e-04,2.9448,,
15606,3.000e-04,2.9735,,
15607,3.000e-04,2.9432,,
15608,3.000e-04,2.9446,,
15609,3.000e-04,2.9480,,
15610,3.000e-04,2.9170,,
15611,3.000e-04,2.9866,,
15612,3.000e-04,2.9613,,
15613,3.000e-04,2.8816,,
15614,3.000e-04,2.9544,,
15615,3.000e-04,2.9736,,
15616,3.000e-04,2.9419,,
15617,3.000e-04,2.9691,,
15618,3.000e-04,2.9700,,
15619,3.000e-04,2.9364,,
15620,3.000e-04,2.9272,,
15621,3.000e-04,2.9521,,
15622,3.000e-04,2.9121,,
15623,3.000e-04,2.9626,,
15624,3.000e-04,2.9661,,
15625,3.000e-04,2.9458,,
15626,3.000e-04,2.9555,,
15627,3.000e-04,2.9487,,
15628,3.000e-04,2.9406,,
15629,3.000e-04,2.9301,,
15630,3.000e-04,2.9309,,
15631,3.000e-04,2.8999,,
15632,3.000e-04,2.9285,,
15633,3.000e-04,2.9566,,
15634,3.000e-04,2.9293,,
15635,3.000e-04,2.9383,,
15636,3.000e-04,2.9737,,
15637,3.000e-04,2.9146,,
15638,3.000e-04,2.9395,,
15639,3.000e-04,2.9020,,
15640,3.000e-04,2.9672,,
15641,3.000e-04,2.9577,,
15642,3.000e-04,2.9309,,
15643,3.000e-04,2.9135,,
15644,3.000e-04,2.9420,,
15645,3.000e-04,2.8907,,
15646,3.000e-04,2.9382,,
15647,3.000e-04,2.9352,,
15648,3.000e-04,2.9598,,
15649,3.000e-04,2.9589,,
15650,3.000e-04,2.9509,,
15651,3.000e-04,2.9594,,
15652,3.000e-04,2.9564,,
15653,3.000e-04,2.9099,,
15654,3.000e-04,2.9336,,
15655,3.000e-04,2.8824,,
15656,3.000e-04,2.9306,,
15657,3.000e-04,2.9427,,
15658,3.000e-04,2.9159,,
15659,3.000e-04,2.9200,,
15660,3.000e-04,2.9357,,
15661,3.000e-04,2.9602,,
15662,3.000e-04,2.8944,,
15663,3.000e-04,2.9239,,
15664,3.000e-04,2.9774,,
15665,3.000e-04,2.9324,,
15666,3.000e-04,2.9201,,
15667,3.000e-04,2.9661,,
15668,3.000e-04,2.9452,,
15669,3.000e-04,2.9430,,
15670,3.000e-04,2.9407,,
15671,3.000e-04,2.9371,,
15672,3.000e-04,2.9719,,
15673,3.000e-04,2.9759,,
15674,3.000e-04,2.9040,,
15675,3.000e-04,2.9092,,
15676,3.000e-04,2.9294,,
15677,3.000e-04,2.9030,,
15678,3.000e-04,2.9608,,
15679,3.000e-04,2.9365,,
15680,3.000e-04,2.9488,,
15681,3.000e-04,2.9248,,
15682,3.000e-04,2.9768,,
15683,3.000e-04,2.9270,,
15684,3.000e-04,2.9160,,
15685,3.000e-04,2.9346,,
15686,3.000e-04,2.9365,,
15687,3.000e-04,2.9452,,
15688,3.000e-04,2.9251,,
15689,3.000e-04,2.9866,,
15690,3.000e-04,2.9610,,
15691,3.000e-04,2.9482,,
15692,3.000e-04,2.8834,,
15693,3.000e-04,2.9235,,
15694,3.000e-04,2.9855,,
15695,3.000e-04,2.9300,,
15696,3.000e-04,3.0022,,
15697,3.000e-04,2.9530,,
15698,3.000e-04,2.9326,,
15699,3.000e-04,2.9124,,
15700,3.000e-04,2.9468,2.8471020340919493,
15701,3.000e-04,2.9375,,
15702,3.000e-04,2.9330,,
15703,3.000e-04,2.9836,,
15704,3.000e-04,2.8888,,
15705,3.000e-04,2.9815,,
15706,3.000e-04,2.9218,,
15707,3.000e-04,2.9446,,
15708,3.000e-04,2.9499,,
15709,3.000e-04,2.9323,,
15710,3.000e-04,2.8929,,
15711,3.000e-04,2.9348,,
15712,3.000e-04,2.9522,,
15713,3.000e-04,2.9588,,
15714,3.000e-04,2.9149,,
15715,3.000e-04,2.9527,,
15716,3.000e-04,2.9469,,
15717,3.000e-04,2.9599,,
15718,3.000e-04,2.9337,,
15719,3.000e-04,2.9080,,
15720,3.000e-04,2.9248,,
15721,3.000e-04,2.9783,,
15722,3.000e-04,2.9611,,
15723,3.000e-04,2.8973,,
15724,3.000e-04,2.8922,,
15725,3.000e-04,2.9497,,
15726,3.000e-04,2.9753,,
15727,3.000e-04,2.8983,,
15728,3.000e-04,2.9379,,
15729,3.000e-04,2.9761,,
15730,3.000e-04,2.9811,,
15731,3.000e-04,2.9052,,
15732,3.000e-04,2.9239,,
15733,3.000e-04,2.9241,,
15734,3.000e-04,2.9264,,
15735,3.000e-04,2.9715,,
15736,3.000e-04,2.9025,,
15737,3.000e-04,2.9589,,
15738,3.000e-04,2.9358,,
15739,3.000e-04,2.9193,,
15740,3.000e-04,2.9410,,
15741,3.000e-04,2.9646,,
15742,3.000e-04,2.9431,,
15743,3.000e-04,2.9490,,
15744,3.000e-04,2.9485,,
15745,3.000e-04,2.9290,,
15746,3.000e-04,2.9371,,
15747,3.000e-04,2.9625,,
15748,3.000e-04,2.9555,,
15749,3.000e-04,2.9400,,
15750,3.000e-04,2.9418,,
15751,3.000e-04,2.9294,,
15752,3.000e-04,2.9313,,
15753,3.000e-04,2.9663,,
15754,3.000e-04,2.9290,,
15755,3.000e-04,2.9134,,
15756,3.000e-04,3.0026,,
15757,3.000e-04,2.9246,,
15758,3.000e-04,2.9429,,
15759,3.000e-04,2.9347,,
15760,3.000e-04,2.8845,,
15761,3.000e-04,2.9353,,
15762,3.000e-04,2.9410,,
15763,3.000e-04,2.9567,,
15764,3.000e-04,2.9480,,
15765,3.000e-04,2.8898,,
15766,3.000e-04,2.9489,,
15767,3.000e-04,2.9250,,
15768,3.000e-04,2.9235,,
15769,3.000e-04,2.9381,,
15770,3.000e-04,2.9547,,
15771,3.000e-04,2.9687,,
15772,3.000e-04,2.9396,,
15773,3.000e-04,2.9241,,
15774,3.000e-04,2.9461,,
15775,3.000e-04,2.9299,,
15776,3.000e-04,2.9354,,
15777,3.000e-04,2.9513,,
15778,3.000e-04,2.9497,,
15779,3.000e-04,2.9351,,
15780,3.000e-04,2.9568,,
15781,3.000e-04,2.9342,,
15782,3.000e-04,2.9383,,
15783,3.000e-04,2.9195,,
15784,3.000e-04,2.9640,,
15785,3.000e-04,2.9300,,
15786,3.000e-04,2.9547,,
15787,3.000e-04,2.9133,,
15788,3.000e-04,2.9438,,
15789,3.000e-04,2.9603,,
15790,3.000e-04,2.9723,,
15791,3.000e-04,2.9725,,
15792,3.000e-04,2.9182,,
15793,3.000e-04,2.9391,,
15794,3.000e-04,2.9472,,
15795,3.000e-04,2.9555,,
15796,3.000e-04,2.9396,,
15797,3.000e-04,2.9199,,
15798,3.000e-04,2.9205,,
15799,3.000e-04,2.9608,,
15800,3.000e-04,2.9345,2.865237522125244,
15801,3.000e-04,2.9025,,
15802,3.000e-04,2.9779,,
15803,3.000e-04,2.9313,,
15804,3.000e-04,2.9690,,
15805,3.000e-04,2.9457,,
15806,3.000e-04,2.9460,,
15807,3.000e-04,2.9679,,
15808,3.000e-04,2.9377,,
15809,3.000e-04,2.9931,,
15810,3.000e-04,2.9421,,
15811,3.000e-04,2.9367,,
15812,3.000e-04,2.9443,,
15813,3.000e-04,2.9504,,
15814,3.000e-04,2.9160,,
15815,3.000e-04,2.9339,,
15816,3.000e-04,2.9404,,
15817,3.000e-04,2.9567,,
15818,3.000e-04,2.9588,,
15819,3.000e-04,2.9800,,
15820,3.000e-04,2.8997,,
15821,3.000e-04,2.9640,,
15822,3.000e-04,2.9260,,
15823,3.000e-04,2.9582,,
15824,3.000e-04,2.9359,,
15825,3.000e-04,2.9822,,
15826,3.000e-04,2.9411,,
15827,3.000e-04,2.8833,,
15828,3.000e-04,2.9260,,
15829,3.000e-04,2.9723,,
15830,3.000e-04,2.9082,,
15831,3.000e-04,2.9728,,
15832,3.000e-04,2.9277,,
15833,3.000e-04,2.9305,,
15834,3.000e-04,2.9625,,
15835,3.000e-04,2.9381,,
15836,3.000e-04,2.9845,,
15837,3.000e-04,2.9264,,
15838,3.000e-04,3.0060,,
15839,3.000e-04,2.9227,,
15840,3.000e-04,2.9553,,
15841,3.000e-04,2.9424,,
15842,3.000e-04,2.9610,,
15843,3.000e-04,2.9720,,
15844,3.000e-04,2.9508,,
15845,3.000e-04,2.9545,,
15846,3.000e-04,2.9068,,
15847,3.000e-04,2.9316,,
15848,3.000e-04,2.9338,,
15849,3.000e-04,2.9704,,
15850,3.000e-04,2.8833,,
15851,3.000e-04,2.9721,,
15852,3.000e-04,2.9232,,
15853,3.000e-04,2.9577,,
15854,3.000e-04,2.9510,,
15855,3.000e-04,2.9166,,
15856,3.000e-04,2.9431,,
15857,3.000e-04,2.9657,,
15858,3.000e-04,2.9347,,
15859,3.000e-04,2.9289,,
15860,3.000e-04,2.8805,,
15861,3.000e-04,2.9375,,
15862,3.000e-04,2.9683,,
15863,3.000e-04,2.9287,,
15864,3.000e-04,2.9345,,
15865,3.000e-04,2.9414,,
15866,3.000e-04,2.9517,,
15867,3.000e-04,2.9685,,
15868,3.000e-04,2.9137,,
15869,3.000e-04,2.9392,,
15870,3.000e-04,2.9788,,
15871,3.000e-04,2.9279,,
15872,3.000e-04,2.9142,,
15873,3.000e-04,2.9484,,
15874,3.000e-04,2.9363,,
15875,3.000e-04,2.9503,,
15876,3.000e-04,2.9541,,
15877,3.000e-04,2.9428,,
15878,3.000e-04,2.9240,,
15879,3.000e-04,2.9579,,
15880,3.000e-04,2.9211,,
15881,3.000e-04,2.9670,,
15882,3.000e-04,2.9424,,
15883,3.000e-04,2.9812,,
15884,3.000e-04,2.9275,,
15885,3.000e-04,2.9368,,
15886,3.000e-04,2.9662,,
15887,3.000e-04,2.8735,,
15888,3.000e-04,2.9587,,
15889,3.000e-04,2.9351,,
15890,3.000e-04,2.9053,,
15891,3.000e-04,2.9735,,
15892,3.000e-04,2.9397,,
15893,3.000e-04,2.9326,,
15894,3.000e-04,2.9597,,
15895,3.000e-04,2.9137,,
15896,3.000e-04,2.9051,,
15897,3.000e-04,2.9020,,
15898,3.000e-04,2.9700,,
15899,3.000e-04,2.9301,,
15900,3.000e-04,2.9550,2.9128614902496337,
15901,3.000e-04,2.9171,,
15902,3.000e-04,2.9561,,
15903,3.000e-04,2.9518,,
15904,3.000e-04,2.9412,,
15905,3.000e-04,2.9668,,
15906,3.000e-04,2.8941,,
15907,3.000e-04,2.9735,,
15908,3.000e-04,2.9342,,
15909,3.000e-04,2.9083,,
15910,3.000e-04,2.9276,,
15911,3.000e-04,2.9387,,
15912,3.000e-04,2.9354,,
15913,3.000e-04,2.9645,,
15914,3.000e-04,2.9328,,
15915,3.000e-04,2.9799,,
15916,3.000e-04,2.9725,,
15917,3.000e-04,2.9520,,
15918,3.000e-04,2.9454,,
15919,3.000e-04,2.9908,,
15920,3.000e-04,2.9348,,
15921,3.000e-04,2.9710,,
15922,3.000e-04,2.9137,,
15923,3.000e-04,2.9279,,
15924,3.000e-04,2.9657,,
15925,3.000e-04,2.9732,,
15926,3.000e-04,2.9685,,
15927,3.000e-04,2.9943,,
15928,3.000e-04,2.9331,,
15929,3.000e-04,2.9109,,
15930,3.000e-04,2.9452,,
15931,3.000e-04,2.9320,,
15932,3.000e-04,2.9436,,
15933,3.000e-04,2.9462,,
15934,3.000e-04,2.9055,,
15935,3.000e-04,2.8956,,
15936,3.000e-04,2.9335,,
15937,3.000e-04,2.9227,,
15938,3.000e-04,2.9014,,
15939,3.000e-04,2.9481,,
15940,3.000e-04,2.9851,,
15941,3.000e-04,2.9395,,
15942,3.000e-04,2.9749,,
15943,3.000e-04,2.9363,,
15944,3.000e-04,2.9104,,
15945,3.000e-04,2.9436,,
15946,3.000e-04,2.9624,,
15947,3.000e-04,2.9055,,
15948,3.000e-04,2.9355,,
15949,3.000e-04,2.9533,,
15950,3.000e-04,2.9422,,
15951,3.000e-04,2.9565,,
15952,3.000e-04,2.9546,,
15953,3.000e-04,2.9304,,
15954,3.000e-04,2.9307,,
15955,3.000e-04,2.8922,,
15956,3.000e-04,2.9261,,
15957,3.000e-04,2.9371,,
15958,3.000e-04,2.9247,,
15959,3.000e-04,2.9311,,
15960,3.000e-04,2.9345,,
15961,3.000e-04,2.9345,,
15962,3.000e-04,2.9646,,
15963,3.000e-04,2.9478,,
15964,3.000e-04,2.9850,,
15965,3.000e-04,2.8924,,
15966,3.000e-04,2.9472,,
15967,3.000e-04,2.9178,,
15968,3.000e-04,2.9280,,
15969,3.000e-04,2.9086,,
15970,3.000e-04,2.9830,,
15971,3.000e-04,2.9079,,
15972,3.000e-04,2.9725,,
15973,3.000e-04,2.9973,,
15974,3.000e-04,2.9544,,
15975,3.000e-04,2.9568,,
15976,3.000e-04,2.9600,,
15977,3.000e-04,2.9451,,
15978,3.000e-04,2.9610,,
15979,3.000e-04,2.9334,,
15980,3.000e-04,2.9313,,
15981,3.000e-04,2.9467,,
15982,3.000e-04,2.9367,,
15983,3.000e-04,2.9473,,
15984,3.000e-04,2.9484,,
15985,3.000e-04,2.9252,,
15986,3.000e-04,2.9895,,
15987,3.000e-04,2.9347,,
15988,3.000e-04,2.9507,,
15989,3.000e-04,2.9628,,
15990,3.000e-04,2.9325,,
15991,3.000e-04,2.9740,,
15992,3.000e-04,2.8754,,
15993,3.000e-04,2.9519,,
15994,3.000e-04,2.9456,,
15995,3.000e-04,2.9273,,
15996,3.000e-04,2.9785,,
15997,3.000e-04,2.9376,,
15998,3.000e-04,2.9833,,
15999,3.000e-04,2.9520,,
16000,3.000e-04,2.9685,2.973025012016296,
16001,3.000e-04,2.9391,,
16002,3.000e-04,2.9458,,
16003,3.000e-04,2.9402,,
16004,3.000e-04,2.9547,,
16005,3.000e-04,2.9364,,
16006,3.000e-04,2.9232,,
16007,3.000e-04,2.9297,,
16008,3.000e-04,2.9596,,
16009,3.000e-04,2.9172,,
16010,3.000e-04,2.9476,,
16011,3.000e-04,2.9562,,
16012,3.000e-04,2.9775,,
16013,3.000e-04,2.9421,,
16014,3.000e-04,2.9444,,
16015,3.000e-04,2.9266,,
16016,3.000e-04,2.9535,,
16017,3.000e-04,2.9237,,
16018,3.000e-04,2.9369,,
16019,3.000e-04,2.9305,,
16020,3.000e-04,2.9511,,
16021,3.000e-04,2.8965,,
16022,3.000e-04,2.8883,,
16023,3.000e-04,2.9533,,
16024,3.000e-04,2.9601,,
16025,3.000e-04,2.9700,,
16026,3.000e-04,2.9593,,
16027,3.000e-04,2.8886,,
16028,3.000e-04,2.9830,,
16029,3.000e-04,2.9478,,
16030,3.000e-04,2.9209,,
16031,3.000e-04,2.8851,,
16032,3.000e-04,2.9462,,
16033,3.000e-04,2.9396,,
16034,3.000e-04,2.9244,,
16035,3.000e-04,2.9344,,
16036,3.000e-04,2.9326,,
16037,3.000e-04,2.9100,,
16038,3.000e-04,2.9275,,
16039,3.000e-04,2.9228,,
16040,3.000e-04,2.9143,,
16041,3.000e-04,2.9196,,
16042,3.000e-04,2.9153,,
16043,3.000e-04,2.9322,,
16044,3.000e-04,2.9338,,
16045,3.000e-04,2.9477,,
16046,3.000e-04,2.9185,,
16047,3.000e-04,2.9323,,
16048,3.000e-04,2.9533,,
16049,3.000e-04,2.9227,,
16050,3.000e-04,2.9615,,
16051,3.000e-04,2.9088,,
16052,3.000e-04,2.9248,,
16053,3.000e-04,2.9560,,
16054,3.000e-04,2.9713,,
16055,3.000e-04,2.9296,,
16056,3.000e-04,2.9876,,
16057,3.000e-04,2.9414,,
16058,3.000e-04,2.9341,,
16059,3.000e-04,2.9294,,
16060,3.000e-04,2.9485,,
16061,3.000e-04,2.9080,,
16062,3.000e-04,2.9516,,
16063,3.000e-04,2.9428,,
16064,3.000e-04,2.9017,,
16065,3.000e-04,2.9507,,
16066,3.000e-04,2.9679,,
16067,3.000e-04,2.9333,,
16068,3.000e-04,2.9053,,
16069,3.000e-04,2.9790,,
16070,3.000e-04,2.9448,,
16071,3.000e-04,2.9103,,
16072,3.000e-04,2.8938,,
16073,3.000e-04,2.9274,,
16074,3.000e-04,2.9105,,
16075,3.000e-04,2.9899,,
16076,3.000e-04,2.9453,,
16077,3.000e-04,2.9404,,
16078,3.000e-04,2.9489,,
16079,3.000e-04,2.9846,,
16080,3.000e-04,2.9239,,
16081,3.000e-04,2.9775,,
16082,3.000e-04,2.9651,,
16083,3.000e-04,2.9728,,
16084,3.000e-04,2.9565,,
16085,3.000e-04,2.9369,,
16086,3.000e-04,2.9357,,
16087,3.000e-04,2.9494,,
16088,3.000e-04,2.9442,,
16089,3.000e-04,2.9818,,
16090,3.000e-04,2.9605,,
16091,3.000e-04,2.9403,,
16092,3.000e-04,2.9889,,
16093,3.000e-04,2.9344,,
16094,3.000e-04,2.9532,,
16095,3.000e-04,2.9930,,
16096,3.000e-04,2.9479,,
16097,3.000e-04,2.8907,,
16098,3.000e-04,2.9585,,
16099,3.000e-04,2.9632,,
16100,3.000e-04,2.9389,2.903353726863861,
16101,3.000e-04,2.9331,,
16102,3.000e-04,2.9763,,
16103,3.000e-04,2.9456,,
16104,3.000e-04,2.9763,,
16105,3.000e-04,2.9606,,
16106,3.000e-04,2.9340,,
16107,3.000e-04,2.9807,,
16108,3.000e-04,2.9487,,
16109,3.000e-04,2.9229,,
16110,3.000e-04,3.0064,,
16111,3.000e-04,2.9901,,
16112,3.000e-04,2.9310,,
16113,3.000e-04,2.9716,,
16114,3.000e-04,2.9817,,
16115,3.000e-04,2.9198,,
16116,3.000e-04,2.9263,,
16117,3.000e-04,2.9470,,
16118,3.000e-04,2.9521,,
16119,3.000e-04,2.9390,,
16120,3.000e-04,2.9551,,
16121,3.000e-04,2.9521,,
16122,3.000e-04,2.9682,,
16123,3.000e-04,2.8732,,
16124,3.000e-04,2.9217,,
16125,3.000e-04,2.9801,,
16126,3.000e-04,2.9340,,
16127,3.000e-04,2.9560,,
16128,3.000e-04,2.9193,,
16129,3.000e-04,2.9685,,
16130,3.000e-04,2.9518,,
16131,3.000e-04,2.9156,,
16132,3.000e-04,2.9019,,
16133,3.000e-04,2.9531,,
16134,3.000e-04,2.9077,,
16135,3.000e-04,2.9932,,
16136,3.000e-04,2.9465,,
16137,3.000e-04,2.9790,,
16138,3.000e-04,2.9207,,
16139,3.000e-04,2.9599,,
16140,3.000e-04,2.9272,,
16141,3.000e-04,2.8943,,
16142,3.000e-04,2.9331,,
16143,3.000e-04,2.9227,,
16144,3.000e-04,2.9241,,
16145,3.000e-04,2.9226,,
16146,3.000e-04,2.9017,,
16147,3.000e-04,2.9333,,
16148,3.000e-04,2.9567,,
16149,3.000e-04,2.8880,,
16150,3.000e-04,2.9190,,
16151,3.000e-04,2.9335,,
16152,3.000e-04,2.8940,,
16153,3.000e-04,2.9252,,
16154,3.000e-04,2.9117,,
16155,3.000e-04,2.9293,,
16156,3.000e-04,2.9386,,
16157,3.000e-04,2.9565,,
16158,3.000e-04,2.9073,,
16159,3.000e-04,2.9823,,
16160,3.000e-04,2.9436,,
16161,3.000e-04,2.9425,,
16162,3.000e-04,2.9105,,
16163,3.000e-04,2.9184,,
16164,3.000e-04,2.9609,,
16165,3.000e-04,2.8931,,
16166,3.000e-04,2.9487,,
16167,3.000e-04,2.9330,,
16168,3.000e-04,2.9447,,
16169,3.000e-04,2.9561,,
16170,3.000e-04,2.8999,,
16171,3.000e-04,2.9101,,
16172,3.000e-04,2.9261,,
16173,3.000e-04,2.9321,,
16174,3.000e-04,2.9379,,
16175,3.000e-04,2.9358,,
16176,3.000e-04,2.9032,,
16177,3.000e-04,2.9533,,
16178,3.000e-04,2.9390,,
16179,3.000e-04,2.8919,,
16180,3.000e-04,2.8906,,
16181,3.000e-04,2.9811,,
16182,3.000e-04,2.9144,,
16183,3.000e-04,2.9596,,
16184,3.000e-04,2.9597,,
16185,3.000e-04,2.9551,,
16186,3.000e-04,2.9388,,
16187,3.000e-04,2.9598,,
16188,3.000e-04,2.9263,,
16189,3.000e-04,2.9145,,
16190,3.000e-04,2.9078,,
16191,3.000e-04,2.9417,,
16192,3.000e-04,2.9257,,
16193,3.000e-04,2.9283,,
16194,3.000e-04,2.9613,,
16195,3.000e-04,2.9627,,
16196,3.000e-04,2.9568,,
16197,3.000e-04,2.9250,,
16198,3.000e-04,2.9304,,
16199,3.000e-04,2.9323,,
16200,3.000e-04,2.9680,2.8317956209182737,
16201,3.000e-04,2.9644,,
16202,3.000e-04,2.9371,,
16203,3.000e-04,2.9247,,
16204,3.000e-04,2.9506,,
16205,3.000e-04,2.8777,,
16206,3.000e-04,2.9209,,
16207,3.000e-04,2.9294,,
16208,3.000e-04,2.9377,,
16209,3.000e-04,2.9324,,
16210,3.000e-04,2.9575,,
16211,3.000e-04,2.9089,,
16212,3.000e-04,2.9210,,
16213,3.000e-04,2.8880,,
16214,3.000e-04,2.9155,,
16215,3.000e-04,2.9451,,
16216,3.000e-04,2.9144,,
16217,3.000e-04,2.9669,,
16218,3.000e-04,2.9169,,
16219,3.000e-04,2.9435,,
16220,3.000e-04,2.9392,,
16221,3.000e-04,2.9267,,
16222,3.000e-04,2.9208,,
16223,3.000e-04,2.9406,,
16224,3.000e-04,2.9344,,
16225,3.000e-04,2.9350,,
16226,3.000e-04,2.9432,,
16227,3.000e-04,2.9461,,
16228,3.000e-04,2.9751,,
16229,3.000e-04,2.9716,,
16230,3.000e-04,2.9454,,
16231,3.000e-04,2.9081,,
16232,3.000e-04,3.0239,,
16233,3.000e-04,2.9406,,
16234,3.000e-04,2.9638,,
16235,3.000e-04,2.9293,,
16236,3.000e-04,2.9074,,
16237,3.000e-04,2.9190,,
16238,3.000e-04,2.8860,,
16239,3.000e-04,2.9377,,
16240,3.000e-04,2.9359,,
16241,3.000e-04,2.9511,,
16242,3.000e-04,2.9390,,
16243,3.000e-04,2.9344,,
16244,3.000e-04,2.8873,,
16245,3.000e-04,2.9592,,
16246,3.000e-04,2.9519,,
16247,3.000e-04,2.8996,,
16248,3.000e-04,2.9641,,
16249,3.000e-04,2.9322,,
16250,3.000e-04,2.9265,,
16251,3.000e-04,2.9399,,
16252,3.000e-04,2.9394,,
16253,3.000e-04,2.9168,,
16254,3.000e-04,2.9252,,
16255,3.000e-04,2.9300,,
16256,3.000e-04,2.9693,,
16257,3.000e-04,2.9489,,
16258,3.000e-04,2.9394,,
16259,3.000e-04,2.9504,,
16260,3.000e-04,2.9268,,
16261,3.000e-04,2.9515,,
16262,3.000e-04,2.9311,,
16263,3.000e-04,2.9621,,
16264,3.000e-04,2.9430,,
16265,3.000e-04,2.9835,,
16266,3.000e-04,2.9251,,
16267,3.000e-04,2.9257,,
16268,3.000e-04,2.9332,,
16269,3.000e-04,2.8844,,
16270,3.000e-04,2.9591,,
16271,3.000e-04,2.9414,,
16272,3.000e-04,2.9188,,
16273,3.000e-04,2.9224,,
16274,3.000e-04,2.9458,,
16275,3.000e-04,2.9273,,
16276,3.000e-04,2.9289,,
16277,3.000e-04,2.9239,,
16278,3.000e-04,2.9344,,
16279,3.000e-04,2.9229,,
16280,3.000e-04,2.9414,,
16281,3.000e-04,2.9393,,
16282,3.000e-04,2.8976,,
16283,3.000e-04,2.9165,,
16284,3.000e-04,2.9419,,
16285,3.000e-04,2.9713,,
16286,3.000e-04,2.9251,,
16287,3.000e-04,2.9416,,
16288,3.000e-04,2.9546,,
16289,3.000e-04,2.9188,,
16290,3.000e-04,2.9529,,
16291,3.000e-04,2.9350,,
16292,3.000e-04,2.9405,,
16293,3.000e-04,2.8960,,
16294,3.000e-04,2.9691,,
16295,3.000e-04,2.9279,,
16296,3.000e-04,2.9951,,
16297,3.000e-04,2.8701,,
16298,3.000e-04,2.9330,,
16299,3.000e-04,2.9299,,
16300,3.000e-04,2.9076,2.7681803107261658,
16301,3.000e-04,2.9057,,
16302,3.000e-04,2.9300,,
16303,3.000e-04,2.9170,,
16304,3.000e-04,2.9550,,
16305,3.000e-04,2.9231,,
16306,3.000e-04,2.9292,,
16307,3.000e-04,2.9010,,
16308,3.000e-04,2.9101,,
16309,3.000e-04,2.9324,,
16310,3.000e-04,2.9429,,
16311,3.000e-04,2.9361,,
16312,3.000e-04,2.9220,,
16313,3.000e-04,2.9713,,
16314,3.000e-04,2.9946,,
16315,3.000e-04,2.9071,,
16316,3.000e-04,2.9437,,
16317,3.000e-04,2.9268,,
16318,3.000e-04,2.9446,,
16319,3.000e-04,2.9206,,
16320,3.000e-04,2.9316,,
16321,3.000e-04,2.9527,,
16322,3.000e-04,2.9612,,
16323,3.000e-04,2.9493,,
16324,3.000e-04,2.9242,,
16325,3.000e-04,2.9321,,
16326,3.000e-04,2.9365,,
16327,3.000e-04,2.8976,,
16328,3.000e-04,2.9244,,
16329,3.000e-04,2.9303,,
16330,3.000e-04,2.9338,,
16331,3.000e-04,2.9589,,
16332,3.000e-04,2.9092,,
16333,3.000e-04,2.9213,,
16334,3.000e-04,2.8807,,
16335,3.000e-04,2.9008,,
16336,3.000e-04,2.9204,,
16337,3.000e-04,2.9348,,
16338,3.000e-04,2.9618,,
16339,3.000e-04,2.9341,,
16340,3.000e-04,2.9330,,
16341,3.000e-04,2.9730,,
16342,3.000e-04,2.9356,,
16343,3.000e-04,2.9296,,
16344,3.000e-04,2.9065,,
16345,3.000e-04,2.9503,,
16346,3.000e-04,2.9417,,
16347,3.000e-04,2.9136,,
16348,3.000e-04,2.9478,,
16349,3.000e-04,2.9543,,
16350,3.000e-04,2.9450,,
16351,3.000e-04,2.9464,,
16352,3.000e-04,2.9049,,
16353,3.000e-04,2.9188,,
16354,3.000e-04,2.9667,,
16355,3.000e-04,2.9382,,
16356,3.000e-04,2.9213,,
16357,3.000e-04,2.8845,,
16358,3.000e-04,2.9603,,
16359,3.000e-04,2.9374,,
16360,3.000e-04,2.9001,,
16361,3.000e-04,2.9068,,
16362,3.000e-04,2.9327,,
16363,3.000e-04,2.9694,,
16364,3.000e-04,2.9180,,
16365,3.000e-04,2.9237,,
16366,3.000e-04,2.9265,,
16367,3.000e-04,2.9284,,
16368,3.000e-04,2.9634,,
16369,3.000e-04,2.9101,,
16370,3.000e-04,2.9418,,
16371,3.000e-04,2.9200,,
16372,3.000e-04,2.9332,,
16373,3.000e-04,2.9200,,
16374,3.000e-04,2.9172,,
16375,3.000e-04,2.9331,,
16376,3.000e-04,2.9538,,
16377,3.000e-04,2.9433,,
16378,3.000e-04,2.9557,,
16379,3.000e-04,2.9213,,
16380,3.000e-04,2.8899,,
16381,3.000e-04,2.9509,,
16382,3.000e-04,2.9249,,
16383,3.000e-04,2.9415,,
16384,3.000e-04,2.8971,,
16385,3.000e-04,2.9277,,
16386,3.000e-04,2.9510,,
16387,3.000e-04,2.9261,,
16388,3.000e-04,2.9280,,
16389,3.000e-04,2.9585,,
16390,3.000e-04,2.9126,,
16391,3.000e-04,2.9689,,
16392,3.000e-04,2.9071,,
16393,3.000e-04,2.9360,,
16394,3.000e-04,2.9577,,
16395,3.000e-04,2.9730,,
16396,3.000e-04,2.9816,,
16397,3.000e-04,2.9585,,
16398,3.000e-04,2.9274,,
16399,3.000e-04,2.9186,,
16400,3.000e-04,2.9809,2.88780357837677,
16401,3.000e-04,2.9493,,
16402,3.000e-04,2.9348,,
16403,3.000e-04,2.9355,,
16404,3.000e-04,2.9043,,
16405,3.000e-04,2.9273,,
16406,3.000e-04,2.9459,,
16407,3.000e-04,2.9384,,
16408,3.000e-04,2.9332,,
16409,3.000e-04,2.9484,,
16410,3.000e-04,2.9592,,
16411,3.000e-04,2.9505,,
16412,3.000e-04,2.9480,,
16413,3.000e-04,2.9499,,
16414,3.000e-04,2.9419,,
16415,3.000e-04,2.8744,,
16416,3.000e-04,2.9245,,
16417,3.000e-04,2.9035,,
16418,3.000e-04,2.9296,,
16419,3.000e-04,2.9466,,
16420,3.000e-04,2.9221,,
16421,3.000e-04,2.9247,,
16422,3.000e-04,2.9066,,
16423,3.000e-04,2.9384,,
16424,3.000e-04,2.9494,,
16425,3.000e-04,2.9551,,
16426,3.000e-04,2.8909,,
16427,3.000e-04,2.9067,,
16428,3.000e-04,2.9329,,
16429,3.000e-04,2.9536,,
16430,3.000e-04,2.9330,,
16431,3.000e-04,2.8947,,
16432,3.000e-04,2.9485,,
16433,3.000e-04,2.9436,,
16434,3.000e-04,2.9228,,
16435,3.000e-04,2.9155,,
16436,3.000e-04,2.9595,,
16437,3.000e-04,2.8580,,
16438,3.000e-04,2.9565,,
16439,3.000e-04,2.9170,,
16440,3.000e-04,2.9452,,
16441,3.000e-04,2.9340,,
16442,3.000e-04,2.9462,,
16443,3.000e-04,2.9367,,
16444,3.000e-04,2.9577,,
16445,3.000e-04,2.9282,,
16446,3.000e-04,2.9023,,
16447,3.000e-04,2.9487,,
16448,3.000e-04,2.8835,,
16449,3.000e-04,2.9193,,
16450,3.000e-04,2.9260,,
16451,3.000e-04,2.9480,,
16452,3.000e-04,2.9487,,
16453,3.000e-04,2.9387,,
16454,3.000e-04,2.9311,,
16455,3.000e-04,2.9666,,
16456,3.000e-04,2.9675,,
16457,3.000e-04,2.9399,,
16458,3.000e-04,2.9757,,
16459,3.000e-04,2.9082,,
16460,3.000e-04,2.9574,,
16461,3.000e-04,2.9567,,
16462,3.000e-04,2.9294,,
16463,3.000e-04,2.9760,,
16464,3.000e-04,2.9408,,
16465,3.000e-04,2.9413,,
16466,3.000e-04,2.9480,,
16467,3.000e-04,2.9364,,
16468,3.000e-04,2.9148,,
16469,3.000e-04,2.9358,,
16470,3.000e-04,2.9304,,
16471,3.000e-04,2.9545,,
16472,3.000e-04,2.9427,,
16473,3.000e-04,2.9358,,
16474,3.000e-04,2.9172,,
16475,3.000e-04,2.9562,,
16476,3.000e-04,2.9147,,
16477,3.000e-04,2.9495,,
16478,3.000e-04,2.9695,,
16479,3.000e-04,2.9152,,
16480,3.000e-04,2.9534,,
16481,3.000e-04,2.9711,,
16482,3.000e-04,2.9315,,
16483,3.000e-04,2.9521,,
16484,3.000e-04,2.9254,,
16485,3.000e-04,2.8811,,
16486,3.000e-04,2.9075,,
16487,3.000e-04,2.9581,,
16488,3.000e-04,2.9704,,
16489,3.000e-04,2.9341,,
16490,3.000e-04,2.9320,,
16491,3.000e-04,2.9412,,
16492,3.000e-04,2.8940,,
16493,3.000e-04,2.9531,,
16494,3.000e-04,2.9866,,
16495,3.000e-04,2.9096,,
16496,3.000e-04,2.9435,,
16497,3.000e-04,2.9365,,
16498,3.000e-04,2.9847,,
16499,3.000e-04,2.9639,,
16500,3.000e-04,2.9184,2.9139268040657043,
16501,3.000e-04,2.8797,,
16502,3.000e-04,2.9363,,
16503,3.000e-04,2.9206,,
16504,3.000e-04,2.9381,,
16505,3.000e-04,2.8876,,
16506,3.000e-04,2.9606,,
16507,3.000e-04,2.9358,,
16508,3.000e-04,2.9108,,
16509,3.000e-04,2.9472,,
16510,3.000e-04,2.9361,,
16511,3.000e-04,2.9707,,
16512,3.000e-04,2.9690,,
16513,3.000e-04,2.8735,,
16514,3.000e-04,2.9115,,
16515,3.000e-04,2.9196,,
16516,3.000e-04,2.9534,,
16517,3.000e-04,2.9385,,
16518,3.000e-04,2.9343,,
16519,3.000e-04,2.9264,,
16520,3.000e-04,2.9670,,
16521,3.000e-04,2.9354,,
16522,3.000e-04,2.9655,,
16523,3.000e-04,2.9346,,
16524,3.000e-04,2.9398,,
16525,3.000e-04,2.9097,,
16526,3.000e-04,2.9090,,
16527,3.000e-04,2.9578,,
16528,3.000e-04,2.9559,,
16529,3.000e-04,2.9313,,
16530,3.000e-04,2.9638,,
16531,3.000e-04,2.9159,,
16532,3.000e-04,2.9269,,
16533,3.000e-04,2.9518,,
16534,3.000e-04,2.9371,,
16535,3.000e-04,2.9256,,
16536,3.000e-04,2.9654,,
16537,3.000e-04,2.9507,,
16538,3.000e-04,2.9160,,
16539,3.000e-04,2.9065,,
16540,3.000e-04,2.9367,,
16541,3.000e-04,2.9333,,
16542,3.000e-04,2.9499,,
16543,3.000e-04,2.9488,,
16544,3.000e-04,2.9147,,
16545,3.000e-04,2.9578,,
16546,3.000e-04,2.9571,,
16547,3.000e-04,2.9901,,
16548,3.000e-04,2.8945,,
16549,3.000e-04,2.9595,,
16550,3.000e-04,2.9469,,
16551,3.000e-04,2.9512,,
16552,3.000e-04,2.8804,,
16553,3.000e-04,2.9663,,
16554,3.000e-04,2.9620,,
16555,3.000e-04,2.9695,,
16556,3.000e-04,2.9587,,
16557,3.000e-04,2.9457,,
16558,3.000e-04,2.9298,,
16559,3.000e-04,2.8982,,
16560,3.000e-04,2.9625,,
16561,3.000e-04,2.9307,,
16562,3.000e-04,2.9319,,
16563,3.000e-04,2.9054,,
16564,3.000e-04,2.9103,,
16565,3.000e-04,2.9419,,
16566,3.000e-04,2.9459,,
16567,3.000e-04,2.9362,,
16568,3.000e-04,2.9283,,
16569,3.000e-04,2.9480,,
16570,3.000e-04,2.9249,,
16571,3.000e-04,2.9485,,
16572,3.000e-04,2.9465,,
16573,3.000e-04,2.9393,,
16574,3.000e-04,2.9544,,
16575,3.000e-04,2.8870,,
16576,3.000e-04,2.9526,,
16577,3.000e-04,2.9417,,
16578,3.000e-04,2.9219,,
16579,3.000e-04,2.9027,,
16580,3.000e-04,2.9193,,
16581,3.000e-04,2.9590,,
16582,3.000e-04,2.8774,,
16583,3.000e-04,2.9333,,
16584,3.000e-04,2.9498,,
16585,3.000e-04,2.9054,,
16586,3.000e-04,2.9241,,
16587,3.000e-04,2.9142,,
16588,3.000e-04,2.9467,,
16589,3.000e-04,2.9508,,
16590,3.000e-04,2.9186,,
16591,3.000e-04,2.9365,,
16592,3.000e-04,2.9632,,
16593,3.000e-04,2.9753,,
16594,3.000e-04,2.8979,,
16595,3.000e-04,2.9194,,
16596,3.000e-04,2.9431,,
16597,3.000e-04,2.9224,,
16598,3.000e-04,2.9510,,
16599,3.000e-04,2.9376,,
16600,3.000e-04,2.9591,2.8129669308662413,
16601,3.000e-04,2.9526,,
16602,3.000e-04,2.9501,,
16603,3.000e-04,2.9529,,
16604,3.000e-04,2.9084,,
16605,3.000e-04,2.9577,,
16606,3.000e-04,2.9731,,
16607,3.000e-04,2.9233,,
16608,3.000e-04,2.9437,,
16609,3.000e-04,2.9684,,
16610,3.000e-04,2.9295,,
16611,3.000e-04,2.9154,,
16612,3.000e-04,2.9428,,
16613,3.000e-04,2.9602,,
16614,3.000e-04,2.9366,,
16615,3.000e-04,2.9908,,
16616,3.000e-04,2.8729,,
16617,3.000e-04,2.9583,,
16618,3.000e-04,2.9493,,
16619,3.000e-04,2.9627,,
16620,3.000e-04,3.0021,,
16621,3.000e-04,2.8933,,
16622,3.000e-04,2.8855,,
16623,3.000e-04,2.9677,,
16624,3.000e-04,2.9188,,
16625,3.000e-04,2.9586,,
16626,3.000e-04,2.9246,,
16627,3.000e-04,2.9747,,
16628,3.000e-04,2.9611,,
16629,3.000e-04,2.9160,,
16630,3.000e-04,2.9189,,
16631,3.000e-04,2.9193,,
16632,3.000e-04,2.9255,,
16633,3.000e-04,2.9347,,
16634,3.000e-04,2.8971,,
16635,3.000e-04,2.9128,,
16636,3.000e-04,2.9154,,
16637,3.000e-04,2.8982,,
16638,3.000e-04,2.9178,,
16639,3.000e-04,2.9394,,
16640,3.000e-04,2.9466,,
16641,3.000e-04,2.9798,,
16642,3.000e-04,2.9453,,
16643,3.000e-04,2.9454,,
16644,3.000e-04,2.9189,,
16645,3.000e-04,2.9439,,
16646,3.000e-04,2.9267,,
16647,3.000e-04,2.9050,,
16648,3.000e-04,2.8831,,
16649,3.000e-04,2.8941,,
16650,3.000e-04,2.9584,,
16651,3.000e-04,2.9602,,
16652,3.000e-04,2.9781,,
16653,3.000e-04,2.9310,,
16654,3.000e-04,2.8838,,
16655,3.000e-04,2.9015,,
16656,3.000e-04,2.8811,,
16657,3.000e-04,2.9243,,
16658,3.000e-04,2.9573,,
16659,3.000e-04,2.9309,,
16660,3.000e-04,2.9452,,
16661,3.000e-04,2.9036,,
16662,3.000e-04,2.9288,,
16663,3.000e-04,2.9570,,
16664,3.000e-04,2.9187,,
16665,3.000e-04,2.9665,,
16666,3.000e-04,2.9563,,
16667,3.000e-04,2.9310,,
16668,3.000e-04,2.9916,,
16669,3.000e-04,2.9334,,
16670,3.000e-04,2.9132,,
16671,3.000e-04,2.9123,,
16672,3.000e-04,2.9629,,
16673,3.000e-04,2.9431,,
16674,3.000e-04,2.9851,,
16675,3.000e-04,2.9263,,
16676,3.000e-04,2.9520,,
16677,3.000e-04,2.9907,,
16678,3.000e-04,2.9450,,
16679,3.000e-04,2.9275,,
16680,3.000e-04,2.9174,,
16681,3.000e-04,2.9641,,
16682,3.000e-04,2.9349,,
16683,3.000e-04,2.9075,,
16684,3.000e-04,2.9210,,
16685,3.000e-04,2.9194,,
16686,3.000e-04,2.9198,,
16687,3.000e-04,2.9020,,
16688,3.000e-04,2.9550,,
16689,3.000e-04,2.9424,,
16690,3.000e-04,3.0001,,
16691,3.000e-04,2.9321,,
16692,3.000e-04,2.9359,,
16693,3.000e-04,2.9792,,
16694,3.000e-04,2.9650,,
16695,3.000e-04,2.9386,,
16696,3.000e-04,2.9563,,
16697,3.000e-04,2.9448,,
16698,3.000e-04,2.9172,,
16699,3.000e-04,2.9328,,
16700,3.000e-04,2.9722,3.0080222606658937,
16701,3.000e-04,2.9079,,
16702,3.000e-04,2.8922,,
16703,3.000e-04,2.9683,,
16704,3.000e-04,2.9706,,
16705,3.000e-04,2.9216,,
16706,3.000e-04,2.9705,,
16707,3.000e-04,2.9404,,
16708,3.000e-04,2.9115,,
16709,3.000e-04,2.9348,,
16710,3.000e-04,2.9188,,
16711,3.000e-04,2.9188,,
16712,3.000e-04,2.9083,,
16713,3.000e-04,2.9499,,
16714,3.000e-04,2.8882,,
16715,3.000e-04,2.9443,,
16716,3.000e-04,2.9727,,
16717,3.000e-04,2.9063,,
16718,3.000e-04,2.9134,,
16719,3.000e-04,2.9124,,
16720,3.000e-04,2.9470,,
16721,3.000e-04,2.9334,,
16722,3.000e-04,2.9085,,
16723,3.000e-04,2.9453,,
16724,3.000e-04,2.9277,,
16725,3.000e-04,2.9409,,
16726,3.000e-04,2.8940,,
16727,3.000e-04,2.9076,,
16728,3.000e-04,2.9091,,
16729,3.000e-04,2.9389,,
16730,3.000e-04,2.9407,,
16731,3.000e-04,2.8830,,
16732,3.000e-04,2.9099,,
16733,3.000e-04,2.9355,,
16734,3.000e-04,2.9706,,
16735,3.000e-04,2.9133,,
16736,3.000e-04,2.9270,,
16737,3.000e-04,2.9433,,
16738,3.000e-04,2.9192,,
16739,3.000e-04,2.9592,,
16740,3.000e-04,2.9229,,
16741,3.000e-04,2.9403,,
16742,3.000e-04,2.9322,,
16743,3.000e-04,2.9381,,
16744,3.000e-04,2.9203,,
16745,3.000e-04,2.9250,,
16746,3.000e-04,2.9242,,
16747,3.000e-04,2.9283,,
16748,3.000e-04,2.9165,,
16749,3.000e-04,2.9327,,
16750,3.000e-04,2.9417,,
16751,3.000e-04,2.8925,,
16752,3.000e-04,2.9059,,
16753,3.000e-04,2.9031,,
16754,3.000e-04,2.8808,,
16755,3.000e-04,2.9710,,
16756,3.000e-04,2.9199,,
16757,3.000e-04,2.9405,,
16758,3.000e-04,2.9373,,
16759,3.000e-04,2.9196,,
16760,3.000e-04,2.9342,,
16761,3.000e-04,2.9321,,
16762,3.000e-04,2.9571,,
16763,3.000e-04,2.8988,,
16764,3.000e-04,2.9009,,
16765,3.000e-04,2.9399,,
16766,3.000e-04,2.9619,,
16767,3.000e-04,2.9412,,
16768,3.000e-04,2.9201,,
16769,3.000e-04,2.9475,,
16770,3.000e-04,2.8623,,
16771,3.000e-04,2.9360,,
16772,3.000e-04,2.8965,,
16773,3.000e-04,2.9405,,
16774,3.000e-04,2.9126,,
16775,3.000e-04,2.9650,,
16776,3.000e-04,2.9401,,
16777,3.000e-04,2.9133,,
16778,3.000e-04,2.9347,,
16779,3.000e-04,2.8857,,
16780,3.000e-04,2.9325,,
16781,3.000e-04,2.9182,,
16782,3.000e-04,2.8857,,
16783,3.000e-04,2.9359,,
16784,3.000e-04,2.9023,,
16785,3.000e-04,2.9132,,
16786,3.000e-04,2.9015,,
16787,3.000e-04,2.9420,,
16788,3.000e-04,2.9427,,
16789,3.000e-04,2.9293,,
16790,3.000e-04,2.9385,,
16791,3.000e-04,2.9212,,
16792,3.000e-04,2.9497,,
16793,3.000e-04,2.9280,,
16794,3.000e-04,2.9068,,
16795,3.000e-04,2.9541,,
16796,3.000e-04,2.9206,,
16797,3.000e-04,2.9571,,
16798,3.000e-04,2.9218,,
16799,3.000e-04,2.9489,,
16800,3.000e-04,2.9203,2.884654939174652,
16801,3.000e-04,2.9523,,
16802,3.000e-04,2.9397,,
16803,3.000e-04,2.8845,,
16804,3.000e-04,2.9398,,
16805,3.000e-04,2.9600,,
16806,3.000e-04,2.9169,,
16807,3.000e-04,2.9154,,
16808,3.000e-04,2.9015,,
16809,3.000e-04,2.9522,,
16810,3.000e-04,2.9287,,
16811,3.000e-04,2.9395,,
16812,3.000e-04,2.9090,,
16813,3.000e-04,2.9709,,
16814,3.000e-04,2.9327,,
16815,3.000e-04,2.9327,,
16816,3.000e-04,2.9203,,
16817,3.000e-04,2.9620,,
16818,3.000e-04,2.9241,,
16819,3.000e-04,2.9390,,
16820,3.000e-04,2.9359,,
16821,3.000e-04,2.9644,,
16822,3.000e-04,2.9322,,
16823,3.000e-04,2.9736,,
16824,3.000e-04,2.8986,,
16825,3.000e-04,2.9395,,
16826,3.000e-04,2.9618,,
16827,3.000e-04,2.9507,,
16828,3.000e-04,2.9428,,
16829,3.000e-04,2.9378,,
16830,3.000e-04,2.9169,,
16831,3.000e-04,2.9861,,
16832,3.000e-04,2.9203,,
16833,3.000e-04,2.9318,,
16834,3.000e-04,2.9124,,
16835,3.000e-04,2.9290,,
16836,3.000e-04,2.9352,,
16837,3.000e-04,2.9259,,
16838,3.000e-04,2.9153,,
16839,3.000e-04,2.9576,,
16840,3.000e-04,2.9628,,
16841,3.000e-04,2.9184,,
16842,3.000e-04,2.9474,,
16843,3.000e-04,2.9057,,
16844,3.000e-04,2.9235,,
16845,3.000e-04,2.9424,,
16846,3.000e-04,2.9024,,
16847,3.000e-04,2.9582,,
16848,3.000e-04,2.8827,,
16849,3.000e-04,2.9387,,
16850,3.000e-04,2.9256,,
16851,3.000e-04,2.9538,,
16852,3.000e-04,2.9473,,
16853,3.000e-04,2.9402,,
16854,3.000e-04,2.9578,,
16855,3.000e-04,2.9101,,
16856,3.000e-04,2.9284,,
16857,3.000e-04,2.8921,,
16858,3.000e-04,2.9314,,
16859,3.000e-04,2.9322,,
16860,3.000e-04,2.9337,,
16861,3.000e-04,2.8984,,
16862,3.000e-04,2.9398,,
16863,3.000e-04,2.9264,,
16864,3.000e-04,2.8850,,
16865,3.000e-04,2.8876,,
16866,3.000e-04,2.8876,,
16867,3.000e-04,2.9117,,
16868,3.000e-04,2.9273,,
16869,3.000e-04,2.9425,,
16870,3.000e-04,2.9560,,
16871,3.000e-04,2.9022,,
16872,3.000e-04,2.9249,,
16873,3.000e-04,2.9217,,
16874,3.000e-04,2.9378,,
16875,3.000e-04,2.9094,,
16876,3.000e-04,3.0000,,
16877,3.000e-04,2.9229,,
16878,3.000e-04,2.9746,,
16879,3.000e-04,2.9319,,
16880,3.000e-04,2.8994,,
16881,3.000e-04,2.9279,,
16882,3.000e-04,2.9075,,
16883,3.000e-04,2.9593,,
16884,3.000e-04,2.9603,,
16885,3.000e-04,2.9272,,
16886,3.000e-04,2.9332,,
16887,3.000e-04,2.9421,,
16888,3.000e-04,2.9180,,
16889,3.000e-04,2.9376,,
16890,3.000e-04,2.8907,,
16891,3.000e-04,2.8973,,
16892,3.000e-04,2.9659,,
16893,3.000e-04,2.9651,,
16894,3.000e-04,2.9315,,
16895,3.000e-04,2.9166,,
16896,3.000e-04,2.9562,,
16897,3.000e-04,2.9619,,
16898,3.000e-04,2.9169,,
16899,3.000e-04,2.9612,,
16900,3.000e-04,2.9470,2.81635205745697,
16901,3.000e-04,2.9300,,
16902,3.000e-04,2.9304,,
16903,3.000e-04,2.8933,,
16904,3.000e-04,2.9170,,
16905,3.000e-04,2.9270,,
16906,3.000e-04,2.9293,,
16907,3.000e-04,2.8949,,
16908,3.000e-04,2.9044,,
16909,3.000e-04,2.9550,,
16910,3.000e-04,2.9619,,
16911,3.000e-04,2.9305,,
16912,3.000e-04,2.8920,,
16913,3.000e-04,2.9403,,
16914,3.000e-04,2.9493,,
16915,3.000e-04,2.9021,,
16916,3.000e-04,2.9260,,
16917,3.000e-04,2.9528,,
16918,3.000e-04,2.9411,,
16919,3.000e-04,2.9167,,
16920,3.000e-04,2.9596,,
16921,3.000e-04,2.9383,,
16922,3.000e-04,2.9533,,
16923,3.000e-04,2.9632,,
16924,3.000e-04,2.9029,,
16925,3.000e-04,2.9219,,
16926,3.000e-04,2.9599,,
16927,3.000e-04,2.9530,,
16928,3.000e-04,2.9297,,
16929,3.000e-04,2.9479,,
16930,3.000e-04,2.8896,,
16931,3.000e-04,2.9490,,
16932,3.000e-04,2.8689,,
16933,3.000e-04,2.9223,,
16934,3.000e-04,2.9328,,
16935,3.000e-04,2.8930,,
16936,3.000e-04,2.9379,,
16937,3.000e-04,2.9473,,
16938,3.000e-04,2.9207,,
16939,3.000e-04,2.9020,,
16940,3.000e-04,2.9002,,
16941,3.000e-04,2.9228,,
16942,3.000e-04,2.9563,,
16943,3.000e-04,2.8542,,
16944,3.000e-04,2.9034,,
16945,3.000e-04,2.9169,,
16946,3.000e-04,2.9265,,
16947,3.000e-04,2.9282,,
16948,3.000e-04,2.9092,,
16949,3.000e-04,2.9520,,
16950,3.000e-04,2.9335,,
16951,3.000e-04,2.8937,,
16952,3.000e-04,2.8854,,
16953,3.000e-04,2.9056,,
16954,3.000e-04,2.9191,,
16955,3.000e-04,2.9062,,
16956,3.000e-04,2.9019,,
16957,3.000e-04,2.9395,,
16958,3.000e-04,2.9228,,
16959,3.000e-04,2.9927,,
16960,3.000e-04,2.9618,,
16961,3.000e-04,2.9363,,
16962,3.000e-04,2.9777,,
16963,3.000e-04,2.9191,,
16964,3.000e-04,2.9303,,
16965,3.000e-04,2.8955,,
16966,3.000e-04,2.9299,,
16967,3.000e-04,2.8999,,
16968,3.000e-04,2.9142,,
16969,3.000e-04,2.9575,,
16970,3.000e-04,2.9224,,
16971,3.000e-04,2.9147,,
16972,3.000e-04,2.9107,,
16973,3.000e-04,2.9405,,
16974,3.000e-04,2.9228,,
16975,3.000e-04,2.9618,,
16976,3.000e-04,2.9083,,
16977,3.000e-04,2.9489,,
16978,3.000e-04,2.9247,,
16979,3.000e-04,2.9180,,
16980,3.000e-04,2.9259,,
16981,3.000e-04,2.9588,,
16982,3.000e-04,2.9394,,
16983,3.000e-04,2.9321,,
16984,3.000e-04,2.9310,,
16985,3.000e-04,2.8995,,
16986,3.000e-04,2.9455,,
16987,3.000e-04,2.9383,,
16988,3.000e-04,2.8788,,
16989,3.000e-04,2.9031,,
16990,3.000e-04,2.9481,,
16991,3.000e-04,2.9462,,
16992,3.000e-04,2.9553,,
16993,3.000e-04,2.9060,,
16994,3.000e-04,2.9279,,
16995,3.000e-04,2.9369,,
16996,3.000e-04,2.9411,,
16997,3.000e-04,2.8977,,
16998,3.000e-04,2.9227,,
16999,3.000e-04,2.8930,,
17000,3.000e-04,2.8978,2.9224677801132204,
17001,3.000e-04,2.9598,,
17002,3.000e-04,2.9160,,
17003,3.000e-04,2.9330,,
17004,3.000e-04,2.9152,,
17005,3.000e-04,2.9240,,
17006,3.000e-04,2.9394,,
17007,3.000e-04,2.9216,,
17008,3.000e-04,2.9380,,
17009,3.000e-04,2.9207,,
17010,3.000e-04,2.8755,,
17011,3.000e-04,2.9550,,
17012,3.000e-04,2.9521,,
17013,3.000e-04,2.9324,,
17014,3.000e-04,2.9212,,
17015,3.000e-04,2.9541,,
17016,3.000e-04,2.9066,,
17017,3.000e-04,2.9238,,
17018,3.000e-04,2.9341,,
17019,3.000e-04,2.9532,,
17020,3.000e-04,2.9174,,
17021,3.000e-04,2.9222,,
17022,3.000e-04,2.9311,,
17023,3.000e-04,2.8858,,
17024,3.000e-04,2.8760,,
17025,3.000e-04,2.9514,,
17026,3.000e-04,2.9680,,
17027,3.000e-04,2.9001,,
17028,3.000e-04,2.9207,,
17029,3.000e-04,2.9547,,
17030,3.000e-04,2.9148,,
17031,3.000e-04,2.9036,,
17032,3.000e-04,2.9965,,
17033,3.000e-04,2.9020,,
17034,3.000e-04,2.9374,,
17035,3.000e-04,2.9172,,
17036,3.000e-04,2.9300,,
17037,3.000e-04,2.9901,,
17038,3.000e-04,2.9421,,
17039,3.000e-04,2.9128,,
17040,3.000e-04,2.9267,,
17041,3.000e-04,2.9107,,
17042,3.000e-04,2.9548,,
17043,3.000e-04,2.9568,,
17044,3.000e-04,2.8873,,
17045,3.000e-04,2.8905,,
17046,3.000e-04,2.9397,,
17047,3.000e-04,2.9503,,
17048,3.000e-04,2.8917,,
17049,3.000e-04,2.9224,,
17050,3.000e-04,2.9049,,
17051,3.000e-04,2.8952,,
17052,3.000e-04,2.8843,,
17053,3.000e-04,2.8873,,
17054,3.000e-04,2.9568,,
17055,3.000e-04,2.9425,,
17056,3.000e-04,2.9425,,
17057,3.000e-04,2.9217,,
17058,3.000e-04,2.9136,,
17059,3.000e-04,2.9322,,
17060,3.000e-04,2.9299,,
17061,3.000e-04,2.9594,,
17062,3.000e-04,2.9442,,
17063,3.000e-04,2.9728,,
17064,3.000e-04,2.9351,,
17065,3.000e-04,2.9208,,
17066,3.000e-04,2.9385,,
17067,3.000e-04,2.9441,,
17068,3.000e-04,2.9443,,
17069,3.000e-04,2.9804,,
17070,3.000e-04,2.9742,,
17071,3.000e-04,2.9621,,
17072,3.000e-04,2.9247,,
17073,3.000e-04,2.9436,,
17074,3.000e-04,2.9667,,
17075,3.000e-04,2.9236,,
17076,3.000e-04,2.8972,,
17077,3.000e-04,2.9226,,
17078,3.000e-04,2.9441,,
17079,3.000e-04,2.9515,,
17080,3.000e-04,2.8795,,
17081,3.000e-04,2.9553,,
17082,3.000e-04,2.9331,,
17083,3.000e-04,2.9349,,
17084,3.000e-04,2.9290,,
17085,3.000e-04,2.9064,,
17086,3.000e-04,2.9148,,
17087,3.000e-04,2.8949,,
17088,3.000e-04,2.9290,,
17089,3.000e-04,2.9593,,
17090,3.000e-04,2.9067,,
17091,3.000e-04,2.9268,,
17092,3.000e-04,2.8948,,
17093,3.000e-04,2.9580,,
17094,3.000e-04,2.9069,,
17095,3.000e-04,2.9361,,
17096,3.000e-04,2.9110,,
17097,3.000e-04,2.9764,,
17098,3.000e-04,2.9506,,
17099,3.000e-04,2.9268,,
17100,3.000e-04,2.9310,2.929352176189423,
17101,3.000e-04,2.9325,,
17102,3.000e-04,2.9188,,
17103,3.000e-04,2.9270,,
17104,3.000e-04,2.8993,,
17105,3.000e-04,2.9041,,
17106,3.000e-04,2.9148,,
17107,3.000e-04,2.8992,,
17108,3.000e-04,2.8778,,
17109,3.000e-04,2.9002,,
17110,3.000e-04,2.8827,,
17111,3.000e-04,2.9403,,
17112,3.000e-04,2.9066,,
17113,3.000e-04,2.9473,,
17114,3.000e-04,2.9291,,
17115,3.000e-04,2.8947,,
17116,3.000e-04,2.9520,,
17117,3.000e-04,2.9102,,
17118,3.000e-04,2.8988,,
17119,3.000e-04,2.9172,,
17120,3.000e-04,2.9238,,
17121,3.000e-04,2.9388,,
17122,3.000e-04,2.9048,,
17123,3.000e-04,2.9318,,
17124,3.000e-04,2.9441,,
17125,3.000e-04,2.9293,,
17126,3.000e-04,2.9383,,
17127,3.000e-04,2.9395,,
17128,3.000e-04,2.9450,,
17129,3.000e-04,2.9293,,
17130,3.000e-04,2.9129,,
17131,3.000e-04,2.9600,,
17132,3.000e-04,2.9285,,
17133,3.000e-04,2.9386,,
17134,3.000e-04,2.9163,,
17135,3.000e-04,2.9374,,
17136,3.000e-04,2.9736,,
17137,3.000e-04,2.9150,,
17138,3.000e-04,2.9346,,
17139,3.000e-04,2.9449,,
17140,3.000e-04,2.9321,,
17141,3.000e-04,2.9420,,
17142,3.000e-04,2.9496,,
17143,3.000e-04,2.9348,,
17144,3.000e-04,2.9361,,
17145,3.000e-04,2.9350,,
17146,3.000e-04,2.9011,,
17147,3.000e-04,2.9586,,
17148,3.000e-04,2.9537,,
17149,3.000e-04,2.9177,,
17150,3.000e-04,2.9215,,
17151,3.000e-04,2.8898,,
17152,3.000e-04,2.9358,,
17153,3.000e-04,2.9223,,
17154,3.000e-04,2.9514,,
17155,3.000e-04,2.9584,,
17156,3.000e-04,2.9195,,
17157,3.000e-04,2.9789,,
17158,3.000e-04,2.9508,,
17159,3.000e-04,2.9476,,
17160,3.000e-04,2.8974,,
17161,3.000e-04,2.9390,,
17162,3.000e-04,2.9437,,
17163,3.000e-04,2.9016,,
17164,3.000e-04,2.9430,,
17165,3.000e-04,2.9610,,
17166,3.000e-04,2.9504,,
17167,3.000e-04,2.8919,,
17168,3.000e-04,2.9334,,
17169,3.000e-04,2.9528,,
17170,3.000e-04,2.9246,,
17171,3.000e-04,2.8972,,
17172,3.000e-04,2.9332,,
17173,3.000e-04,2.9214,,
17174,3.000e-04,2.8730,,
17175,3.000e-04,2.9097,,
17176,3.000e-04,2.9367,,
17177,3.000e-04,2.9513,,
17178,3.000e-04,2.9568,,
17179,3.000e-04,2.9125,,
17180,3.000e-04,2.9447,,
17181,3.000e-04,2.9359,,
17182,3.000e-04,2.9068,,
17183,3.000e-04,2.9287,,
17184,3.000e-04,2.9090,,
17185,3.000e-04,2.9734,,
17186,3.000e-04,2.9140,,
17187,3.000e-04,2.9229,,
17188,3.000e-04,2.9086,,
17189,3.000e-04,2.9169,,
17190,3.000e-04,2.8989,,
17191,3.000e-04,2.9227,,
17192,3.000e-04,2.9232,,
17193,3.000e-04,2.9383,,
17194,3.000e-04,2.9138,,
17195,3.000e-04,2.9492,,
17196,3.000e-04,2.9413,,
17197,3.000e-04,2.9242,,
17198,3.000e-04,2.9351,,
17199,3.000e-04,2.8895,,
17200,3.000e-04,2.9226,2.842941629886627,
17201,3.000e-04,2.9281,,
17202,3.000e-04,2.9568,,
17203,3.000e-04,2.9456,,
17204,3.000e-04,2.9318,,
17205,3.000e-04,2.9404,,
17206,3.000e-04,2.9109,,
17207,3.000e-04,2.9517,,
17208,3.000e-04,2.8921,,
17209,3.000e-04,2.9060,,
17210,3.000e-04,2.9530,,
17211,3.000e-04,2.9513,,
17212,3.000e-04,2.9102,,
17213,3.000e-04,2.9363,,
17214,3.000e-04,2.9060,,
17215,3.000e-04,2.9464,,
17216,3.000e-04,2.9378,,
17217,3.000e-04,2.9201,,
17218,3.000e-04,2.9333,,
17219,3.000e-04,2.9113,,
17220,3.000e-04,2.9344,,
17221,3.000e-04,2.9071,,
17222,3.000e-04,2.9204,,
17223,3.000e-04,2.9530,,
17224,3.000e-04,2.9425,,
17225,3.000e-04,2.9299,,
17226,3.000e-04,2.9093,,
17227,3.000e-04,2.9042,,
17228,3.000e-04,2.9428,,
17229,3.000e-04,2.9334,,
17230,3.000e-04,2.9136,,
17231,3.000e-04,2.9133,,
17232,3.000e-04,2.8971,,
17233,3.000e-04,2.9177,,
17234,3.000e-04,2.9243,,
17235,3.000e-04,2.9376,,
17236,3.000e-04,2.9121,,
17237,3.000e-04,2.9626,,
17238,3.000e-04,2.9885,,
17239,3.000e-04,2.8997,,
17240,3.000e-04,2.9029,,
17241,3.000e-04,2.9217,,
17242,3.000e-04,2.9531,,
17243,3.000e-04,2.8999,,
17244,3.000e-04,2.9245,,
17245,3.000e-04,2.9134,,
17246,3.000e-04,2.8966,,
17247,3.000e-04,2.9345,,
17248,3.000e-04,2.9392,,
17249,3.000e-04,2.9243,,
17250,3.000e-04,2.9364,,
17251,3.000e-04,2.9076,,
17252,3.000e-04,2.9169,,
17253,3.000e-04,2.9233,,
17254,3.000e-04,2.9288,,
17255,3.000e-04,2.9003,,
17256,3.000e-04,2.9546,,
17257,3.000e-04,2.9517,,
17258,3.000e-04,2.9222,,
17259,3.000e-04,2.9361,,
17260,3.000e-04,2.9097,,
17261,3.000e-04,2.9559,,
17262,3.000e-04,2.9261,,
17263,3.000e-04,2.9643,,
17264,3.000e-04,2.9500,,
17265,3.000e-04,2.9251,,
17266,3.000e-04,2.9204,,
17267,3.000e-04,2.9596,,
17268,3.000e-04,2.9617,,
17269,3.000e-04,2.9308,,
17270,3.000e-04,2.9765,,
17271,3.000e-04,2.9329,,
17272,3.000e-04,2.9274,,
17273,3.000e-04,2.9658,,
17274,3.000e-04,2.9213,,
17275,3.000e-04,2.9105,,
17276,3.000e-04,2.9399,,
17277,3.000e-04,2.9791,,
17278,3.000e-04,2.9315,,
17279,3.000e-04,2.9567,,
17280,3.000e-04,2.9458,,
17281,3.000e-04,2.8836,,
17282,3.000e-04,2.9342,,
17283,3.000e-04,2.9788,,
17284,3.000e-04,2.9468,,
17285,3.000e-04,2.9074,,
17286,3.000e-04,2.9476,,
17287,3.000e-04,2.8927,,
17288,3.000e-04,2.9591,,
17289,3.000e-04,2.9109,,
17290,3.000e-04,2.9358,,
17291,3.000e-04,2.9093,,
17292,3.000e-04,2.9207,,
17293,3.000e-04,2.9647,,
17294,3.000e-04,2.9222,,
17295,3.000e-04,2.9008,,
17296,3.000e-04,2.9157,,
17297,3.000e-04,2.9432,,
17298,3.000e-04,2.9046,,
17299,3.000e-04,2.8998,,
17300,3.000e-04,2.9683,2.893873417377472,
17301,3.000e-04,2.9043,,
17302,3.000e-04,2.9444,,
17303,3.000e-04,2.9224,,
17304,3.000e-04,2.9245,,
17305,3.000e-04,2.9084,,
17306,3.000e-04,2.9321,,
17307,3.000e-04,2.9070,,
17308,3.000e-04,2.9361,,
17309,3.000e-04,2.9159,,
17310,3.000e-04,2.9089,,
17311,3.000e-04,2.9224,,
17312,3.000e-04,2.9268,,
17313,3.000e-04,2.9072,,
17314,3.000e-04,2.9468,,
17315,3.000e-04,2.9371,,
17316,3.000e-04,2.9631,,
17317,3.000e-04,2.9105,,
17318,3.000e-04,2.9260,,
17319,3.000e-04,2.9382,,
17320,3.000e-04,2.9423,,
17321,3.000e-04,2.9028,,
17322,3.000e-04,2.9336,,
17323,3.000e-04,2.9550,,
17324,3.000e-04,2.9045,,
17325,3.000e-04,2.9274,,
17326,3.000e-04,2.9091,,
17327,3.000e-04,2.9165,,
17328,3.000e-04,2.9325,,
17329,3.000e-04,2.9293,,
17330,3.000e-04,2.9069,,
17331,3.000e-04,2.9387,,
17332,3.000e-04,2.9449,,
17333,3.000e-04,2.8914,,
17334,3.000e-04,2.9278,,
17335,3.000e-04,2.9416,,
17336,3.000e-04,2.9199,,
17337,3.000e-04,2.9249,,
17338,3.000e-04,2.9058,,
17339,3.000e-04,2.9328,,
17340,3.000e-04,2.9218,,
17341,3.000e-04,2.9591,,
17342,3.000e-04,2.8971,,
17343,3.000e-04,2.9200,,
17344,3.000e-04,2.9117,,
17345,3.000e-04,2.9547,,
17346,3.000e-04,2.9453,,
17347,3.000e-04,2.9194,,
17348,3.000e-04,2.9388,,
17349,3.000e-04,2.9368,,
17350,3.000e-04,2.9388,,
17351,3.000e-04,2.9325,,
17352,3.000e-04,2.9107,,
17353,3.000e-04,2.9256,,
17354,3.000e-04,2.8689,,
17355,3.000e-04,2.9202,,
17356,3.000e-04,2.9229,,
17357,3.000e-04,2.9438,,
17358,3.000e-04,2.9400,,
17359,3.000e-04,2.9420,,
17360,3.000e-04,2.9589,,
17361,3.000e-04,2.9155,,
17362,3.000e-04,2.9171,,
17363,3.000e-04,2.8734,,
17364,3.000e-04,2.9437,,
17365,3.000e-04,2.9174,,
17366,3.000e-04,2.9463,,
17367,3.000e-04,2.9179,,
17368,3.000e-04,2.9103,,
17369,3.000e-04,2.9275,,
17370,3.000e-04,2.9287,,
17371,3.000e-04,2.9310,,
17372,3.000e-04,2.9278,,
17373,3.000e-04,2.9569,,
17374,3.000e-04,2.9087,,
17375,3.000e-04,2.9641,,
17376,3.000e-04,2.9110,,
17377,3.000e-04,2.9069,,
17378,3.000e-04,2.9224,,
17379,3.000e-04,2.9324,,
17380,3.000e-04,2.9026,,
17381,3.000e-04,2.9153,,
17382,3.000e-04,2.9118,,
17383,3.000e-04,2.9242,,
17384,3.000e-04,2.9412,,
17385,3.000e-04,2.9102,,
17386,3.000e-04,2.9427,,
17387,3.000e-04,2.9168,,
17388,3.000e-04,2.9679,,
17389,3.000e-04,2.9018,,
17390,3.000e-04,2.9467,,
17391,3.000e-04,2.9078,,
17392,3.000e-04,2.9496,,
17393,3.000e-04,2.9639,,
17394,3.000e-04,2.8987,,
17395,3.000e-04,2.8762,,
17396,3.000e-04,2.9081,,
17397,3.000e-04,2.9513,,
17398,3.000e-04,2.9374,,
17399,3.000e-04,2.9092,,
17400,3.000e-04,2.9166,2.9102742433547975,
17401,3.000e-04,2.9230,,
17402,3.000e-04,2.9037,,
17403,3.000e-04,2.9416,,
17404,3.000e-04,2.9247,,
17405,3.000e-04,2.9189,,
17406,3.000e-04,2.9211,,
17407,3.000e-04,2.9295,,
17408,3.000e-04,2.8959,,
17409,3.000e-04,2.9346,,
17410,3.000e-04,2.9115,,
17411,3.000e-04,2.9570,,
17412,3.000e-04,2.9345,,
17413,3.000e-04,2.9488,,
17414,3.000e-04,2.9078,,
17415,3.000e-04,2.9171,,
17416,3.000e-04,2.9542,,
17417,3.000e-04,2.9382,,
17418,3.000e-04,2.8925,,
17419,3.000e-04,2.9190,,
17420,3.000e-04,2.8897,,
17421,3.000e-04,2.9530,,
17422,3.000e-04,2.9355,,
17423,3.000e-04,2.9150,,
17424,3.000e-04,2.9877,,
17425,3.000e-04,2.9414,,
17426,3.000e-04,2.9312,,
17427,3.000e-04,2.9390,,
17428,3.000e-04,2.9236,,
17429,3.000e-04,2.9249,,
17430,3.000e-04,2.9341,,
17431,3.000e-04,2.9202,,
17432,3.000e-04,2.9183,,
17433,3.000e-04,2.9256,,
17434,3.000e-04,2.9222,,
17435,3.000e-04,2.9611,,
17436,3.000e-04,2.9345,,
17437,3.000e-04,2.9296,,
17438,3.000e-04,2.9244,,
17439,3.000e-04,2.9418,,
17440,3.000e-04,2.9320,,
17441,3.000e-04,2.9406,,
17442,3.000e-04,2.8984,,
17443,3.000e-04,2.9557,,
17444,3.000e-04,2.9228,,
17445,3.000e-04,2.9181,,
17446,3.000e-04,2.9489,,
17447,3.000e-04,2.9593,,
17448,3.000e-04,2.9324,,
17449,3.000e-04,2.9160,,
17450,3.000e-04,2.8993,,
17451,3.000e-04,2.9046,,
17452,3.000e-04,2.9227,,
17453,3.000e-04,2.9338,,
17454,3.000e-04,2.9137,,
17455,3.000e-04,2.9365,,
17456,3.000e-04,2.8962,,
17457,3.000e-04,2.9741,,
17458,3.000e-04,2.9121,,
17459,3.000e-04,2.9008,,
17460,3.000e-04,2.9606,,
17461,3.000e-04,2.9283,,
17462,3.000e-04,2.9418,,
17463,3.000e-04,2.9297,,
17464,3.000e-04,2.8806,,
17465,3.000e-04,2.9212,,
17466,3.000e-04,2.9138,,
17467,3.000e-04,2.9241,,
17468,3.000e-04,2.9534,,
17469,3.000e-04,2.9429,,
17470,3.000e-04,2.9116,,
17471,3.000e-04,2.9012,,
17472,3.000e-04,2.9262,,
17473,3.000e-04,2.9224,,
17474,3.000e-04,2.9635,,
17475,3.000e-04,2.9441,,
17476,3.000e-04,2.9040,,
17477,3.000e-04,2.9251,,
17478,3.000e-04,2.9067,,
17479,3.000e-04,2.9318,,
17480,3.000e-04,2.9384,,
17481,3.000e-04,2.9261,,
17482,3.000e-04,2.9001,,
17483,3.000e-04,2.9064,,
17484,3.000e-04,2.9306,,
17485,3.000e-04,2.9420,,
17486,3.000e-04,2.9373,,
17487,3.000e-04,2.9205,,
17488,3.000e-04,2.9143,,
17489,3.000e-04,2.9372,,
17490,3.000e-04,2.9702,,
17491,3.000e-04,2.9353,,
17492,3.000e-04,2.9312,,
17493,3.000e-04,2.9361,,
17494,3.000e-04,2.9320,,
17495,3.000e-04,2.9592,,
17496,3.000e-04,2.9065,,
17497,3.000e-04,2.9103,,
17498,3.000e-04,2.9082,,
17499,3.000e-04,2.9238,,
17500,3.000e-04,2.8798,2.7385791420936583,
17501,3.000e-04,2.9442,,
17502,3.000e-04,2.9300,,
17503,3.000e-04,2.9386,,
17504,3.000e-04,2.9379,,
17505,3.000e-04,2.9465,,
17506,3.000e-04,2.9423,,
17507,3.000e-04,2.9024,,
17508,3.000e-04,2.9171,,
17509,3.000e-04,2.9320,,
17510,3.000e-04,2.9045,,
17511,3.000e-04,2.8845,,
17512,3.000e-04,2.9444,,
17513,3.000e-04,2.9017,,
17514,3.000e-04,2.8933,,
17515,3.000e-04,2.8860,,
17516,3.000e-04,2.9231,,
17517,3.000e-04,2.9615,,
17518,3.000e-04,2.9040,,
17519,3.000e-04,2.8913,,
17520,3.000e-04,2.9036,,
17521,3.000e-04,2.9264,,
17522,3.000e-04,2.9362,,
17523,3.000e-04,2.8918,,
17524,3.000e-04,2.8794,,
17525,3.000e-04,2.8866,,
17526,3.000e-04,2.9151,,
17527,3.000e-04,2.9859,,
17528,3.000e-04,2.9281,,
17529,3.000e-04,2.9520,,
17530,3.000e-04,2.9162,,
17531,3.000e-04,2.9079,,
17532,3.000e-04,2.9622,,
17533,3.000e-04,2.9579,,
17534,3.000e-04,2.9178,,
17535,3.000e-04,2.8903,,
17536,3.000e-04,2.9481,,
17537,3.000e-04,2.9196,,
17538,3.000e-04,2.8897,,
17539,3.000e-04,2.9324,,
17540,3.000e-04,2.9103,,
17541,3.000e-04,2.9072,,
17542,3.000e-04,2.8937,,
17543,3.000e-04,2.9138,,
17544,3.000e-04,2.9397,,
17545,3.000e-04,2.9397,,
17546,3.000e-04,2.9359,,
17547,3.000e-04,2.9069,,
17548,3.000e-04,2.9445,,
17549,3.000e-04,2.9209,,
17550,3.000e-04,2.9104,,
17551,3.000e-04,2.9424,,
17552,3.000e-04,2.9274,,
17553,3.000e-04,2.9058,,
17554,3.000e-04,2.9088,,
17555,3.000e-04,2.9211,,
17556,3.000e-04,2.9035,,
17557,3.000e-04,2.9843,,
17558,3.000e-04,2.9380,,
17559,3.000e-04,2.9397,,
17560,3.000e-04,2.9333,,
17561,3.000e-04,2.9294,,
17562,3.000e-04,2.9259,,
17563,3.000e-04,2.9212,,
17564,3.000e-04,2.9255,,
17565,3.000e-04,2.9292,,
17566,3.000e-04,2.9664,,
17567,3.000e-04,2.8990,,
17568,3.000e-04,2.9177,,
17569,3.000e-04,2.9331,,
17570,3.000e-04,2.9133,,
17571,3.000e-04,2.9248,,
17572,3.000e-04,2.9102,,
17573,3.000e-04,2.9284,,
17574,3.000e-04,2.9039,,
17575,3.000e-04,2.9565,,
17576,3.000e-04,2.9538,,
17577,3.000e-04,2.9188,,
17578,3.000e-04,2.8954,,
17579,3.000e-04,2.9231,,
17580,3.000e-04,2.8930,,
17581,3.000e-04,2.8997,,
17582,3.000e-04,2.8737,,
17583,3.000e-04,2.9029,,
17584,3.000e-04,2.9061,,
17585,3.000e-04,2.9711,,
17586,3.000e-04,2.9494,,
17587,3.000e-04,2.8968,,
17588,3.000e-04,2.9352,,
17589,3.000e-04,2.9388,,
17590,3.000e-04,2.8871,,
17591,3.000e-04,2.8903,,
17592,3.000e-04,2.8959,,
17593,3.000e-04,2.9443,,
17594,3.000e-04,2.9468,,
17595,3.000e-04,2.9045,,
17596,3.000e-04,2.9149,,
17597,3.000e-04,2.9556,,
17598,3.000e-04,2.9596,,
17599,3.000e-04,2.9523,,
17600,3.000e-04,2.9282,2.800564336776733,
17601,3.000e-04,2.9305,,
17602,3.000e-04,2.9580,,
17603,3.000e-04,2.9069,,
17604,3.000e-04,2.8919,,
17605,3.000e-04,2.9571,,
17606,3.000e-04,2.9180,,
17607,3.000e-04,2.8784,,
17608,3.000e-04,2.9487,,
17609,3.000e-04,2.9056,,
17610,3.000e-04,2.9317,,
17611,3.000e-04,2.9114,,
17612,3.000e-04,2.9229,,
17613,3.000e-04,2.9630,,
17614,3.000e-04,2.9278,,
17615,3.000e-04,2.9366,,
17616,3.000e-04,2.8899,,
17617,3.000e-04,2.9045,,
17618,3.000e-04,2.8770,,
17619,3.000e-04,2.9091,,
17620,3.000e-04,2.9315,,
17621,3.000e-04,2.8981,,
17622,3.000e-04,2.8808,,
17623,3.000e-04,2.9070,,
17624,3.000e-04,2.9251,,
17625,3.000e-04,2.8849,,
17626,3.000e-04,2.9037,,
17627,3.000e-04,2.9414,,
17628,3.000e-04,2.9452,,
17629,3.000e-04,2.9141,,
17630,3.000e-04,2.9348,,
17631,3.000e-04,2.8903,,
17632,3.000e-04,2.9395,,
17633,3.000e-04,2.8795,,
17634,3.000e-04,2.8820,,
17635,3.000e-04,2.9032,,
17636,3.000e-04,2.8865,,
17637,3.000e-04,2.8836,,
17638,3.000e-04,2.9268,,
17639,3.000e-04,2.8991,,
17640,3.000e-04,2.9135,,
17641,3.000e-04,2.9252,,
17642,3.000e-04,2.9132,,
17643,3.000e-04,2.9351,,
17644,3.000e-04,2.9510,,
17645,3.000e-04,2.9298,,
17646,3.000e-04,2.9223,,
17647,3.000e-04,2.9154,,
17648,3.000e-04,2.9442,,
17649,3.000e-04,2.9003,,
17650,3.000e-04,2.9142,,
17651,3.000e-04,2.9103,,
17652,3.000e-04,2.9116,,
17653,3.000e-04,2.9084,,
17654,3.000e-04,2.9526,,
17655,3.000e-04,2.8923,,
17656,3.000e-04,2.9529,,
17657,3.000e-04,2.9454,,
17658,3.000e-04,2.9434,,
17659,3.000e-04,2.8831,,
17660,3.000e-04,2.8860,,
17661,3.000e-04,2.9086,,
17662,3.000e-04,2.9358,,
17663,3.000e-04,2.9061,,
17664,3.000e-04,2.9279,,
17665,3.000e-04,2.8954,,
17666,3.000e-04,2.9370,,
17667,3.000e-04,2.9484,,
17668,3.000e-04,2.9099,,
17669,3.000e-04,2.9098,,
17670,3.000e-04,2.8867,,
17671,3.000e-04,2.9617,,
17672,3.000e-04,2.9190,,
17673,3.000e-04,2.9361,,
17674,3.000e-04,2.9279,,
17675,3.000e-04,2.9214,,
17676,3.000e-04,2.9299,,
17677,3.000e-04,2.9054,,
17678,3.000e-04,2.9620,,
17679,3.000e-04,2.9053,,
17680,3.000e-04,2.9146,,
17681,3.000e-04,2.8705,,
17682,3.000e-04,2.9069,,
17683,3.000e-04,2.8880,,
17684,3.000e-04,2.9274,,
17685,3.000e-04,2.8874,,
17686,3.000e-04,2.9221,,
17687,3.000e-04,2.9504,,
17688,3.000e-04,2.9354,,
17689,3.000e-04,2.8887,,
17690,3.000e-04,2.8944,,
17691,3.000e-04,2.9535,,
17692,3.000e-04,2.9020,,
17693,3.000e-04,2.9168,,
17694,3.000e-04,2.9472,,
17695,3.000e-04,2.8866,,
17696,3.000e-04,2.9415,,
17697,3.000e-04,2.8774,,
17698,3.000e-04,2.8604,,
17699,3.000e-04,2.8837,,
17700,3.000e-04,2.8985,2.8535439491271974,
17701,3.000e-04,2.9232,,
17702,3.000e-04,2.9467,,
17703,3.000e-04,2.9375,,
17704,3.000e-04,2.9042,,
17705,3.000e-04,2.9321,,
17706,3.000e-04,2.9283,,
17707,3.000e-04,2.9279,,
17708,3.000e-04,2.9430,,
17709,3.000e-04,2.9670,,
17710,3.000e-04,2.9241,,
17711,3.000e-04,2.8884,,
17712,3.000e-04,2.8873,,
17713,3.000e-04,2.9492,,
17714,3.000e-04,2.9112,,
17715,3.000e-04,2.9569,,
17716,3.000e-04,2.9132,,
17717,3.000e-04,2.9639,,
17718,3.000e-04,2.9083,,
17719,3.000e-04,2.9045,,
17720,3.000e-04,2.9384,,
17721,3.000e-04,2.9144,,
17722,3.000e-04,2.9309,,
17723,3.000e-04,2.9159,,
17724,3.000e-04,2.8893,,
17725,3.000e-04,2.8921,,
17726,3.000e-04,2.9543,,
17727,3.000e-04,2.8718,,
17728,3.000e-04,2.9372,,
17729,3.000e-04,2.8897,,
17730,3.000e-04,2.9631,,
17731,3.000e-04,2.9344,,
17732,3.000e-04,2.8831,,
17733,3.000e-04,2.8626,,
17734,3.000e-04,2.9234,,
17735,3.000e-04,2.9329,,
17736,3.000e-04,2.8929,,
17737,3.000e-04,2.9278,,
17738,3.000e-04,2.8929,,
17739,3.000e-04,2.9352,,
17740,3.000e-04,2.9155,,
17741,3.000e-04,2.9429,,
17742,3.000e-04,2.9318,,
17743,3.000e-04,2.9380,,
17744,3.000e-04,2.8926,,
17745,3.000e-04,2.9070,,
17746,3.000e-04,2.9322,,
17747,3.000e-04,2.8870,,
17748,3.000e-04,2.9072,,
17749,3.000e-04,2.9379,,
17750,3.000e-04,2.9072,,
17751,3.000e-04,2.9003,,
17752,3.000e-04,2.9452,,
17753,3.000e-04,2.9294,,
17754,3.000e-04,2.9156,,
17755,3.000e-04,2.9219,,
17756,3.000e-04,2.8748,,
17757,3.000e-04,2.9292,,
17758,3.000e-04,2.8908,,
17759,3.000e-04,2.8944,,
17760,3.000e-04,2.9247,,
17761,3.000e-04,2.9315,,
17762,3.000e-04,2.9222,,
17763,3.000e-04,2.9584,,
17764,3.000e-04,2.9121,,
17765,3.000e-04,2.9294,,
17766,3.000e-04,2.9638,,
17767,3.000e-04,2.9370,,
17768,3.000e-04,2.9411,,
17769,3.000e-04,2.9314,,
17770,3.000e-04,2.9553,,
17771,3.000e-04,2.9288,,
17772,3.000e-04,2.9115,,
17773,3.000e-04,2.9222,,
17774,3.000e-04,2.9038,,
17775,3.000e-04,2.9671,,
17776,3.000e-04,2.9213,,
17777,3.000e-04,2.9013,,
17778,3.000e-04,2.9051,,
17779,3.000e-04,2.9528,,
17780,3.000e-04,2.9472,,
17781,3.000e-04,2.9271,,
17782,3.000e-04,2.9160,,
17783,3.000e-04,2.9349,,
17784,3.000e-04,2.9357,,
17785,3.000e-04,2.9519,,
17786,3.000e-04,2.9017,,
17787,3.000e-04,2.8866,,
17788,3.000e-04,2.9161,,
17789,3.000e-04,2.9294,,
17790,3.000e-04,2.8787,,
17791,3.000e-04,2.8824,,
17792,3.000e-04,2.9256,,
17793,3.000e-04,2.9336,,
17794,3.000e-04,2.9176,,
17795,3.000e-04,2.9343,,
17796,3.000e-04,2.9112,,
17797,3.000e-04,2.9823,,
17798,3.000e-04,2.9149,,
17799,3.000e-04,2.9373,,
17800,3.000e-04,2.8833,2.8514047861099243,
17801,3.000e-04,2.8831,,
17802,3.000e-04,2.9201,,
17803,3.000e-04,2.9550,,
17804,3.000e-04,2.8667,,
17805,3.000e-04,2.9459,,
17806,3.000e-04,2.8863,,
17807,3.000e-04,2.9260,,
17808,3.000e-04,2.8973,,
17809,3.000e-04,2.9411,,
17810,3.000e-04,2.9594,,
17811,3.000e-04,2.8939,,
17812,3.000e-04,2.9407,,
17813,3.000e-04,2.9085,,
17814,3.000e-04,2.8657,,
17815,3.000e-04,2.9190,,
17816,3.000e-04,2.8958,,
17817,3.000e-04,2.9105,,
17818,3.000e-04,2.9027,,
17819,3.000e-04,2.8909,,
17820,3.000e-04,2.9365,,
17821,3.000e-04,2.9127,,
17822,3.000e-04,2.8870,,
17823,3.000e-04,2.9167,,
17824,3.000e-04,2.9104,,
17825,3.000e-04,2.8891,,
17826,3.000e-04,2.9203,,
17827,3.000e-04,2.8957,,
17828,3.000e-04,2.9446,,
17829,3.000e-04,2.9462,,
17830,3.000e-04,2.9164,,
17831,3.000e-04,2.9096,,
17832,3.000e-04,2.9496,,
17833,3.000e-04,2.9203,,
17834,3.000e-04,2.9372,,
17835,3.000e-04,2.9252,,
17836,3.000e-04,2.9061,,
17837,3.000e-04,2.9311,,
17838,3.000e-04,2.8576,,
17839,3.000e-04,2.8941,,
17840,3.000e-04,2.9222,,
17841,3.000e-04,2.9322,,
17842,3.000e-04,2.9174,,
17843,3.000e-04,2.9266,,
17844,3.000e-04,2.9162,,
17845,3.000e-04,2.9539,,
17846,3.000e-04,2.9192,,
17847,3.000e-04,2.9050,,
17848,3.000e-04,2.9080,,
17849,3.000e-04,2.9046,,
17850,3.000e-04,2.9241,,
17851,3.000e-04,2.9330,,
17852,3.000e-04,2.9160,,
17853,3.000e-04,2.8879,,
17854,3.000e-04,2.9610,,
17855,3.000e-04,2.8920,,
17856,3.000e-04,2.9161,,
17857,3.000e-04,2.9515,,
17858,3.000e-04,2.8968,,
17859,3.000e-04,2.9132,,
17860,3.000e-04,2.9761,,
17861,3.000e-04,2.9020,,
17862,3.000e-04,2.9444,,
17863,3.000e-04,2.9382,,
17864,3.000e-04,2.9270,,
17865,3.000e-04,2.9592,,
17866,3.000e-04,2.9148,,
17867,3.000e-04,2.9307,,
17868,3.000e-04,2.9098,,
17869,3.000e-04,2.9499,,
17870,3.000e-04,2.9069,,
17871,3.000e-04,2.9220,,
17872,3.000e-04,2.8923,,
17873,3.000e-04,2.9135,,
17874,3.000e-04,2.9053,,
17875,3.000e-04,2.8467,,
17876,3.000e-04,2.9235,,
17877,3.000e-04,2.8625,,
17878,3.000e-04,2.8998,,
17879,3.000e-04,2.9346,,
17880,3.000e-04,2.9057,,
17881,3.000e-04,2.9439,,
17882,3.000e-04,2.9231,,
17883,3.000e-04,2.9159,,
17884,3.000e-04,2.9391,,
17885,3.000e-04,2.9407,,
17886,3.000e-04,2.9113,,
17887,3.000e-04,2.9404,,
17888,3.000e-04,2.9369,,
17889,3.000e-04,2.9302,,
17890,3.000e-04,2.9070,,
17891,3.000e-04,2.9487,,
17892,3.000e-04,2.9064,,
17893,3.000e-04,2.9371,,
17894,3.000e-04,2.9180,,
17895,3.000e-04,2.9206,,
17896,3.000e-04,2.9624,,
17897,3.000e-04,2.9412,,
17898,3.000e-04,2.8993,,
17899,3.000e-04,2.9008,,
17900,3.000e-04,2.9250,2.861710715293884,
17901,3.000e-04,2.9306,,
17902,3.000e-04,2.9390,,
17903,3.000e-04,2.8900,,
17904,3.000e-04,2.8883,,
17905,3.000e-04,2.9161,,
17906,3.000e-04,2.8977,,
17907,3.000e-04,2.9474,,
17908,3.000e-04,2.8800,,
17909,3.000e-04,2.9384,,
17910,3.000e-04,2.8967,,
17911,3.000e-04,2.9393,,
17912,3.000e-04,2.9351,,
17913,3.000e-04,2.9301,,
17914,3.000e-04,2.9192,,
17915,3.000e-04,2.9019,,
17916,3.000e-04,2.8946,,
17917,3.000e-04,2.8963,,
17918,3.000e-04,2.9376,,
17919,3.000e-04,2.8884,,
17920,3.000e-04,2.9224,,
17921,3.000e-04,2.9222,,
17922,3.000e-04,2.8695,,
17923,3.000e-04,2.9160,,
17924,3.000e-04,2.9050,,
17925,3.000e-04,2.9488,,
17926,3.000e-04,2.9154,,
17927,3.000e-04,2.9066,,
17928,3.000e-04,2.8878,,
17929,3.000e-04,2.8887,,
17930,3.000e-04,2.9392,,
17931,3.000e-04,2.9011,,
17932,3.000e-04,2.9553,,
17933,3.000e-04,2.9230,,
17934,3.000e-04,2.9148,,
17935,3.000e-04,2.9022,,
17936,3.000e-04,2.9347,,
17937,3.000e-04,2.9064,,
17938,3.000e-04,2.9223,,
17939,3.000e-04,2.9205,,
17940,3.000e-04,2.9259,,
17941,3.000e-04,2.9206,,
17942,3.000e-04,2.9179,,
17943,3.000e-04,2.9535,,
17944,3.000e-04,2.8974,,
17945,3.000e-04,2.8955,,
17946,3.000e-04,2.9170,,
17947,3.000e-04,2.8834,,
17948,3.000e-04,2.9242,,
17949,3.000e-04,2.9345,,
17950,3.000e-04,2.9203,,
17951,3.000e-04,2.8874,,
17952,3.000e-04,2.9075,,
17953,3.000e-04,2.9066,,
17954,3.000e-04,2.9310,,
17955,3.000e-04,2.9396,,
17956,3.000e-04,2.8693,,
17957,3.000e-04,2.9062,,
17958,3.000e-04,2.9427,,
17959,3.000e-04,2.9188,,
17960,3.000e-04,2.8911,,
17961,3.000e-04,2.8791,,
17962,3.000e-04,2.9002,,
17963,3.000e-04,2.9055,,
17964,3.000e-04,2.8937,,
17965,3.000e-04,2.9251,,
17966,3.000e-04,2.8974,,
17967,3.000e-04,2.9528,,
17968,3.000e-04,2.8804,,
17969,3.000e-04,2.9118,,
17970,3.000e-04,2.8816,,
17971,3.000e-04,2.9235,,
17972,3.000e-04,2.9013,,
17973,3.000e-04,2.9414,,
17974,3.000e-04,2.9633,,
17975,3.000e-04,2.9490,,
17976,3.000e-04,2.9486,,
17977,3.000e-04,2.9265,,
17978,3.000e-04,2.9510,,
17979,3.000e-04,2.9104,,
17980,3.000e-04,2.8929,,
17981,3.000e-04,2.9339,,
17982,3.000e-04,2.8892,,
17983,3.000e-04,2.9633,,
17984,3.000e-04,2.9396,,
17985,3.000e-04,2.9304,,
17986,3.000e-04,2.8859,,
17987,3.000e-04,2.9415,,
17988,3.000e-04,2.9018,,
17989,3.000e-04,2.9071,,
17990,3.000e-04,2.8712,,
17991,3.000e-04,2.9199,,
17992,3.000e-04,2.9123,,
17993,3.000e-04,2.9345,,
17994,3.000e-04,2.9537,,
17995,3.000e-04,2.9222,,
17996,3.000e-04,2.9107,,
17997,3.000e-04,2.9430,,
17998,3.000e-04,2.9139,,
17999,3.000e-04,2.8953,,
18000,3.000e-04,2.9440,2.835855096578598,
18001,3.000e-04,2.9092,,
18002,3.000e-04,2.9164,,
18003,3.000e-04,2.9422,,
18004,3.000e-04,2.9516,,
18005,3.000e-04,2.8942,,
18006,3.000e-04,2.9173,,
18007,3.000e-04,2.9328,,
18008,3.000e-04,2.9101,,
18009,3.000e-04,2.9190,,
18010,3.000e-04,2.9268,,
18011,3.000e-04,2.9222,,
18012,3.000e-04,2.9366,,
18013,3.000e-04,2.9234,,
18014,3.000e-04,2.8992,,
18015,3.000e-04,2.9504,,
18016,3.000e-04,2.8948,,
18017,3.000e-04,2.9512,,
18018,3.000e-04,2.8655,,
18019,3.000e-04,2.9418,,
18020,3.000e-04,2.8947,,
18021,3.000e-04,2.8981,,
18022,3.000e-04,2.9454,,
18023,3.000e-04,2.8983,,
18024,3.000e-04,2.9385,,
18025,3.000e-04,2.9499,,
18026,3.000e-04,2.9236,,
18027,3.000e-04,2.9378,,
18028,3.000e-04,2.8837,,
18029,3.000e-04,2.9321,,
18030,3.000e-04,2.9095,,
18031,3.000e-04,2.9657,,
18032,3.000e-04,2.9032,,
18033,3.000e-04,2.9028,,
18034,3.000e-04,2.8942,,
18035,3.000e-04,2.9074,,
18036,3.000e-04,2.9214,,
18037,3.000e-04,2.9346,,
18038,3.000e-04,2.9017,,
18039,3.000e-04,2.9842,,
18040,3.000e-04,2.9056,,
18041,3.000e-04,2.9338,,
18042,3.000e-04,2.8873,,
18043,3.000e-04,2.9093,,
18044,3.000e-04,2.9202,,
18045,3.000e-04,2.9125,,
18046,3.000e-04,2.9030,,
18047,3.000e-04,2.9758,,
18048,3.000e-04,2.9587,,
18049,3.000e-04,2.8953,,
18050,3.000e-04,2.9068,,
18051,3.000e-04,2.9232,,
18052,3.000e-04,2.9350,,
18053,3.000e-04,2.9533,,
18054,3.000e-04,2.8998,,
18055,3.000e-04,2.9156,,
18056,3.000e-04,2.9151,,
18057,3.000e-04,2.8811,,
18058,3.000e-04,2.9348,,
18059,3.000e-04,2.9051,,
18060,3.000e-04,2.8775,,
18061,3.000e-04,2.9351,,
18062,3.000e-04,2.9270,,
18063,3.000e-04,2.9074,,
18064,3.000e-04,2.9244,,
18065,3.000e-04,2.9140,,
18066,3.000e-04,2.9031,,
18067,3.000e-04,2.8861,,
18068,3.000e-04,2.9439,,
18069,3.000e-04,2.9284,,
18070,3.000e-04,2.9095,,
18071,3.000e-04,2.9427,,
18072,3.000e-04,2.9372,,
18073,3.000e-04,2.9250,,
18074,3.000e-04,2.9271,,
18075,3.000e-04,2.9702,,
18076,3.000e-04,2.9380,,
18077,3.000e-04,2.9029,,
18078,3.000e-04,2.9433,,
18079,3.000e-04,2.8872,,
18080,3.000e-04,2.9006,,
18081,3.000e-04,2.9226,,
18082,3.000e-04,2.9068,,
18083,3.000e-04,2.9575,,
18084,3.000e-04,2.9069,,
18085,3.000e-04,2.9213,,
18086,3.000e-04,2.9026,,
18087,3.000e-04,2.8548,,
18088,3.000e-04,2.9129,,
18089,3.000e-04,2.9417,,
18090,3.000e-04,2.8878,,
18091,3.000e-04,2.9150,,
18092,3.000e-04,2.8972,,
18093,3.000e-04,2.8986,,
18094,3.000e-04,2.9504,,
18095,3.000e-04,2.9206,,
18096,3.000e-04,2.8890,,
18097,3.000e-04,2.9315,,
18098,3.000e-04,2.8939,,
18099,3.000e-04,2.9280,,
18100,3.000e-04,2.9380,2.9873206853866576,
18101,3.000e-04,2.8928,,
18102,3.000e-04,2.9255,,
18103,3.000e-04,2.9023,,
18104,3.000e-04,2.9283,,
18105,3.000e-04,2.9122,,
18106,3.000e-04,2.9079,,
18107,3.000e-04,2.8734,,
18108,3.000e-04,2.9421,,
18109,3.000e-04,2.9249,,
18110,3.000e-04,2.9072,,
18111,3.000e-04,2.8779,,
18112,3.000e-04,2.9050,,
18113,3.000e-04,2.9193,,
18114,3.000e-04,2.9078,,
18115,3.000e-04,2.9289,,
18116,3.000e-04,2.9276,,
18117,3.000e-04,2.8797,,
18118,3.000e-04,2.9205,,
18119,3.000e-04,2.9394,,
18120,3.000e-04,2.8925,,
18121,3.000e-04,2.9477,,
18122,3.000e-04,2.8681,,
18123,3.000e-04,2.9501,,
18124,3.000e-04,2.9139,,
18125,3.000e-04,2.8719,,
18126,3.000e-04,2.9185,,
18127,3.000e-04,2.8966,,
18128,3.000e-04,2.9326,,
18129,3.000e-04,2.9274,,
18130,3.000e-04,2.9345,,
18131,3.000e-04,2.9058,,
18132,3.000e-04,2.9247,,
18133,3.000e-04,2.9075,,
18134,3.000e-04,2.9215,,
18135,3.000e-04,2.9333,,
18136,3.000e-04,2.9675,,
18137,3.000e-04,2.9475,,
18138,3.000e-04,2.9299,,
18139,3.000e-04,2.9463,,
18140,3.000e-04,2.8718,,
18141,3.000e-04,2.9426,,
18142,3.000e-04,2.9709,,
18143,3.000e-04,2.8910,,
18144,3.000e-04,2.8983,,
18145,3.000e-04,2.9021,,
18146,3.000e-04,2.8853,,
18147,3.000e-04,2.9310,,
18148,3.000e-04,2.9241,,
18149,3.000e-04,2.8632,,
18150,3.000e-04,2.8998,,
18151,3.000e-04,2.9585,,
18152,3.000e-04,2.9005,,
18153,3.000e-04,2.8985,,
18154,3.000e-04,2.9040,,
18155,3.000e-04,2.9234,,
18156,3.000e-04,2.9375,,
18157,3.000e-04,2.9433,,
18158,3.000e-04,2.9263,,
18159,3.000e-04,2.9685,,
18160,3.000e-04,2.9317,,
18161,3.000e-04,2.9414,,
18162,3.000e-04,2.8848,,
18163,3.000e-04,2.8657,,
18164,3.000e-04,2.9292,,
18165,3.000e-04,2.9159,,
18166,3.000e-04,2.9585,,
18167,3.000e-04,2.9245,,
18168,3.000e-04,2.9367,,
18169,3.000e-04,2.9579,,
18170,3.000e-04,2.9256,,
18171,3.000e-04,2.9324,,
18172,3.000e-04,2.9156,,
18173,3.000e-04,2.8935,,
18174,3.000e-04,2.8889,,
18175,3.000e-04,2.8860,,
18176,3.000e-04,2.9114,,
18177,3.000e-04,2.8848,,
18178,3.000e-04,2.9010,,
18179,3.000e-04,2.8587,,
18180,3.000e-04,2.9219,,
18181,3.000e-04,2.9208,,
18182,3.000e-04,2.9357,,
18183,3.000e-04,2.9417,,
18184,3.000e-04,2.9576,,
18185,3.000e-04,2.8854,,
18186,3.000e-04,2.9499,,
18187,3.000e-04,2.9344,,
18188,3.000e-04,2.9124,,
18189,3.000e-04,2.9029,,
18190,3.000e-04,2.8818,,
18191,3.000e-04,2.9258,,
18192,3.000e-04,2.9220,,
18193,3.000e-04,2.9649,,
18194,3.000e-04,2.9233,,
18195,3.000e-04,2.9085,,
18196,3.000e-04,2.9355,,
18197,3.000e-04,2.9266,,
18198,3.000e-04,2.9573,,
18199,3.000e-04,2.8907,,
18200,3.000e-04,2.9190,2.8584507942199706,
18201,3.000e-04,2.9193,,
18202,3.000e-04,2.9154,,
18203,3.000e-04,2.8962,,
18204,3.000e-04,2.9270,,
18205,3.000e-04,2.9142,,
18206,3.000e-04,2.8954,,
18207,3.000e-04,2.9058,,
18208,3.000e-04,2.9472,,
18209,3.000e-04,2.9451,,
18210,3.000e-04,2.8947,,
18211,3.000e-04,2.8902,,
18212,3.000e-04,2.9068,,
18213,3.000e-04,2.9247,,
18214,3.000e-04,2.8957,,
18215,3.000e-04,2.8913,,
18216,3.000e-04,2.8901,,
18217,3.000e-04,2.9333,,
18218,3.000e-04,2.9256,,
18219,3.000e-04,2.9335,,
18220,3.000e-04,2.9356,,
18221,3.000e-04,2.9492,,
18222,3.000e-04,2.9135,,
18223,3.000e-04,2.9241,,
18224,3.000e-04,2.8890,,
18225,3.000e-04,2.9509,,
18226,3.000e-04,2.8732,,
18227,3.000e-04,2.9022,,
18228,3.000e-04,2.9448,,
18229,3.000e-04,2.8894,,
18230,3.000e-04,2.9581,,
18231,3.000e-04,2.9036,,
18232,3.000e-04,2.9453,,
18233,3.000e-04,2.9586,,
18234,3.000e-04,2.9187,,
18235,3.000e-04,2.8930,,
18236,3.000e-04,2.9175,,
18237,3.000e-04,2.9348,,
18238,3.000e-04,2.8981,,
18239,3.000e-04,2.8783,,
18240,3.000e-04,2.9333,,
18241,3.000e-04,2.9475,,
18242,3.000e-04,2.9089,,
18243,3.000e-04,2.9177,,
18244,3.000e-04,2.9354,,
18245,3.000e-04,2.9291,,
18246,3.000e-04,2.9251,,
18247,3.000e-04,2.9260,,
18248,3.000e-04,2.9012,,
18249,3.000e-04,2.9140,,
18250,3.000e-04,2.8986,,
18251,3.000e-04,2.8913,,
18252,3.000e-04,2.8960,,
18253,3.000e-04,2.8969,,
18254,3.000e-04,2.9551,,
18255,3.000e-04,2.9055,,
18256,3.000e-04,2.9055,,
18257,3.000e-04,2.9147,,
18258,3.000e-04,2.9523,,
18259,3.000e-04,2.9244,,
18260,3.000e-04,2.8838,,
18261,3.000e-04,2.9300,,
18262,3.000e-04,2.8973,,
18263,3.000e-04,2.8978,,
18264,3.000e-04,2.9150,,
18265,3.000e-04,2.8952,,
18266,3.000e-04,2.8961,,
18267,3.000e-04,2.9443,,
18268,3.000e-04,2.9495,,
18269,3.000e-04,2.9422,,
18270,3.000e-04,2.8763,,
18271,3.000e-04,2.9218,,
18272,3.000e-04,2.8855,,
18273,3.000e-04,2.9432,,
18274,3.000e-04,2.9341,,
18275,3.000e-04,2.9432,,
18276,3.000e-04,2.9141,,
18277,3.000e-04,2.9173,,
18278,3.000e-04,2.9226,,
18279,3.000e-04,2.9210,,
18280,3.000e-04,2.9453,,
18281,3.000e-04,2.9285,,
18282,3.000e-04,2.9349,,
18283,3.000e-04,2.9273,,
18284,3.000e-04,2.8869,,
18285,3.000e-04,2.9087,,
18286,3.000e-04,2.8962,,
18287,3.000e-04,2.9157,,
18288,3.000e-04,2.9225,,
18289,3.000e-04,2.9033,,
18290,3.000e-04,2.9162,,
18291,3.000e-04,2.9133,,
18292,3.000e-04,2.9109,,
18293,3.000e-04,2.9368,,
18294,3.000e-04,2.9167,,
18295,3.000e-04,2.9339,,
18296,3.000e-04,2.9250,,
18297,3.000e-04,2.9039,,
18298,3.000e-04,2.9154,,
18299,3.000e-04,2.9088,,
18300,3.000e-04,2.9086,2.832455539703369,
18301,3.000e-04,2.8945,,
18302,3.000e-04,2.9528,,
18303,3.000e-04,2.9432,,
18304,3.000e-04,2.9121,,
18305,3.000e-04,2.9248,,
18306,3.000e-04,2.9022,,
18307,3.000e-04,2.9176,,
18308,3.000e-04,2.8984,,
18309,3.000e-04,2.9352,,
18310,3.000e-04,2.8950,,
18311,3.000e-04,2.8880,,
18312,3.000e-04,2.9277,,
18313,3.000e-04,2.9349,,
18314,3.000e-04,2.9368,,
18315,3.000e-04,2.9206,,
18316,3.000e-04,2.9371,,
18317,3.000e-04,2.9021,,
18318,3.000e-04,2.9140,,
18319,3.000e-04,2.9326,,
18320,3.000e-04,2.9137,,
18321,3.000e-04,2.9346,,
18322,3.000e-04,2.8767,,
18323,3.000e-04,2.9345,,
18324,3.000e-04,2.9328,,
18325,3.000e-04,2.9077,,
18326,3.000e-04,2.9171,,
18327,3.000e-04,2.8934,,
18328,3.000e-04,2.8873,,
18329,3.000e-04,2.8911,,
18330,3.000e-04,2.9300,,
18331,3.000e-04,2.9279,,
18332,3.000e-04,2.9445,,
18333,3.000e-04,2.9230,,
18334,3.000e-04,2.8980,,
18335,3.000e-04,2.8767,,
18336,3.000e-04,2.9275,,
18337,3.000e-04,2.9323,,
18338,3.000e-04,2.9408,,
18339,3.000e-04,2.8965,,
18340,3.000e-04,2.8947,,
18341,3.000e-04,2.9477,,
18342,3.000e-04,2.8958,,
18343,3.000e-04,2.9129,,
18344,3.000e-04,2.8973,,
18345,3.000e-04,2.9145,,
18346,3.000e-04,2.9068,,
18347,3.000e-04,2.8912,,
18348,3.000e-04,2.8962,,
18349,3.000e-04,2.8958,,
18350,3.000e-04,2.9160,,
18351,3.000e-04,2.9498,,
18352,3.000e-04,2.8917,,
18353,3.000e-04,2.8849,,
18354,3.000e-04,2.8764,,
18355,3.000e-04,2.9121,,
18356,3.000e-04,2.9293,,
18357,3.000e-04,2.9191,,
18358,3.000e-04,2.9281,,
18359,3.000e-04,2.8727,,
18360,3.000e-04,2.8930,,
18361,3.000e-04,2.9121,,
18362,3.000e-04,2.9497,,
18363,3.000e-04,2.9010,,
18364,3.000e-04,2.8911,,
18365,3.000e-04,2.9031,,
18366,3.000e-04,2.9392,,
18367,3.000e-04,2.9009,,
18368,3.000e-04,2.8886,,
18369,3.000e-04,2.9023,,
18370,3.000e-04,2.8974,,
18371,3.000e-04,2.8997,,
18372,3.000e-04,2.9396,,
18373,3.000e-04,2.9374,,
18374,3.000e-04,2.9091,,
18375,3.000e-04,2.8936,,
18376,3.000e-04,2.9471,,
18377,3.000e-04,2.9485,,
18378,3.000e-04,2.9535,,
18379,3.000e-04,2.9248,,
18380,3.000e-04,2.8995,,
18381,3.000e-04,2.9475,,
18382,3.000e-04,2.9104,,
18383,3.000e-04,2.9470,,
18384,3.000e-04,2.9124,,
18385,3.000e-04,2.9356,,
18386,3.000e-04,2.8789,,
18387,3.000e-04,2.8836,,
18388,3.000e-04,2.9366,,
18389,3.000e-04,2.9131,,
18390,3.000e-04,2.9310,,
18391,3.000e-04,2.9289,,
18392,3.000e-04,2.9073,,
18393,3.000e-04,2.9669,,
18394,3.000e-04,2.9056,,
18395,3.000e-04,2.9184,,
18396,3.000e-04,2.9281,,
18397,3.000e-04,2.9240,,
18398,3.000e-04,2.9113,,
18399,3.000e-04,2.8983,,
18400,3.000e-04,2.9108,2.967870771884918,
18401,3.000e-04,2.9277,,
18402,3.000e-04,2.9404,,
18403,3.000e-04,2.9188,,
18404,3.000e-04,2.9168,,
18405,3.000e-04,2.9373,,
18406,3.000e-04,2.9117,,
18407,3.000e-04,2.9015,,
18408,3.000e-04,2.9425,,
18409,3.000e-04,2.9598,,
18410,3.000e-04,2.9303,,
18411,3.000e-04,2.8965,,
18412,3.000e-04,2.9175,,
18413,3.000e-04,2.9363,,
18414,3.000e-04,2.9769,,
18415,3.000e-04,2.9020,,
18416,3.000e-04,2.9151,,
18417,3.000e-04,2.9181,,
18418,3.000e-04,2.8893,,
18419,3.000e-04,2.8889,,
18420,3.000e-04,2.9255,,
18421,3.000e-04,2.8853,,
18422,3.000e-04,2.9276,,
18423,3.000e-04,2.9162,,
18424,3.000e-04,2.9050,,
18425,3.000e-04,2.9215,,
18426,3.000e-04,2.9173,,
18427,3.000e-04,2.9132,,
18428,3.000e-04,2.8883,,
18429,3.000e-04,2.9278,,
18430,3.000e-04,2.8893,,
18431,3.000e-04,2.9047,,
18432,3.000e-04,2.9332,,
18433,3.000e-04,2.9423,,
18434,3.000e-04,2.9051,,
18435,3.000e-04,2.9301,,
18436,3.000e-04,2.8819,,
18437,3.000e-04,2.9216,,
18438,3.000e-04,2.9144,,
18439,3.000e-04,2.9466,,
18440,3.000e-04,2.9154,,
18441,3.000e-04,2.8851,,
18442,3.000e-04,2.9225,,
18443,3.000e-04,2.9219,,
18444,3.000e-04,2.9147,,
18445,3.000e-04,2.9280,,
18446,3.000e-04,2.9516,,
18447,3.000e-04,2.9638,,
18448,3.000e-04,2.9451,,
18449,3.000e-04,2.9169,,
18450,3.000e-04,2.8568,,
18451,3.000e-04,2.8818,,
18452,3.000e-04,2.9176,,
18453,3.000e-04,2.9457,,
18454,3.000e-04,2.8915,,
18455,3.000e-04,2.9381,,
18456,3.000e-04,2.8954,,
18457,3.000e-04,2.8989,,
18458,3.000e-04,2.8850,,
18459,3.000e-04,2.9191,,
18460,3.000e-04,2.9429,,
18461,3.000e-04,2.8923,,
18462,3.000e-04,2.8822,,
18463,3.000e-04,2.8844,,
18464,3.000e-04,2.9177,,
18465,3.000e-04,2.9207,,
18466,3.000e-04,2.9342,,
18467,3.000e-04,2.8881,,
18468,3.000e-04,2.9092,,
18469,3.000e-04,2.9289,,
18470,3.000e-04,2.8920,,
18471,3.000e-04,2.9055,,
18472,3.000e-04,2.9231,,
18473,3.000e-04,2.8993,,
18474,3.000e-04,2.9526,,
18475,3.000e-04,2.9184,,
18476,3.000e-04,2.9362,,
18477,3.000e-04,2.9034,,
18478,3.000e-04,2.8972,,
18479,3.000e-04,2.9484,,
18480,3.000e-04,2.8828,,
18481,3.000e-04,2.9386,,
18482,3.000e-04,2.9083,,
18483,3.000e-04,2.9124,,
18484,3.000e-04,2.9040,,
18485,3.000e-04,2.9456,,
18486,3.000e-04,2.9267,,
18487,3.000e-04,2.9370,,
18488,3.000e-04,2.9299,,
18489,3.000e-04,2.9291,,
18490,3.000e-04,2.9178,,
18491,3.000e-04,2.9591,,
18492,3.000e-04,2.9302,,
18493,3.000e-04,2.9324,,
18494,3.000e-04,2.9126,,
18495,3.000e-04,2.9370,,
18496,3.000e-04,2.9059,,
18497,3.000e-04,2.9337,,
18498,3.000e-04,2.8955,,
18499,3.000e-04,2.9319,,
18500,3.000e-04,2.8861,2.8730997025966643,
18501,3.000e-04,2.8872,,
18502,3.000e-04,2.9161,,
18503,3.000e-04,2.8839,,
18504,3.000e-04,2.9040,,
18505,3.000e-04,2.9038,,
18506,3.000e-04,2.8836,,
18507,3.000e-04,2.8993,,
18508,3.000e-04,2.8702,,
18509,3.000e-04,2.9561,,
18510,3.000e-04,2.8858,,
18511,3.000e-04,2.8924,,
18512,3.000e-04,2.8756,,
18513,3.000e-04,2.8800,,
18514,3.000e-04,2.9212,,
18515,3.000e-04,2.9038,,
18516,3.000e-04,2.9349,,
18517,3.000e-04,2.9425,,
18518,3.000e-04,2.9345,,
18519,3.000e-04,2.9314,,
18520,3.000e-04,2.9030,,
18521,3.000e-04,2.9141,,
18522,3.000e-04,2.9076,,
18523,3.000e-04,2.9256,,
18524,3.000e-04,2.9452,,
18525,3.000e-04,2.9334,,
18526,3.000e-04,2.9034,,
18527,3.000e-04,2.8695,,
18528,3.000e-04,2.9047,,
18529,3.000e-04,2.9462,,
18530,3.000e-04,2.8949,,
18531,3.000e-04,2.9351,,
18532,3.000e-04,2.9374,,
18533,3.000e-04,2.9009,,
18534,3.000e-04,2.9194,,
18535,3.000e-04,2.9035,,
18536,3.000e-04,2.9227,,
18537,3.000e-04,2.8529,,
18538,3.000e-04,2.9589,,
18539,3.000e-04,2.9032,,
18540,3.000e-04,2.8728,,
18541,3.000e-04,2.9251,,
18542,3.000e-04,2.9027,,
18543,3.000e-04,2.8813,,
18544,3.000e-04,2.8859,,
18545,3.000e-04,2.8664,,
18546,3.000e-04,2.8759,,
18547,3.000e-04,2.8998,,
18548,3.000e-04,2.9301,,
18549,3.000e-04,2.8685,,
18550,3.000e-04,2.9080,,
18551,3.000e-04,2.9088,,
18552,3.000e-04,2.9146,,
18553,3.000e-04,2.9152,,
18554,3.000e-04,2.9090,,
18555,3.000e-04,2.8808,,
18556,3.000e-04,2.8895,,
18557,3.000e-04,2.9145,,
18558,3.000e-04,2.9036,,
18559,3.000e-04,2.8940,,
18560,3.000e-04,2.9152,,
18561,3.000e-04,2.9582,,
18562,3.000e-04,2.9297,,
18563,3.000e-04,2.9024,,
18564,3.000e-04,2.8484,,
18565,3.000e-04,2.8848,,
18566,3.000e-04,2.8681,,
18567,3.000e-04,2.9042,,
18568,3.000e-04,2.9208,,
18569,3.000e-04,2.9240,,
18570,3.000e-04,2.9613,,
18571,3.000e-04,2.9614,,
18572,3.000e-04,2.8979,,
18573,3.000e-04,2.8828,,
18574,3.000e-04,2.9260,,
18575,3.000e-04,2.8984,,
18576,3.000e-04,2.8853,,
18577,3.000e-04,2.9406,,
18578,3.000e-04,2.9433,,
18579,3.000e-04,2.9104,,
18580,3.000e-04,2.9202,,
18581,3.000e-04,2.9156,,
18582,3.000e-04,2.9170,,
18583,3.000e-04,2.9114,,
18584,3.000e-04,2.8800,,
18585,3.000e-04,2.9535,,
18586,3.000e-04,2.9376,,
18587,3.000e-04,2.9046,,
18588,3.000e-04,2.9245,,
18589,3.000e-04,2.8899,,
18590,3.000e-04,2.9083,,
18591,3.000e-04,2.9332,,
18592,3.000e-04,2.8992,,
18593,3.000e-04,2.9018,,
18594,3.000e-04,2.9291,,
18595,3.000e-04,2.9091,,
18596,3.000e-04,2.9170,,
18597,3.000e-04,2.8877,,
18598,3.000e-04,2.9360,,
18599,3.000e-04,2.9239,,
18600,3.000e-04,2.9324,2.9961893200874328,
18601,3.000e-04,2.9112,,
18602,3.000e-04,2.8888,,
18603,3.000e-04,2.8869,,
18604,3.000e-04,2.9169,,
18605,3.000e-04,2.9131,,
18606,3.000e-04,2.8988,,
18607,3.000e-04,2.9122,,
18608,3.000e-04,2.9251,,
18609,3.000e-04,2.9309,,
18610,3.000e-04,2.9348,,
18611,3.000e-04,2.9086,,
18612,3.000e-04,2.9002,,
18613,3.000e-04,2.9204,,
18614,3.000e-04,2.9330,,
18615,3.000e-04,2.8638,,
18616,3.000e-04,2.8979,,
18617,3.000e-04,2.8878,,
18618,3.000e-04,2.8894,,
18619,3.000e-04,2.9495,,
18620,3.000e-04,2.9311,,
18621,3.000e-04,2.8583,,
18622,3.000e-04,2.8649,,
18623,3.000e-04,2.9100,,
18624,3.000e-04,2.9491,,
18625,3.000e-04,2.9296,,
18626,3.000e-04,2.9289,,
18627,3.000e-04,2.9122,,
18628,3.000e-04,2.9500,,
18629,3.000e-04,2.9078,,
18630,3.000e-04,2.9290,,
18631,3.000e-04,2.9523,,
18632,3.000e-04,2.9371,,
18633,3.000e-04,2.9040,,
18634,3.000e-04,2.8983,,
18635,3.000e-04,2.9252,,
18636,3.000e-04,2.8669,,
18637,3.000e-04,2.8964,,
18638,3.000e-04,2.9261,,
18639,3.000e-04,2.9261,,
18640,3.000e-04,2.9185,,
18641,3.000e-04,2.9021,,
18642,3.000e-04,2.9048,,
18643,3.000e-04,2.8959,,
18644,3.000e-04,2.9404,,
18645,3.000e-04,2.8929,,
18646,3.000e-04,2.9386,,
18647,3.000e-04,2.9500,,
18648,3.000e-04,2.9126,,
18649,3.000e-04,2.9290,,
18650,3.000e-04,2.8902,,
18651,3.000e-04,2.9055,,
18652,3.000e-04,2.9011,,
18653,3.000e-04,2.9342,,
18654,3.000e-04,2.9044,,
18655,3.000e-04,2.8945,,
18656,3.000e-04,2.9643,,
18657,3.000e-04,2.8828,,
18658,3.000e-04,2.9230,,
18659,3.000e-04,2.9176,,
18660,3.000e-04,2.9553,,
18661,3.000e-04,2.9218,,
18662,3.000e-04,2.9068,,
18663,3.000e-04,2.9653,,
18664,3.000e-04,2.9185,,
18665,3.000e-04,2.8838,,
18666,3.000e-04,2.8665,,
18667,3.000e-04,2.9186,,
18668,3.000e-04,2.9169,,
18669,3.000e-04,2.9280,,
18670,3.000e-04,2.9321,,
18671,3.000e-04,2.9486,,
18672,3.000e-04,2.9214,,
18673,3.000e-04,2.9121,,
18674,3.000e-04,2.9165,,
18675,3.000e-04,2.8838,,
18676,3.000e-04,2.8941,,
18677,3.000e-04,2.9171,,
18678,3.000e-04,2.9005,,
18679,3.000e-04,2.9176,,
18680,3.000e-04,2.8944,,
18681,3.000e-04,2.8867,,
18682,3.000e-04,2.8887,,
18683,3.000e-04,2.9077,,
18684,3.000e-04,2.8828,,
18685,3.000e-04,2.9459,,
18686,3.000e-04,2.8964,,
18687,3.000e-04,2.9319,,
18688,3.000e-04,2.9324,,
18689,3.000e-04,2.9164,,
18690,3.000e-04,2.9292,,
18691,3.000e-04,2.9025,,
18692,3.000e-04,2.9625,,
18693,3.000e-04,2.9041,,
18694,3.000e-04,2.9465,,
18695,3.000e-04,2.9057,,
18696,3.000e-04,2.9154,,
18697,3.000e-04,2.8826,,
18698,3.000e-04,2.8967,,
18699,3.000e-04,2.9012,,
18700,3.000e-04,2.9165,2.978732693195343,
18701,3.000e-04,2.8839,,
18702,3.000e-04,2.9034,,
18703,3.000e-04,2.8693,,
18704,3.000e-04,2.9143,,
18705,3.000e-04,2.9418,,
18706,3.000e-04,2.8805,,
18707,3.000e-04,2.9171,,
18708,3.000e-04,2.8958,,
18709,3.000e-04,2.9435,,
18710,3.000e-04,2.9252,,
18711,3.000e-04,2.9226,,
18712,3.000e-04,2.9248,,
18713,3.000e-04,2.9210,,
18714,3.000e-04,2.8956,,
18715,3.000e-04,2.9312,,
18716,3.000e-04,2.9295,,
18717,3.000e-04,2.8914,,
18718,3.000e-04,2.9091,,
18719,3.000e-04,2.9332,,
18720,3.000e-04,2.9307,,
18721,3.000e-04,2.8940,,
18722,3.000e-04,2.9452,,
18723,3.000e-04,2.9601,,
18724,3.000e-04,2.9328,,
18725,3.000e-04,2.9250,,
18726,3.000e-04,2.8852,,
18727,3.000e-04,2.9136,,
18728,3.000e-04,2.9172,,
18729,3.000e-04,2.9245,,
18730,3.000e-04,2.9026,,
18731,3.000e-04,2.9172,,
18732,3.000e-04,2.9755,,
18733,3.000e-04,2.9361,,
18734,3.000e-04,2.9419,,
18735,3.000e-04,2.9598,,
18736,3.000e-04,2.9312,,
18737,3.000e-04,2.8661,,
18738,3.000e-04,2.9062,,
18739,3.000e-04,2.8826,,
18740,3.000e-04,2.9248,,
18741,3.000e-04,2.9106,,
18742,3.000e-04,2.8867,,
18743,3.000e-04,2.8937,,
18744,3.000e-04,2.9388,,
18745,3.000e-04,2.9414,,
18746,3.000e-04,2.8894,,
18747,3.000e-04,2.9481,,
18748,3.000e-04,2.9370,,
18749,3.000e-04,2.9302,,
18750,3.000e-04,2.9199,,
18751,3.000e-04,2.8999,,
18752,3.000e-04,2.9348,,
18753,3.000e-04,2.9338,,
18754,3.000e-04,2.8949,,
18755,3.000e-04,2.9238,,
18756,3.000e-04,2.9362,,
18757,3.000e-04,2.9513,,
18758,3.000e-04,2.9325,,
18759,3.000e-04,2.9152,,
18760,3.000e-04,2.8879,,
18761,3.000e-04,2.9176,,
18762,3.000e-04,2.9278,,
18763,3.000e-04,2.9092,,
18764,3.000e-04,2.9103,,
18765,3.000e-04,2.8862,,
18766,3.000e-04,2.9346,,
18767,3.000e-04,2.9240,,
18768,3.000e-04,2.9475,,
18769,3.000e-04,2.9137,,
18770,3.000e-04,2.8681,,
18771,3.000e-04,2.9334,,
18772,3.000e-04,2.9506,,
18773,3.000e-04,2.8755,,
18774,3.000e-04,2.9735,,
18775,3.000e-04,2.9031,,
18776,3.000e-04,2.9384,,
18777,3.000e-04,2.8759,,
18778,3.000e-04,2.9341,,
18779,3.000e-04,2.8851,,
18780,3.000e-04,2.9168,,
18781,3.000e-04,2.9388,,
18782,3.000e-04,2.8662,,
18783,3.000e-04,2.9099,,
18784,3.000e-04,2.9579,,
18785,3.000e-04,2.8600,,
18786,3.000e-04,2.9200,,
18787,3.000e-04,2.9018,,
18788,3.000e-04,2.8541,,
18789,3.000e-04,2.9134,,
18790,3.000e-04,2.9515,,
18791,3.000e-04,2.9050,,
18792,3.000e-04,2.9574,,
18793,3.000e-04,2.9135,,
18794,3.000e-04,2.9256,,
18795,3.000e-04,2.9302,,
18796,3.000e-04,2.9005,,
18797,3.000e-04,2.9270,,
18798,3.000e-04,2.9343,,
18799,3.000e-04,2.9317,,
18800,3.000e-04,2.8718,2.936860704421997,
18801,3.000e-04,2.8865,,
18802,3.000e-04,2.9207,,
18803,3.000e-04,2.9252,,
18804,3.000e-04,2.9111,,
18805,3.000e-04,2.8855,,
18806,3.000e-04,2.8792,,
18807,3.000e-04,2.8753,,
18808,3.000e-04,2.9258,,
18809,3.000e-04,2.9513,,
18810,3.000e-04,2.9038,,
18811,3.000e-04,2.8793,,
18812,3.000e-04,2.9022,,
18813,3.000e-04,2.9267,,
18814,3.000e-04,2.9145,,
18815,3.000e-04,2.8880,,
18816,3.000e-04,2.9144,,
18817,3.000e-04,2.9486,,
18818,3.000e-04,2.8906,,
18819,3.000e-04,2.8974,,
18820,3.000e-04,2.9390,,
18821,3.000e-04,2.8832,,
18822,3.000e-04,2.9086,,
18823,3.000e-04,2.9217,,
18824,3.000e-04,2.8977,,
18825,3.000e-04,2.9004,,
18826,3.000e-04,2.9475,,
18827,3.000e-04,2.9023,,
18828,3.000e-04,2.9427,,
18829,3.000e-04,2.9215,,
18830,3.000e-04,2.9191,,
18831,3.000e-04,2.9120,,
18832,3.000e-04,2.9128,,
18833,3.000e-04,2.9436,,
18834,3.000e-04,2.8998,,
18835,3.000e-04,2.9020,,
18836,3.000e-04,2.9149,,
18837,3.000e-04,2.9245,,
18838,3.000e-04,2.9056,,
18839,3.000e-04,2.9258,,
18840,3.000e-04,2.9386,,
18841,3.000e-04,2.8549,,
18842,3.000e-04,2.9355,,
18843,3.000e-04,2.8859,,
18844,3.000e-04,2.9276,,
18845,3.000e-04,2.9176,,
18846,3.000e-04,2.9635,,
18847,3.000e-04,2.9035,,
18848,3.000e-04,2.9178,,
18849,3.000e-04,2.8997,,
18850,3.000e-04,2.8971,,
18851,3.000e-04,2.9174,,
18852,3.000e-04,2.8986,,
18853,3.000e-04,2.8808,,
18854,3.000e-04,2.8713,,
18855,3.000e-04,2.8883,,
18856,3.000e-04,2.8647,,
18857,3.000e-04,2.8855,,
18858,3.000e-04,2.9284,,
18859,3.000e-04,2.8784,,
18860,3.000e-04,2.9081,,
18861,3.000e-04,2.8724,,
18862,3.000e-04,2.9152,,
18863,3.000e-04,2.8941,,
18864,3.000e-04,2.9256,,
18865,3.000e-04,2.9021,,
18866,3.000e-04,2.8849,,
18867,3.000e-04,2.9000,,
18868,3.000e-04,2.9019,,
18869,3.000e-04,2.9095,,
18870,3.000e-04,2.9181,,
18871,3.000e-04,2.9207,,
18872,3.000e-04,2.8910,,
18873,3.000e-04,2.9214,,
18874,3.000e-04,2.9029,,
18875,3.000e-04,2.8749,,
18876,3.000e-04,2.8854,,
18877,3.000e-04,2.9375,,
18878,3.000e-04,2.9180,,
18879,3.000e-04,2.9017,,
18880,3.000e-04,2.9006,,
18881,3.000e-04,2.8665,,
18882,3.000e-04,2.9151,,
18883,3.000e-04,2.9586,,
18884,3.000e-04,2.9101,,
18885,3.000e-04,2.9213,,
18886,3.000e-04,2.8895,,
18887,3.000e-04,2.9082,,
18888,3.000e-04,2.9228,,
18889,3.000e-04,2.8947,,
18890,3.000e-04,2.8860,,
18891,3.000e-04,2.8733,,
18892,3.000e-04,2.9271,,
18893,3.000e-04,2.8975,,
18894,3.000e-04,2.9387,,
18895,3.000e-04,2.9088,,
18896,3.000e-04,2.9171,,
18897,3.000e-04,2.9386,,
18898,3.000e-04,2.9450,,
18899,3.000e-04,2.9035,,
18900,3.000e-04,2.8924,2.897814917564392,
18901,3.000e-04,2.9063,,
18902,3.000e-04,2.9047,,
18903,3.000e-04,2.9485,,
18904,3.000e-04,2.8759,,
18905,3.000e-04,2.9077,,
18906,3.000e-04,2.8684,,
18907,3.000e-04,2.9195,,
18908,3.000e-04,2.9397,,
18909,3.000e-04,2.8860,,
18910,3.000e-04,2.9414,,
18911,3.000e-04,2.9017,,
18912,3.000e-04,2.8992,,
18913,3.000e-04,2.8997,,
18914,3.000e-04,2.8960,,
18915,3.000e-04,2.9215,,
18916,3.000e-04,2.9130,,
18917,3.000e-04,2.8943,,
18918,3.000e-04,2.9292,,
18919,3.000e-04,2.8997,,
18920,3.000e-04,2.9303,,
18921,3.000e-04,2.8814,,
18922,3.000e-04,2.8712,,
18923,3.000e-04,2.9324,,
18924,3.000e-04,2.8974,,
18925,3.000e-04,2.9241,,
18926,3.000e-04,2.9246,,
18927,3.000e-04,2.8917,,
18928,3.000e-04,2.9062,,
18929,3.000e-04,2.8429,,
18930,3.000e-04,2.9029,,
18931,3.000e-04,2.8894,,
18932,3.000e-04,2.9091,,
18933,3.000e-04,2.9053,,
18934,3.000e-04,2.8618,,
18935,3.000e-04,2.9039,,
18936,3.000e-04,2.9524,,
18937,3.000e-04,2.9035,,
18938,3.000e-04,2.8810,,
18939,3.000e-04,2.9009,,
18940,3.000e-04,2.9458,,
18941,3.000e-04,2.9275,,
18942,3.000e-04,2.9144,,
18943,3.000e-04,2.8999,,
18944,3.000e-04,2.9452,,
18945,3.000e-04,2.8791,,
18946,3.000e-04,2.9378,,
18947,3.000e-04,2.9368,,
18948,3.000e-04,2.9273,,
18949,3.000e-04,2.9032,,
18950,3.000e-04,2.9069,,
18951,3.000e-04,2.9127,,
18952,3.000e-04,2.9235,,
18953,3.000e-04,2.9179,,
18954,3.000e-04,2.8852,,
18955,3.000e-04,2.9267,,
18956,3.000e-04,2.8793,,
18957,3.000e-04,2.9033,,
18958,3.000e-04,2.8821,,
18959,3.000e-04,2.9064,,
18960,3.000e-04,2.8870,,
18961,3.000e-04,2.9021,,
18962,3.000e-04,2.9176,,
18963,3.000e-04,2.9225,,
18964,3.000e-04,2.9185,,
18965,3.000e-04,2.9318,,
18966,3.000e-04,2.9082,,
18967,3.000e-04,2.8641,,
18968,3.000e-04,2.9024,,
18969,3.000e-04,2.8640,,
18970,3.000e-04,2.9084,,
18971,3.000e-04,2.8909,,
18972,3.000e-04,2.9181,,
18973,3.000e-04,2.9008,,
18974,3.000e-04,2.8967,,
18975,3.000e-04,2.8993,,
18976,3.000e-04,2.8954,,
18977,3.000e-04,2.9116,,
18978,3.000e-04,2.9108,,
18979,3.000e-04,2.9186,,
18980,3.000e-04,2.8838,,
18981,3.000e-04,2.9165,,
18982,3.000e-04,2.9115,,
18983,3.000e-04,2.8870,,
18984,3.000e-04,2.8732,,
18985,3.000e-04,2.9152,,
18986,3.000e-04,2.8952,,
18987,3.000e-04,2.9305,,
18988,3.000e-04,2.9255,,
18989,3.000e-04,2.9017,,
18990,3.000e-04,2.9524,,
18991,3.000e-04,2.8886,,
18992,3.000e-04,2.9244,,
18993,3.000e-04,2.9239,,
18994,3.000e-04,2.8934,,
18995,3.000e-04,2.8801,,
18996,3.000e-04,2.9231,,
18997,3.000e-04,2.9070,,
18998,3.000e-04,2.9087,,
18999,3.000e-04,2.9193,,
19000,3.000e-04,2.9312,2.8556737899780273,
19001,3.000e-04,2.9123,,
19002,3.000e-04,2.9667,,
19003,3.000e-04,2.9218,,
19004,3.000e-04,2.9411,,
19005,3.000e-04,2.9204,,
19006,3.000e-04,2.9338,,
19007,3.000e-04,2.8992,,
19008,3.000e-04,2.9135,,
19009,3.000e-04,2.9055,,
19010,3.000e-04,2.9382,,
19011,3.000e-04,2.9105,,
19012,3.000e-04,2.9359,,
19013,3.000e-04,2.9455,,
19014,3.000e-04,2.9559,,
19015,3.000e-04,2.9321,,
19016,3.000e-04,2.8817,,
19017,3.000e-04,2.9072,,
19018,3.000e-04,2.8803,,
19019,3.000e-04,2.9015,,
19020,3.000e-04,2.9085,,
19021,3.000e-04,2.9112,,
19022,3.000e-04,2.8631,,
19023,3.000e-04,2.9092,,
19024,3.000e-04,2.9128,,
19025,3.000e-04,2.9263,,
19026,3.000e-04,2.8774,,
19027,3.000e-04,2.8728,,
19028,3.000e-04,2.8993,,
19029,3.000e-04,2.8774,,
19030,3.000e-04,2.8941,,
19031,3.000e-04,2.8787,,
19032,3.000e-04,2.9493,,
19033,3.000e-04,2.9139,,
19034,3.000e-04,2.8768,,
19035,3.000e-04,2.8685,,
19036,3.000e-04,2.9018,,
19037,3.000e-04,2.8631,,
19038,3.000e-04,2.9373,,
19039,3.000e-04,2.9519,,
19040,3.000e-04,2.8902,,
19041,3.000e-04,2.9296,,
19042,3.000e-04,2.9015,,
19043,3.000e-04,2.9012,,
19044,3.000e-04,2.9349,,
19045,3.000e-04,2.9113,,
19046,3.000e-04,2.8811,,
19047,3.000e-04,2.9462,,
19048,3.000e-04,2.9043,,
19049,3.000e-04,2.8829,,
19050,3.000e-04,2.9353,,
19051,3.000e-04,2.9050,,
19052,3.000e-04,2.9305,,
19053,3.000e-04,2.9134,,
19054,3.000e-04,2.9087,,
19055,3.000e-04,2.9159,,
19056,3.000e-04,2.9006,,
19057,3.000e-04,2.8876,,
19058,3.000e-04,2.8824,,
19059,3.000e-04,2.8783,,
19060,3.000e-04,2.8732,,
19061,3.000e-04,2.8962,,
19062,3.000e-04,2.9004,,
19063,3.000e-04,2.9551,,
19064,3.000e-04,2.9137,,
19065,3.000e-04,2.9019,,
19066,3.000e-04,2.8855,,
19067,3.000e-04,2.8983,,
19068,3.000e-04,2.8974,,
19069,3.000e-04,2.9037,,
19070,3.000e-04,2.9022,,
19071,3.000e-04,2.9228,,
19072,3.000e-04,2.9263,,
19073,3.000e-04,2.9164,,
19074,3.000e-04,2.9050,,
19075,3.000e-04,2.8908,,
19076,3.000e-04,2.8935,,
19077,3.000e-04,2.9234,,
19078,3.000e-04,2.9067,,
19079,3.000e-04,2.9037,,
19080,3.000e-04,2.9047,,
19081,3.000e-04,2.9176,,
19082,3.000e-04,2.9190,,
19083,3.000e-04,2.9433,,
19084,3.000e-04,2.9132,,
19085,3.000e-04,2.9015,,
19086,3.000e-04,2.8512,,
19087,3.000e-04,2.9161,,
19088,3.000e-04,2.9127,,
19089,3.000e-04,2.8963,,
19090,3.000e-04,2.9206,,
19091,3.000e-04,2.8674,,
19092,3.000e-04,2.9396,,
19093,3.000e-04,2.9053,,
19094,3.000e-04,2.9096,,
19095,3.000e-04,2.9179,,
19096,3.000e-04,2.8951,,
19097,3.000e-04,2.9160,,
19098,3.000e-04,2.8937,,
19099,3.000e-04,2.8719,,
19100,3.000e-04,2.9099,2.998498487472534,
19101,3.000e-04,2.8978,,
19102,3.000e-04,2.8998,,
19103,3.000e-04,2.9068,,
19104,3.000e-04,2.9037,,
19105,3.000e-04,2.8733,,
19106,3.000e-04,2.9259,,
19107,3.000e-04,2.9406,,
19108,3.000e-04,2.9011,,
19109,3.000e-04,2.9083,,
19110,3.000e-04,2.8954,,
19111,3.000e-04,2.9041,,
19112,3.000e-04,2.9138,,
19113,3.000e-04,2.9330,,
19114,3.000e-04,2.8705,,
19115,3.000e-04,2.8966,,
19116,3.000e-04,2.9203,,
19117,3.000e-04,2.8803,,
19118,3.000e-04,2.8689,,
19119,3.000e-04,2.9268,,
19120,3.000e-04,2.9293,,
19121,3.000e-04,2.8828,,
19122,3.000e-04,2.9065,,
19123,3.000e-04,2.9280,,
19124,3.000e-04,2.8753,,
19125,3.000e-04,2.9098,,
19126,3.000e-04,2.9056,,
19127,3.000e-04,2.9302,,
19128,3.000e-04,2.8761,,
19129,3.000e-04,2.8889,,
19130,3.000e-04,2.9401,,
19131,3.000e-04,2.9240,,
19132,3.000e-04,2.9199,,
19133,3.000e-04,2.9572,,
19134,3.000e-04,2.8991,,
19135,3.000e-04,2.9002,,
19136,3.000e-04,2.9062,,
19137,3.000e-04,2.9183,,
19138,3.000e-04,2.8959,,
19139,3.000e-04,2.9142,,
19140,3.000e-04,2.8972,,
19141,3.000e-04,2.8979,,
19142,3.000e-04,2.9047,,
19143,3.000e-04,2.9303,,
19144,3.000e-04,2.8883,,
19145,3.000e-04,2.8639,,
19146,3.000e-04,2.9206,,
19147,3.000e-04,2.9430,,
19148,3.000e-04,2.9035,,
19149,3.000e-04,2.8687,,
19150,3.000e-04,2.8824,,
19151,3.000e-04,2.9108,,
19152,3.000e-04,2.8706,,
19153,3.000e-04,2.8647,,
19154,3.000e-04,2.9079,,
19155,3.000e-04,2.8909,,
19156,3.000e-04,2.9454,,
19157,3.000e-04,2.8856,,
19158,3.000e-04,2.8873,,
19159,3.000e-04,2.9565,,
19160,3.000e-04,2.9126,,
19161,3.000e-04,2.9098,,
19162,3.000e-04,2.8722,,
19163,3.000e-04,2.9229,,
19164,3.000e-04,2.9062,,
19165,3.000e-04,2.8964,,
19166,3.000e-04,2.8985,,
19167,3.000e-04,2.8971,,
19168,3.000e-04,2.9303,,
19169,3.000e-04,2.8584,,
19170,3.000e-04,2.9479,,
19171,3.000e-04,2.8929,,
19172,3.000e-04,2.8872,,
19173,3.000e-04,2.9339,,
19174,3.000e-04,2.9241,,
19175,3.000e-04,2.9243,,
19176,3.000e-04,2.9824,,
19177,3.000e-04,2.8976,,
19178,3.000e-04,2.9193,,
19179,3.000e-04,2.8739,,
19180,3.000e-04,2.9331,,
19181,3.000e-04,2.8979,,
19182,3.000e-04,2.8610,,
19183,3.000e-04,2.8956,,
19184,3.000e-04,2.8911,,
19185,3.000e-04,2.9005,,
19186,3.000e-04,2.8914,,
19187,3.000e-04,2.8973,,
19188,3.000e-04,2.9329,,
19189,3.000e-04,2.8836,,
19190,3.000e-04,2.9483,,
19191,3.000e-04,2.8503,,
19192,3.000e-04,2.9224,,
19193,3.000e-04,2.8607,,
19194,3.000e-04,2.9049,,
19195,3.000e-04,2.9127,,
19196,3.000e-04,2.9558,,
19197,3.000e-04,2.8930,,
19198,3.000e-04,2.9210,,
19199,3.000e-04,2.8873,,
19200,3.000e-04,2.6144,2.9422364592552186,
